$MeshFormat
2.2 0 8
$EndMeshFormat
$Nodes
         216
        1   -0.005000000    0.000000000   -0.000500000
        2   -0.005000000    0.000000000   -0.000250000
        3   -0.005000000    0.000000000    0.000000000
        4   -0.005000000    0.012500000   -0.000500000
        5   -0.005000000    0.012500000   -0.000250000
        6   -0.005000000    0.012500000    0.000000000
        7   -0.005000000    0.025000000   -0.000500000
        8   -0.005000000    0.025000000   -0.000250000
        9   -0.005000000    0.025000000    0.000000000
       10    0.000000000    0.000000000   -0.000500000
       11    0.000000000    0.000000000   -0.000250000
       12    0.000000000    0.000000000    0.000000000
       13    0.000000000    0.012500000   -0.000500000
       14    0.000000000    0.012500000   -0.000250000
       15    0.000000000    0.012500000    0.000000000
       16    0.000000000    0.025000000   -0.000500000
       17    0.000000000    0.025000000   -0.000250000
       18    0.000000000    0.025000000    0.000000000
       19    0.005000000    0.000000000   -0.000500000
       20    0.005000000    0.000000000   -0.000250000
       21    0.005000000    0.000000000    0.000000000
       22    0.005000000    0.012500000   -0.000500000
       23    0.005000000    0.012500000   -0.000250000
       24    0.005000000    0.012500000    0.000000000
       25    0.005000000    0.025000000   -0.000500000
       26    0.005000000    0.025000000   -0.000250000
       27    0.005000000    0.025000000    0.000000000
       28   -0.005000000    0.000000000    0.000000000
       29   -0.005000000    0.000000000    0.000250000
       30   -0.005000000    0.000000000    0.000500000
       31   -0.005000000    0.012500000    0.000000000
       32   -0.005000000    0.012500000    0.000250000
       33   -0.005000000    0.012500000    0.000500000
       34   -0.005000000    0.025000000    0.000000000
       35   -0.005000000    0.025000000    0.000250000
       36   -0.005000000    0.025000000    0.000500000
       37    0.000000000    0.000000000    0.000000000
       38    0.000000000    0.000000000    0.000250000
       39    0.000000000    0.000000000    0.000500000
       40    0.000000000    0.012500000    0.000000000
       41    0.000000000    0.012500000    0.000250000
       42    0.000000000    0.012500000    0.000500000
       43    0.000000000    0.025000000    0.000000000
       44    0.000000000    0.025000000    0.000250000
       45    0.000000000    0.025000000    0.000500000
       46    0.005000000    0.000000000    0.000000000
       47    0.005000000    0.000000000    0.000250000
       48    0.005000000    0.000000000    0.000500000
       49    0.005000000    0.012500000    0.000000000
       50    0.005000000    0.012500000    0.000250000
       51    0.005000000    0.012500000    0.000500000
       52    0.005000000    0.025000000    0.000000000
       53    0.005000000    0.025000000    0.000250000
       54    0.005000000    0.025000000    0.000500000
       55   -0.005000000    0.025000000   -0.000500000
       56   -0.005000000    0.025000000   -0.000250000
       57   -0.005000000    0.025000000    0.000000000
       58   -0.005000000    0.037500000   -0.000500000
       59   -0.005000000    0.037500000   -0.000250000
       60   -0.005000000    0.037500000    0.000000000
       61   -0.005000000    0.050000000   -0.000500000
       62   -0.005000000    0.050000000   -0.000250000
       63   -0.005000000    0.050000000    0.000000000
       64    0.000000000    0.025000000   -0.000500000
       65    0.000000000    0.025000000   -0.000250000
       66    0.000000000    0.025000000    0.000000000
       67    0.000000000    0.037500000   -0.000500000
       68    0.000000000    0.037500000   -0.000250000
       69    0.000000000    0.037500000    0.000000000
       70    0.000000000    0.050000000   -0.000500000
       71    0.000000000    0.050000000   -0.000250000
       72    0.000000000    0.050000000    0.000000000
       73    0.005000000    0.025000000   -0.000500000
       74    0.005000000    0.025000000   -0.000250000
       75    0.005000000    0.025000000    0.000000000
       76    0.005000000    0.037500000   -0.000500000
       77    0.005000000    0.037500000   -0.000250000
       78    0.005000000    0.037500000    0.000000000
       79    0.005000000    0.050000000   -0.000500000
       80    0.005000000    0.050000000   -0.000250000
       81    0.005000000    0.050000000    0.000000000
       82   -0.005000000    0.025000000    0.000000000
       83   -0.005000000    0.025000000    0.000250000
       84   -0.005000000    0.025000000    0.000500000
       85   -0.005000000    0.037500000    0.000000000
       86   -0.005000000    0.037500000    0.000250000
       87   -0.005000000    0.037500000    0.000500000
       88   -0.005000000    0.050000000    0.000000000
       89   -0.005000000    0.050000000    0.000250000
       90   -0.005000000    0.050000000    0.000500000
       91    0.000000000    0.025000000    0.000000000
       92    0.000000000    0.025000000    0.000250000
       93    0.000000000    0.025000000    0.000500000
       94    0.000000000    0.037500000    0.000000000
       95    0.000000000    0.037500000    0.000250000
       96    0.000000000    0.037500000    0.000500000
       97    0.000000000    0.050000000    0.000000000
       98    0.000000000    0.050000000    0.000250000
       99    0.000000000    0.050000000    0.000500000
      100    0.005000000    0.025000000    0.000000000
      101    0.005000000    0.025000000    0.000250000
      102    0.005000000    0.025000000    0.000500000
      103    0.005000000    0.037500000    0.000000000
      104    0.005000000    0.037500000    0.000250000
      105    0.005000000    0.037500000    0.000500000
      106    0.005000000    0.050000000    0.000000000
      107    0.005000000    0.050000000    0.000250000
      108    0.005000000    0.050000000    0.000500000
      109   -0.005000000    0.050000000   -0.000500000
      110   -0.005000000    0.050000000   -0.000250000
      111   -0.005000000    0.050000000    0.000000000
      112   -0.005000000    0.062500000   -0.000500000
      113   -0.005000000    0.062500000   -0.000250000
      114   -0.005000000    0.062500000    0.000000000
      115   -0.005000000    0.075000000   -0.000500000
      116   -0.005000000    0.075000000   -0.000250000
      117   -0.005000000    0.075000000    0.000000000
      118    0.000000000    0.050000000   -0.000500000
      119    0.000000000    0.050000000   -0.000250000
      120    0.000000000    0.050000000    0.000000000
      121    0.000000000    0.062500000   -0.000500000
      122    0.000000000    0.062500000   -0.000250000
      123    0.000000000    0.062500000    0.000000000
      124    0.000000000    0.075000000   -0.000500000
      125    0.000000000    0.075000000   -0.000250000
      126    0.000000000    0.075000000    0.000000000
      127    0.005000000    0.050000000   -0.000500000
      128    0.005000000    0.050000000   -0.000250000
      129    0.005000000    0.050000000    0.000000000
      130    0.005000000    0.062500000   -0.000500000
      131    0.005000000    0.062500000   -0.000250000
      132    0.005000000    0.062500000    0.000000000
      133    0.005000000    0.075000000   -0.000500000
      134    0.005000000    0.075000000   -0.000250000
      135    0.005000000    0.075000000    0.000000000
      136   -0.005000000    0.050000000    0.000000000
      137   -0.005000000    0.050000000    0.000250000
      138   -0.005000000    0.050000000    0.000500000
      139   -0.005000000    0.062500000    0.000000000
      140   -0.005000000    0.062500000    0.000250000
      141   -0.005000000    0.062500000    0.000500000
      142   -0.005000000    0.075000000    0.000000000
      143   -0.005000000    0.075000000    0.000250000
      144   -0.005000000    0.075000000    0.000500000
      145    0.000000000    0.050000000    0.000000000
      146    0.000000000    0.050000000    0.000250000
      147    0.000000000    0.050000000    0.000500000
      148    0.000000000    0.062500000    0.000000000
      149    0.000000000    0.062500000    0.000250000
      150    0.000000000    0.062500000    0.000500000
      151    0.000000000    0.075000000    0.000000000
      152    0.000000000    0.075000000    0.000250000
      153    0.000000000    0.075000000    0.000500000
      154    0.005000000    0.050000000    0.000000000
      155    0.005000000    0.050000000    0.000250000
      156    0.005000000    0.050000000    0.000500000
      157    0.005000000    0.062500000    0.000000000
      158    0.005000000    0.062500000    0.000250000
      159    0.005000000    0.062500000    0.000500000
      160    0.005000000    0.075000000    0.000000000
      161    0.005000000    0.075000000    0.000250000
      162    0.005000000    0.075000000    0.000500000
      163   -0.005000000    0.075000000   -0.000500000
      164   -0.005000000    0.075000000   -0.000250000
      165   -0.005000000    0.075000000    0.000000000
      166   -0.005000000    0.087500000   -0.000500000
      167   -0.005000000    0.087500000   -0.000250000
      168   -0.005000000    0.087500000    0.000000000
      169   -0.005000000    0.100000000   -0.000500000
      170   -0.005000000    0.100000000   -0.000250000
      171   -0.005000000    0.100000000    0.000000000
      172    0.000000000    0.075000000   -0.000500000
      173    0.000000000    0.075000000   -0.000250000
      174    0.000000000    0.075000000    0.000000000
      175    0.000000000    0.087500000   -0.000500000
      176    0.000000000    0.087500000   -0.000250000
      177    0.000000000    0.087500000    0.000000000
      178    0.000000000    0.100000000   -0.000500000
      179    0.000000000    0.100000000   -0.000250000
      180    0.000000000    0.100000000    0.000000000
      181    0.005000000    0.075000000   -0.000500000
      182    0.005000000    0.075000000   -0.000250000
      183    0.005000000    0.075000000    0.000000000
      184    0.005000000    0.087500000   -0.000500000
      185    0.005000000    0.087500000   -0.000250000
      186    0.005000000    0.087500000    0.000000000
      187    0.005000000    0.100000000   -0.000500000
      188    0.005000000    0.100000000   -0.000250000
      189    0.005000000    0.100000000    0.000000000
      190   -0.005000000    0.075000000    0.000000000
      191   -0.005000000    0.075000000    0.000250000
      192   -0.005000000    0.075000000    0.000500000
      193   -0.005000000    0.087500000    0.000000000
      194   -0.005000000    0.087500000    0.000250000
      195   -0.005000000    0.087500000    0.000500000
      196   -0.005000000    0.100000000    0.000000000
      197   -0.005000000    0.100000000    0.000250000
      198   -0.005000000    0.100000000    0.000500000
      199    0.000000000    0.075000000    0.000000000
      200    0.000000000    0.075000000    0.000250000
      201    0.000000000    0.075000000    0.000500000
      202    0.000000000    0.087500000    0.000000000
      203    0.000000000    0.087500000    0.000250000
      204    0.000000000    0.087500000    0.000500000
      205    0.000000000    0.100000000    0.000000000
      206    0.000000000    0.100000000    0.000250000
      207    0.000000000    0.100000000    0.000500000
      208    0.005000000    0.075000000    0.000000000
      209    0.005000000    0.075000000    0.000250000
      210    0.005000000    0.075000000    0.000500000
      211    0.005000000    0.087500000    0.000000000
      212    0.005000000    0.087500000    0.000250000
      213    0.005000000    0.087500000    0.000500000
      214    0.005000000    0.100000000    0.000000000
      215    0.005000000    0.100000000    0.000250000
      216    0.005000000    0.100000000    0.000500000
$EndNodes
$Elements
           8
        1       12        0        1        7        9        3       19       25       27       21        4        2       10        8       16        6       18       12       22       20       26       24        5       13       11       17       15       23       14
        2       12        0       28       34       36       30       46       52       54       48       31       29       37       35       43       33       45       39       49       47       53       51       32       40       38       44       42       50       41
        3       12        0       55       61       63       57       73       79       81       75       58       56       64       62       70       60       72       66       76       74       80       78       59       67       65       71       69       77       68
        4       12        0       82       88       90       84      100      106      108      102       85       83       91       89       97       87       99       93      103      101      107      105       86       94       92       98       96      104       95
        5       12        0      109      115      117      111      127      133      135      129      112      110      118      116      124      114      126      120      130      128      134      132      113      121      119      125      123      131      122
        6       12        0      136      142      144      138      154      160      162      156      139      137      145      143      151      141      153      147      157      155      161      159      140      148      146      152      150      158      149
        7       12        0      163      169      171      165      181      187      189      183      166      164      172      170      178      168      180      174      184      182      188      186      167      175      173      179      177      185      176
        8       12        0      190      196      198      192      208      214      216      210      193      191      199      197      205      195      207      201      211      209      215      213      194      202      200      206      204      212      203
$EndElements
$NodeData
 1
"[  1]_F  77.15"
 1
 0.0
 3
 0
 3
         216
        1        4.482851463E-025        3.321868193E-024        1.447896151E-023
        2        2.667524139E-025        1.972167014E-024        2.530924212E-023
        3       -1.419590013E-025       -1.056918262E-024        1.445551190E-023
        4        1.714834600E-004        1.450697780E-003        2.319790502E-002
        5        5.841030137E-005        4.934615997E-004        2.319100793E-002
        6       -5.473570911E-005       -4.634794438E-004        2.319090867E-002
        7        1.201015244E-004        2.700616905E-003        9.343137393E-002
        8        4.113089886E-005        9.213240544E-004        9.342626098E-002
        9       -3.813757488E-005       -8.606262830E-004        9.342618648E-002
       10        3.827965065E-034        3.434871531E-024        1.482075093E-023
       11        5.361448158E-034        2.033949667E-024        2.591290709E-023
       12        2.903480801E-034       -1.097021802E-024        1.479697272E-023
       13        1.817205615E-013        1.455398861E-003        2.432780750E-002
       14        1.573438723E-013        4.953216926E-004        2.432125986E-002
       15        1.329378603E-013       -4.648123374E-004        2.432115455E-002
       16        6.875342534E-013        2.741897020E-003        9.421763341E-002
       17        6.217248593E-013        9.316889801E-004        9.421198634E-002
       18        5.556742434E-013       -8.764056395E-004        9.421190349E-002
       19       -4.482851455E-025        3.321868193E-024        1.447896151E-023
       20       -2.667524127E-025        1.972167013E-024        2.530924212E-023
       21        1.419590018E-025       -1.056918263E-024        1.445551190E-023
       22       -1.714834596E-004        1.450697780E-003        2.319790502E-002
       23       -5.841030104E-005        4.934615994E-004        2.319100793E-002
       24        5.473570939E-005       -4.634794440E-004        2.319090867E-002
       25       -1.201015230E-004        2.700616905E-003        9.343137393E-002
       26       -4.113089761E-005        9.213240539E-004        9.342626098E-002
       27        3.813757600E-005       -8.606262834E-004        9.342618648E-002
       28       -1.419590013E-025       -1.056918262E-024        1.445551190E-023
       29       -7.641838017E-025       -5.649297682E-024        2.521517987E-023
       30       -7.355986918E-025       -5.431066585E-024        1.443233814E-023
       31       -5.473570911E-005       -4.634794438E-004        2.319090867E-002
       32       -1.680226175E-004       -1.419532739E-003        2.319758833E-002
       33       -2.810992897E-004       -2.376436021E-003        2.321104464E-002
       34       -3.813757488E-005       -8.606262830E-004        9.342618648E-002
       35       -1.183443061E-004       -2.650369693E-003        9.343109171E-002
       36       -1.977003665E-004       -4.432462166E-003        9.344102250E-002
       37        2.903480801E-034       -1.097021802E-024        1.479697272E-023
       38        4.307734816E-034       -5.826435463E-024        2.581624554E-023
       39        2.026027392E-034       -5.599987074E-024        1.477263455E-023
       40        1.329378603E-013       -4.648123374E-004        2.432115455E-002
       41        1.085269101E-013       -1.424893712E-003        2.432749747E-002
       42        8.404513355E-014       -2.384811096E-003        2.434028937E-002
       43        5.556742434E-013       -8.764056395E-004        9.421190349E-002
       44        4.889252037E-013       -2.680194827E-003        9.421739167E-002
       45        4.227241837E-013       -4.490066331E-003        9.422842352E-002
       46        1.419590018E-025       -1.056918263E-024        1.445551190E-023
       47        7.641838026E-025       -5.649297683E-024        2.521517987E-023
       48        7.355986922E-025       -5.431066585E-024        1.443233814E-023
       49        5.473570939E-005       -4.634794440E-004        2.319090867E-002
       50        1.680226177E-004       -1.419532739E-003        2.319758833E-002
       51        2.810992899E-004       -2.376436022E-003        2.321104464E-002
       52        3.813757600E-005       -8.606262834E-004        9.342618648E-002
       53        1.183443071E-004       -2.650369693E-003        9.343109171E-002
       54        1.977003674E-004       -4.432462166E-003        9.344102251E-002
       55        1.201015244E-004        2.700616905E-003        9.343137393E-002
       56        4.113089886E-005        9.213240544E-004        9.342626098E-002
       57       -3.813757488E-005       -8.606262830E-004        9.342618648E-002
       58        1.026644853E-004        3.717918687E-003        2.005171941E-001
       59        3.491296802E-005        1.265151523E-003        2.005138910E-001
       60       -3.280763278E-005       -1.187450415E-003        2.005138368E-001
       61        7.551612316E-005        4.437121842E-003        3.354651694E-001
       62        2.560251654E-005        1.507418433E-003        3.354627682E-001
       63       -2.420284202E-005       -1.418999757E-003        3.354627408E-001
       64        6.875342534E-013        2.741897020E-003        9.421763341E-002
       65        6.217248593E-013        9.316889801E-004        9.421198634E-002
       66        5.556742434E-013       -8.764056395E-004        9.421190349E-002
       67        1.681399565E-012        3.708725485E-003        2.011950663E-001
       68        1.429480001E-012        1.262141013E-003        2.011918056E-001
       69        1.177317851E-012       -1.184396279E-003        2.011917547E-001
       70        3.416114572E-012        4.411152102E-003        3.359655653E-001
       71        2.651243575E-012        1.502676428E-003        3.359635047E-001
       72        1.886023483E-012       -1.408011680E-003        3.359634641E-001
       73       -1.201015230E-004        2.700616905E-003        9.343137393E-002
       74       -4.113089761E-005        9.213240539E-004        9.342626098E-002
       75        3.813757600E-005       -8.606262834E-004        9.342618648E-002
       76       -1.026644819E-004        3.717918687E-003        2.005171941E-001
       77       -3.491296515E-005        1.265151523E-003        2.005138910E-001
       78        3.280763514E-005       -1.187450415E-003        2.005138368E-001
       79       -7.551611632E-005        4.437121842E-003        3.354651694E-001
       80       -2.560251123E-005        1.507418432E-003        3.354627682E-001
       81        2.420284580E-005       -1.418999758E-003        3.354627408E-001
       82       -3.813757488E-005       -8.606262830E-004        9.342618648E-002
       83       -1.183443061E-004       -2.650369693E-003        9.343109171E-002
       84       -1.977003665E-004       -4.432462166E-003        9.344102250E-002
       85       -3.280763278E-005       -1.187450415E-003        2.005138368E-001
       86       -1.004329536E-004       -3.639466508E-003        2.005170402E-001
       87       -1.681469059E-004       -6.091956933E-003        2.005234987E-001
       88       -2.420284202E-005       -1.418999757E-003        3.354627408E-001
       89       -7.364220907E-005       -4.336370468E-003        3.354650919E-001
       90       -1.233884656E-004       -7.263206003E-003        3.354697901E-001
       91        5.556742434E-013       -8.764056395E-004        9.421190349E-002
       92        4.889252037E-013       -2.680194827E-003        9.421739167E-002
       93        4.227241837E-013       -4.490066331E-003        9.422842352E-002
       94        1.177317851E-012       -1.184396279E-003        2.011917547E-001
       95        9.244166519E-013       -3.630804923E-003        2.011949117E-001
       96        6.720963676E-013       -6.077349703E-003        2.012012791E-001
       97        1.886023483E-012       -1.408011680E-003        3.359634641E-001
       98        1.119742875E-012       -4.322765769E-003        3.359654519E-001
       99        3.543437862E-013       -7.231149256E-003        3.359694810E-001
      100        3.813757600E-005       -8.606262834E-004        9.342618648E-002
      101        1.183443071E-004       -2.650369693E-003        9.343109171E-002
      102        1.977003674E-004       -4.432462166E-003        9.344102251E-002
      103        3.280763514E-005       -1.187450415E-003        2.005138368E-001
      104        1.004329554E-004       -3.639466509E-003        2.005170402E-001
      105        1.681469072E-004       -6.091956935E-003        2.005234987E-001
      106        2.420284580E-005       -1.418999758E-003        3.354627408E-001
      107        7.364221132E-005       -4.336370470E-003        3.354650919E-001
      108        1.233884664E-004       -7.263206006E-003        3.354697901E-001
      109        7.551612316E-005        4.437121842E-003        3.354651694E-001
      110        2.560251654E-005        1.507418433E-003        3.354627682E-001
      111       -2.420284202E-005       -1.418999757E-003        3.354627408E-001
      112        4.184702567E-005        4.883961875E-003        4.896422668E-001
      113        1.425000335E-005        1.662030229E-003        4.896408739E-001
      114       -1.335647350E-005       -1.559759327E-003        4.896408535E-001
      115        1.893783082E-005        5.130516397E-003        6.554700349E-001
      116        6.473518889E-006        1.748393428E-003        6.554694483E-001
      117       -6.021011925E-006       -1.636725293E-003        6.554694128E-001
      118        3.416114572E-012        4.411152102E-003        3.359655653E-001
      119        2.651243575E-012        1.502676428E-003        3.359635047E-001
      120        1.886023483E-012       -1.408011680E-003        3.359634641E-001
      121        5.207735864E-012        4.880312216E-003        4.899181252E-001
      122        4.008510570E-012        1.660869512E-003        4.899166941E-001
      123        2.809728472E-012       -1.558544100E-003        4.899166709E-001
      124        6.670018293E-012        5.138460362E-003        6.555943390E-001
      125        5.314555320E-012        1.747303508E-003        6.555935903E-001
      126        3.957758884E-012       -1.641608176E-003        6.555935925E-001
      127       -7.551611632E-005        4.437121842E-003        3.354651694E-001
      128       -2.560251123E-005        1.507418432E-003        3.354627682E-001
      129        2.420284580E-005       -1.418999758E-003        3.354627408E-001
      130       -4.184701524E-005        4.883961874E-003        4.896422668E-001
      131       -1.424999532E-005        1.662030228E-003        4.896408739E-001
      132        1.335647913E-005       -1.559759328E-003        4.896408535E-001
      133       -1.893781749E-005        5.130516397E-003        6.554700350E-001
      134       -6.473508267E-006        1.748393428E-003        6.554694483E-001
      135        6.021019842E-006       -1.636725295E-003        6.554694128E-001
      136       -2.420284202E-005       -1.418999757E-003        3.354627408E-001
      137       -7.364220907E-005       -4.336370468E-003        3.354650919E-001
      138       -1.233884656E-004       -7.263206003E-003        3.354697901E-001
      139       -1.335647350E-005       -1.559759327E-003        4.896408535E-001
      140       -4.099690952E-005       -4.781166863E-003        4.896421985E-001
      141       -6.861052211E-005       -8.002983720E-003        4.896449131E-001
      142       -6.021011925E-006       -1.636725293E-003        6.554694128E-001
      143       -1.862649045E-005       -5.029626129E-003        6.554699856E-001
      144       -3.114726419E-005       -8.413889937E-003        6.554711705E-001
      145        1.886023483E-012       -1.408011680E-003        3.359634641E-001
      146        1.119742875E-012       -4.322765769E-003        3.359654519E-001
      147        3.543437862E-013       -7.231149256E-003        3.359694810E-001
      148        2.809728472E-012       -1.558544100E-003        4.899166709E-001
      149        1.612377413E-012       -4.777825303E-003        4.899180592E-001
      150        4.137386538E-013       -7.997189946E-003        4.899208560E-001
      151        3.957758884E-012       -1.641608176E-003        6.555935925E-001
      152        2.596645975E-012       -5.026453370E-003        6.555943099E-001
      153        1.239374219E-012       -8.417765452E-003        6.555957526E-001
      154        2.420284580E-005       -1.418999758E-003        3.354627408E-001
      155        7.364221132E-005       -4.336370470E-003        3.354650919E-001
      156        1.233884664E-004       -7.263206006E-003        3.354697901E-001
      157        1.335647913E-005       -1.559759328E-003        4.896408535E-001
      158        4.099691275E-005       -4.781166864E-003        4.896421985E-001
      159        6.861052293E-005       -8.002983721E-003        4.896449132E-001
      160        6.021019842E-006       -1.636725295E-003        6.554694128E-001
      161        1.862649566E-005       -5.029626131E-003        6.554699856E-001
      162        3.114726670E-005       -8.413889939E-003        6.554711706E-001
      163        1.893783082E-005        5.130516397E-003        6.554700349E-001
      164        6.473518889E-006        1.748393428E-003        6.554694483E-001
      165       -6.021011925E-006       -1.636725293E-003        6.554694128E-001
      166        6.267600892E-006        5.236741702E-003        8.268816924E-001
      167        2.127295685E-006        1.782151111E-003        8.268815421E-001
      168       -2.006090661E-006       -1.672376893E-003        8.268815232E-001
      169        1.035850408E-006        5.257176516E-003        9.999929049E-001
      170        3.375163068E-007        1.786772075E-003        9.999927265E-001
      171       -3.504790142E-007       -1.680553071E-003        9.999928774E-001
      172        6.670018293E-012        5.138460362E-003        6.555943390E-001
      173        5.314555320E-012        1.747303508E-003        6.555935903E-001
      174        3.957758884E-012       -1.641608176E-003        6.555935925E-001
      175        9.248565555E-012        5.234675203E-003        8.269231901E-001
      176        7.032007868E-012        1.781495032E-003        8.269230139E-001
      177        4.815786799E-012       -1.671676839E-003        8.269230190E-001
      178        1.128194269E-011        5.247813485E-003        9.999998825E-001
      179        8.576962857E-012        1.787388907E-003        1.000000000E+000
      180        5.873046130E-012       -1.675244479E-003        9.999999209E-001
      181       -1.893781749E-005        5.130516397E-003        6.554700350E-001
      182       -6.473508267E-006        1.748393428E-003        6.554694483E-001
      183        6.021019842E-006       -1.636725295E-003        6.554694128E-001
      184       -6.267582390E-006        5.236741702E-003        8.268816925E-001
      185       -2.127281618E-006        1.782151111E-003        8.268815422E-001
      186        2.006100292E-006       -1.672376894E-003        8.268815233E-001
      187       -1.035827842E-006        5.257176515E-003        9.999929050E-001
      188       -3.374991508E-007        1.786772074E-003        9.999927266E-001
      189        3.504907626E-007       -1.680553072E-003        9.999928775E-001
      190       -6.021011925E-006       -1.636725293E-003        6.554694128E-001
      191       -1.862649045E-005       -5.029626129E-003        6.554699856E-001
      192       -3.114726419E-005       -8.413889937E-003        6.554711705E-001
      193       -2.006090661E-006       -1.672376893E-003        8.268815232E-001
      194       -6.122512524E-006       -5.126701154E-003        8.268816840E-001
      195       -1.025858426E-005       -8.581205240E-003        8.268820122E-001
      196       -3.504790142E-007       -1.680553071E-003        9.999928774E-001
      197       -9.772525364E-007       -5.139971872E-003        9.999929268E-001
      198       -1.632956123E-006       -8.608270080E-003        9.999929664E-001
      199        3.957758884E-012       -1.641608176E-003        6.555935925E-001
      200        2.596645975E-012       -5.026453370E-003        6.555943099E-001
      201        1.239374219E-012       -8.417765452E-003        6.555957526E-001
      202        4.815786799E-012       -1.671676839E-003        8.269230190E-001
      203        2.600732720E-012       -5.124816992E-003        8.269231789E-001
      204        3.846724243E-013       -8.577981112E-003        8.269235085E-001
      205        5.873046130E-012       -1.675244479E-003        9.999999209E-001
      206        3.172165906E-012       -5.141768761E-003        9.999998975E-001
      207        4.681783275E-013       -8.601929843E-003        9.999998039E-001
      208        6.021019842E-006       -1.636725295E-003        6.554694128E-001
      209        1.862649566E-005       -5.029626131E-003        6.554699856E-001
      210        3.114726670E-005       -8.413889939E-003        6.554711706E-001
      211        2.006100292E-006       -1.672376894E-003        8.268815233E-001
      212        6.122517717E-006       -5.126701156E-003        8.268816841E-001
      213        1.025858502E-005       -8.581205243E-003        8.268820122E-001
      214        3.504907626E-007       -1.680553072E-003        9.999928775E-001
      215        9.772588836E-007       -5.139971874E-003        9.999929269E-001
      216        1.632957062E-006       -8.608270082E-003        9.999929665E-001
$EndDataNodes
$NodeData
 1
"[  2]_F 483.34"
 1
 0.0
 3
 0
 3
         216
        1        7.075430063E-023        6.328745888E-022        2.635660545E-021
        2        4.221995827E-023        3.752317920E-022        4.607040097E-021
        3       -2.233507879E-023       -2.016652146E-022        2.631312196E-021
        4        5.701574143E-004        7.115036522E-003        1.263157612E-001
        5        1.943393114E-004        2.417346349E-003        1.262897347E-001
        6       -1.819223434E-004       -2.275588352E-003        1.262893749E-001
        7       -2.114846000E-004        8.632981978E-003        4.080776212E-001
        8       -7.057384313E-005        2.946583973E-003        4.080787038E-001
        9        6.871795623E-005       -2.749789879E-003        4.080787557E-001
       10        2.284922945E-032        6.520797776E-022        2.689458051E-021
       11        3.965534766E-032        3.856321037E-022        4.702215206E-021
       12        2.239324512E-032       -2.085571796E-022        2.685070314E-021
       13        2.960286971E-013        7.041583044E-003        1.300688951E-001
       14        2.884370130E-013        2.395862343E-003        1.300449488E-001
       15        2.809033018E-013       -2.249576361E-003        1.300445544E-001
       16        1.100835229E-012        8.773478593E-003        4.066497713E-001
       17        1.115966150E-012        2.976431320E-003        4.066479920E-001
       18        1.130183496E-012       -2.807224404E-003        4.066479973E-001
       19       -7.075430058E-023        6.328745888E-022        2.635660545E-021
       20       -4.221995818E-023        3.752317920E-022        4.607040097E-021
       21        2.233507883E-023       -2.016652146E-022        2.631312196E-021
       22       -5.701574137E-004        7.115036521E-003        1.263157612E-001
       23       -1.943393108E-004        2.417346349E-003        1.262897347E-001
       24        1.819223440E-004       -2.275588353E-003        1.262893749E-001
       25        2.114846022E-004        8.632981977E-003        4.080776212E-001
       26        7.057384538E-005        2.946583972E-003        4.080787038E-001
       27       -6.871795395E-005       -2.749789880E-003        4.080787557E-001
       28       -2.233507879E-023       -2.016652146E-022        2.631312196E-021
       29       -1.209393723E-022       -1.074866464E-021        4.590050594E-021
       30       -1.163628401E-022       -1.033553683E-021        2.627323531E-021
       31       -1.819223434E-004       -2.275588352E-003        1.262893749E-001
       32       -5.590502710E-004       -6.953980557E-003        1.263145733E-001
       33       -9.348986942E-004       -1.164605755E-002        1.263653210E-001
       34        6.871795623E-005       -2.749789879E-003        4.080787557E-001
       35        2.029185271E-004       -8.476344301E-003        4.080774557E-001
       36        3.417432667E-004       -1.417417044E-002        4.080750368E-001
       37        2.239324512E-032       -2.085571796E-022        2.685070314E-021
       38        3.542272427E-032       -1.104689636E-021        4.684795956E-021
       39        1.976253795E-032       -1.061972385E-021        2.680864282E-021
       40        2.809033018E-013       -2.249576361E-003        1.300445544E-001
       41        2.737283205E-013       -6.892219066E-003        1.300677513E-001
       42        2.661018697E-013       -1.153567023E-002        1.301145449E-001
       43        1.130183496E-012       -2.807224404E-003        4.066479973E-001
       44        1.141509781E-012       -8.562241341E-003        4.066498235E-001
       45        1.155231747E-012       -1.435579833E-002        4.066533095E-001
       46        2.233507883E-023       -2.016652146E-022        2.631312196E-021
       47        1.209393724E-022       -1.074866464E-021        4.590050594E-021
       48        1.163628401E-022       -1.033553683E-021        2.627323531E-021
       49        1.819223440E-004       -2.275588353E-003        1.262893749E-001
       50        5.590502716E-004       -6.953980557E-003        1.263145733E-001
       51        9.348986948E-004       -1.164605755E-002        1.263653210E-001
       52       -6.871795395E-005       -2.749789880E-003        4.080787557E-001
       53       -2.029185248E-004       -8.476344302E-003        4.080774557E-001
       54       -3.417432644E-004       -1.417417044E-002        4.080750368E-001
       55       -2.114846000E-004        8.632981978E-003        4.080776212E-001
       56       -7.057384313E-005        2.946583973E-003        4.080787038E-001
       57        6.871795623E-005       -2.749789879E-003        4.080787557E-001
       58       -6.352811154E-004        5.255025873E-003        6.511377366E-001
       59       -2.164256338E-004        1.786611582E-003        6.511609251E-001
       60        2.026828152E-004       -1.679709079E-003        6.511612551E-001
       61       -8.500547018E-004       -1.462535486E-003        7.185213236E-001
       62       -2.899414398E-004       -5.104288317E-004        7.185519930E-001
       63        2.708784925E-004        4.572871825E-004        7.185524965E-001
       64        1.100835229E-012        8.773478593E-003        4.066497713E-001
       65        1.115966150E-012        2.976431320E-003        4.066479920E-001
       66        1.130183496E-012       -2.807224404E-003        4.066479973E-001
       67        2.826958357E-012        5.166857240E-003        6.469521081E-001
       68        2.562159650E-012        1.758050806E-003        6.469752236E-001
       69        2.298016086E-012       -1.650287428E-003        6.469755764E-001
       70        4.048730008E-012       -1.587317688E-003        7.129284199E-001
       71        4.053531187E-012       -5.312140093E-004        7.129605841E-001
       72        4.057629568E-012        5.113962422E-004        7.129610238E-001
       73        2.114846022E-004        8.632981977E-003        4.080776212E-001
       74        7.057384538E-005        2.946583972E-003        4.080787038E-001
       75       -6.871795395E-005       -2.749789880E-003        4.080787557E-001
       76        6.352811211E-004        5.255025871E-003        6.511377366E-001
       77        2.164256389E-004        1.786611580E-003        6.511609251E-001
       78       -2.026828106E-004       -1.679709080E-003        6.511612551E-001
       79        8.500547099E-004       -1.462535487E-003        7.185213236E-001
       80        2.899414479E-004       -5.104288332E-004        7.185519930E-001
       81       -2.708784844E-004        4.572871812E-004        7.185524965E-001
       82        6.871795623E-005       -2.749789879E-003        4.080787557E-001
       83        2.029185271E-004       -8.476344301E-003        4.080774557E-001
       84        3.417432667E-004       -1.417417044E-002        4.080750368E-001
       85        2.026828152E-004       -1.679709079E-003        6.511612551E-001
       86        6.224918589E-004       -5.139259573E-003        6.511388113E-001
       87        1.041574839E-003       -8.604827859E-003        6.510935845E-001
       88        2.708784925E-004        4.572871825E-004        7.185524965E-001
       89        8.339542322E-004        1.469083648E-003        7.185229188E-001
       90        1.395021478E-003        2.435905381E-003        7.184631008E-001
       91        1.130183496E-012       -2.807224404E-003        4.066479973E-001
       92        1.141509781E-012       -8.562241341E-003        4.066498235E-001
       93        1.155231747E-012       -1.435579833E-002        4.066533095E-001
       94        2.298016086E-012       -1.650287428E-003        6.469755764E-001
       95        2.035912760E-012       -5.057087622E-003        6.469531671E-001
       96        1.771888482E-012       -8.465237197E-003        6.469080172E-001
       97        4.057629568E-012        5.113962422E-004        7.129610238E-001
       98        4.059561237E-012        1.528689625E-003        7.129298078E-001
       99        4.063344978E-012        2.584837863E-003        7.128670217E-001
      100       -6.871795395E-005       -2.749789880E-003        4.080787557E-001
      101       -2.029185248E-004       -8.476344302E-003        4.080774557E-001
      102       -3.417432644E-004       -1.417417044E-002        4.080750368E-001
      103       -2.026828106E-004       -1.679709080E-003        6.511612551E-001
      104       -6.224918548E-004       -5.139259574E-003        6.511388113E-001
      105       -1.041574836E-003       -8.604827860E-003        6.510935845E-001
      106       -2.708784844E-004        4.572871812E-004        7.185524965E-001
      107       -8.339542241E-004        1.469083647E-003        7.185229188E-001
      108       -1.395021470E-003        2.435905381E-003        7.184631008E-001
      109       -8.500547018E-004       -1.462535486E-003        7.185213236E-001
      110       -2.899414398E-004       -5.104288317E-004        7.185519930E-001
      111        2.708784925E-004        4.572871825E-004        7.185524965E-001
      112       -8.184991342E-004       -8.988732051E-003        5.427911744E-001
      113       -2.785651042E-004       -3.057920501E-003        5.428194030E-001
      114        2.613748227E-004        2.871732875E-003        5.428198385E-001
      115       -5.401164340E-004       -1.486084025E-002        1.434957619E-001
      116       -1.836602694E-004       -5.043437967E-003        1.435143288E-001
      117        1.726360323E-004        4.756636541E-003        1.435144868E-001
      118        4.048730008E-012       -1.587317688E-003        7.129284199E-001
      119        4.053531187E-012       -5.312140093E-004        7.129605841E-001
      120        4.057629568E-012        5.113962422E-004        7.129610238E-001
      121        5.198303155E-012       -8.947639550E-003        5.373918931E-001
      122        5.609032733E-012       -3.044773733E-003        5.374197193E-001
      123        6.020012530E-012        2.857885042E-003        5.374201428E-001
      124        6.028681979E-012       -1.473452672E-002        1.399293829E-001
      125        7.029649304E-012       -5.022702675E-003        1.399470161E-001
      126        8.030729168E-012        4.702210387E-003        1.399473767E-001
      127        8.500547099E-004       -1.462535487E-003        7.185213236E-001
      128        2.899414479E-004       -5.104288332E-004        7.185519930E-001
      129       -2.708784844E-004        4.572871812E-004        7.185524965E-001
      130        8.184991446E-004       -8.988732053E-003        5.427911744E-001
      131        2.785651154E-004       -3.057920502E-003        5.428194030E-001
      132       -2.613748107E-004        2.871732874E-003        5.428198385E-001
      133        5.401164461E-004       -1.486084025E-002        1.434957618E-001
      134        1.836602834E-004       -5.043437969E-003        1.435143288E-001
      135       -1.726360162E-004        4.756636540E-003        1.435144868E-001
      136        2.708784925E-004        4.572871825E-004        7.185524965E-001
      137        8.339542322E-004        1.469083648E-003        7.185229188E-001
      138        1.395021478E-003        2.435905381E-003        7.184631008E-001
      139        2.613748227E-004        2.871732875E-003        5.428198385E-001
      140        8.012553200E-004        8.797626397E-003        5.427924713E-001
      141        1.341116846E-003        1.472684860E-002        5.427373236E-001
      142        1.726360323E-004        4.756636541E-003        1.435144868E-001
      143        5.283318515E-004        1.450941460E-002        1.434965190E-001
      144        8.844754620E-004        2.431213535E-002        1.434604541E-001
      145        4.057629568E-012        5.113962422E-004        7.129610238E-001
      146        4.059561237E-012        1.528689625E-003        7.129298078E-001
      147        4.063344978E-012        2.584837863E-003        7.128670217E-001
      148        6.020012530E-012        2.857885042E-003        5.374201428E-001
      149        6.431782585E-012        8.759809094E-003        5.373931944E-001
      150        6.842889412E-012        1.466233012E-002        5.373388605E-001
      151        8.030729168E-012        4.702210387E-003        1.399473767E-001
      152        9.031704860E-012        1.444993979E-002        1.399302474E-001
      153        1.003272258E-011        2.415996419E-002        1.398956902E-001
      154       -2.708784844E-004        4.572871812E-004        7.185524965E-001
      155       -8.339542241E-004        1.469083647E-003        7.185229188E-001
      156       -1.395021470E-003        2.435905381E-003        7.184631008E-001
      157       -2.613748107E-004        2.871732874E-003        5.428198385E-001
      158       -8.012553071E-004        8.797626396E-003        5.427924713E-001
      159       -1.341116833E-003        1.472684860E-002        5.427373236E-001
      160       -1.726360162E-004        4.756636540E-003        1.435144868E-001
      161       -5.283318334E-004        1.450941460E-002        1.434965189E-001
      162       -8.844754419E-004        2.431213535E-002        1.434604541E-001
      163       -5.401164340E-004       -1.486084025E-002        1.434957619E-001
      164       -1.836602694E-004       -5.043437967E-003        1.435143288E-001
      165        1.726360323E-004        4.756636541E-003        1.435144868E-001
      166       -1.901029765E-004       -1.772071569E-002       -4.016619217E-001
      167       -6.466503841E-005       -6.029208903E-003       -4.016561473E-001
      168        6.074038064E-005        5.660583374E-003       -4.016561245E-001
      169       -2.275085351E-005       -1.821934025E-002       -9.998470143E-001
      170       -7.680451506E-006       -6.212319017E-003       -9.998490959E-001
      171        7.300410619E-006        5.809854724E-003       -9.998483238E-001
      172        6.028681979E-012       -1.473452672E-002        1.399293829E-001
      173        7.029649304E-012       -5.022702675E-003        1.399470161E-001
      174        8.030729168E-012        4.702210387E-003        1.399473767E-001
      175        6.989345310E-012       -1.766986509E-002       -4.029166179E-001
      176        8.448769477E-012       -6.012986623E-003       -4.029107145E-001
      177        9.907797045E-012        5.643519058E-003       -4.029105661E-001
      178        8.443495599E-012       -1.825971042E-002       -9.999992729E-001
      179        1.002490162E-011       -6.205601856E-003       -9.999995222E-001
      180        1.160656387E-011        5.835241518E-003       -1.000000000E+000
      181        5.401164461E-004       -1.486084025E-002        1.434957618E-001
      182        1.836602834E-004       -5.043437969E-003        1.435143288E-001
      183       -1.726360162E-004        4.756636540E-003        1.435144868E-001
      184        1.901029905E-004       -1.772071569E-002       -4.016619218E-001
      185        6.466505531E-005       -6.029208904E-003       -4.016561474E-001
      186       -6.074036083E-005        5.660583372E-003       -4.016561245E-001
      187        2.275087040E-005       -1.821934025E-002       -9.998470144E-001
      188        7.680471556E-006       -6.212319018E-003       -9.998490960E-001
      189       -7.300387408E-006        5.809854723E-003       -9.998483238E-001
      190        1.726360323E-004        4.756636541E-003        1.435144868E-001
      191        5.283318515E-004        1.450941460E-002        1.434965190E-001
      192        8.844754620E-004        2.431213535E-002        1.434604541E-001
      193        6.074038064E-005        5.660583374E-003       -4.016561245E-001
      194        1.860909558E-004        1.734527383E-002       -4.016616426E-001
      195        3.115364367E-004        2.903489722E-002       -4.016727610E-001
      196        7.300410619E-006        5.809854724E-003       -9.998483238E-001
      197        2.224244087E-005        1.787179737E-002       -9.998469103E-001
      198        3.744625895E-005        2.989004386E-002       -9.998444456E-001
      199        8.030729168E-012        4.702210387E-003        1.399473767E-001
      200        9.031704860E-012        1.444993979E-002        1.399302474E-001
      201        1.003272258E-011        2.415996419E-002        1.398956902E-001
      202        9.907797045E-012        5.643519058E-003       -4.029105661E-001
      203        1.136581177E-011        1.729857060E-002       -4.029163432E-001
      204        1.282474455E-011        2.895469363E-002       -4.029279622E-001
      205        1.160656387E-011        5.835241518E-003       -1.000000000E+000
      206        1.318913084E-011        1.785234079E-002       -9.999991988E-001
      207        1.477096998E-011        2.990765679E-002       -9.999978817E-001
      208       -1.726360162E-004        4.756636540E-003        1.435144868E-001
      209       -5.283318334E-004        1.450941460E-002        1.434965189E-001
      210       -8.844754419E-004        2.431213535E-002        1.434604541E-001
      211       -6.074036083E-005        5.660583372E-003       -4.016561245E-001
      212       -1.860909331E-004        1.734527383E-002       -4.016616427E-001
      213       -3.115364110E-004        2.903489722E-002       -4.016727611E-001
      214       -7.300387408E-006        5.809854723E-003       -9.998483238E-001
      215       -2.224241450E-005        1.787179737E-002       -9.998469104E-001
      216       -3.744622942E-005        2.989004386E-002       -9.998444457E-001
$EndDataNodes
$NodeData
 1
"[  3]_F 840.71"
 1
 0.0
 3
 0
 3
         216
        1        6.538687349E-021        5.330111791E-021        2.747135517E-023
        2        1.136402755E-020        9.274411874E-021        2.069638049E-023
        3        6.535680653E-021        5.318593340E-021       -3.800557695E-024
        4        2.617996306E-002        1.922372671E-002        2.179514126E-004
        5        2.618772425E-002        1.922547229E-002        9.241364489E-005
        6        2.618920608E-002        1.922600423E-002       -3.315000353E-005
        7        9.718441455E-002        3.582129378E-002        1.512545780E-004
        8        9.718952084E-002        3.580899316E-002        5.273600411E-005
        9        9.718970215E-002        3.580699715E-002       -4.579362402E-005
       10        6.352015474E-021        2.909571183E-029        1.166015291E-028
       11        1.107015688E-020        1.720167129E-029        2.038633393E-028
       12        6.349219413E-021       -9.306028816E-030        1.164101258E-028
       13        2.493178173E-002        1.025158957E-010        1.995563927E-009
       14        2.493953712E-002        3.489013149E-011        1.995277518E-009
       15        2.494101676E-002       -3.272668129E-011        1.995272456E-009
       16        9.622250539E-002        9.512770820E-011        5.561753616E-009
       17        9.622759703E-002        3.225280557E-011        5.561908644E-009
       18        9.622776676E-002       -3.040640165E-011        5.561911220E-009
       19        6.538687343E-021       -5.330111735E-021       -2.747112634E-023
       20        1.136402755E-020       -9.274411841E-021       -2.069598051E-023
       21        6.535680654E-021       -5.318593358E-021        3.800786144E-024
       22        2.617996305E-002       -1.922372650E-002       -2.179475047E-004
       23        2.618772424E-002       -1.922547222E-002       -9.240973760E-005
       24        2.618920608E-002       -1.922600429E-002        3.315391080E-005
       25        9.718441456E-002       -3.582129359E-002       -1.512433483E-004
       26        9.718952084E-002       -3.580899309E-002       -5.272477397E-005
       27        9.718970214E-002       -3.580699721E-002        4.580485417E-005
       28        6.535680653E-021        5.318593340E-021       -3.800557695E-024
       29        1.131385486E-020        9.237393577E-021       -3.385409722E-023
       30        6.508507629E-021        5.310239172E-021       -3.492495735E-023
       31        2.618920608E-002        1.922600423E-002       -3.315000353E-005
       32        2.618440414E-002        1.922577362E-002       -1.587143646E-004
       33        2.617332626E-002        1.922415388E-002       -2.842434744E-004
       34        9.718970215E-002        3.580699715E-002       -4.579362402E-005
       35        9.718496200E-002        3.581172976E-002       -1.442822867E-004
       36        9.717528173E-002        3.582822669E-002       -2.427789466E-004
       37        6.349219413E-021       -9.306028816E-030        1.164101258E-028
       38        1.102121297E-020       -4.923780639E-029        2.031097756E-028
       39        6.322618183E-021       -4.734268378E-029        1.162308413E-028
       40        2.494101676E-002       -3.272668129E-011        1.995272456E-009
       41        2.493622678E-002       -1.002822164E-010        1.995549589E-009
       42        2.492515823E-002       -1.678632359E-010        1.996109026E-009
       43        9.622776676E-002       -3.040640165E-011        5.561911220E-009
       44        9.622303043E-002       -9.259722349E-011        5.561760993E-009
       45        9.621337065E-002       -1.554104120E-010        5.561456758E-009
       46        6.535680654E-021       -5.318593358E-021        3.800786144E-024
       47        1.131385487E-020       -9.237393673E-021        3.385449573E-023
       48        6.508507639E-021       -5.310239265E-021        3.492518546E-023
       49        2.618920608E-002       -1.922600429E-002        3.315391080E-005
       50        2.618440415E-002       -1.922577383E-002        1.587182724E-004
       51        2.617332628E-002       -1.922415422E-002        2.842473835E-004
       52        9.718970214E-002       -3.580699721E-002        4.580485417E-005
       53        9.718496199E-002       -3.581172994E-002        1.442935164E-004
       54        9.717528171E-002       -3.582822699E-002        2.427901756E-004
       55        9.718441455E-002        3.582129378E-002        1.512545780E-004
       56        9.718952084E-002        3.580899316E-002        5.273600411E-005
       57        9.718970215E-002        3.580699715E-002       -4.579362402E-005
       58        2.046073903E-001        4.863078392E-002        7.805693798E-005
       59        2.046096827E-001        4.863173077E-002        1.370147632E-005
       60        2.046087579E-001        4.863224709E-002       -5.064611343E-005
       61        3.394287597E-001        5.782641622E-002        3.055979437E-005
       62        3.394291804E-001        5.783995068E-002       -1.373831634E-005
       63        3.394273810E-001        5.784196123E-002       -5.807452657E-005
       64        9.622250539E-002        9.512770820E-011        5.561753616E-009
       65        9.622759703E-002        3.225280557E-011        5.561908644E-009
       66        9.622776676E-002       -3.040640165E-011        5.561911220E-009
       67        2.039607237E-001        4.477968313E-012        7.273274342E-009
       68        2.039630189E-001        1.575982817E-012        7.273704476E-009
       69        2.039620956E-001       -1.327711391E-012        7.273711221E-009
       70        3.389813148E-001       -9.052427756E-011        5.803941433E-009
       71        3.389817336E-001       -3.059841591E-011        5.804294922E-009
       72        3.389799372E-001        2.911738830E-011        5.804299838E-009
       73        9.718441456E-002       -3.582129359E-002       -1.512433483E-004
       74        9.718952084E-002       -3.580899309E-002       -5.272477397E-005
       75        9.718970214E-002       -3.580699721E-002        4.580485417E-005
       76        2.046073903E-001       -4.863078391E-002       -7.804223718E-005
       77        2.046096827E-001       -4.863173077E-002       -1.368677464E-005
       78        2.046087579E-001       -4.863224709E-002        5.066081512E-005
       79        3.394287597E-001       -5.782641640E-002       -3.054806880E-005
       80        3.394291804E-001       -5.783995075E-002        1.375004256E-005
       81        3.394273810E-001       -5.784196117E-002        5.808625280E-005
       82        9.718970215E-002        3.580699715E-002       -4.579362402E-005
       83        9.718496200E-002        3.581172976E-002       -1.442822867E-004
       84        9.717528173E-002        3.582822669E-002       -2.427789466E-004
       85        2.046087579E-001        4.863224709E-002       -5.064611343E-005
       86        2.046046168E-001        4.863204002E-002       -1.149965133E-004
       87        2.045972590E-001        4.863152375E-002       -1.793557313E-004
       88        3.394273810E-001        5.784196123E-002       -5.807452657E-005
       89        3.394233509E-001        5.783838714E-002       -1.024347120E-004
       90        3.394171156E-001        5.782090948E-002       -1.467281725E-004
       91        9.622776676E-002       -3.040640165E-011        5.561911220E-009
       92        9.622303043E-002       -9.259722349E-011        5.561760993E-009
       93        9.621337065E-002       -1.554104120E-010        5.561456758E-009
       94        2.039620956E-001       -1.327711391E-012        7.273711221E-009
       95        2.039579512E-001       -4.240290753E-012        7.273294933E-009
       96        2.039505894E-001       -7.148217334E-012        7.272454992E-009
       97        3.389799372E-001        2.911738830E-011        5.804299838E-009
       98        3.389759261E-001        8.842779980E-011        5.803956387E-009
       99        3.389696962E-001        1.483460367E-010        5.803266797E-009
      100        9.718970214E-002       -3.580699721E-002        4.580485417E-005
      101        9.718496199E-002       -3.581172994E-002        1.442935164E-004
      102        9.717528171E-002       -3.582822699E-002        2.427901756E-004
      103        2.046087579E-001       -4.863224709E-002        5.066081512E-005
      104        2.046046168E-001       -4.863204003E-002        1.150112141E-004
      105        2.045972589E-001       -4.863152377E-002        1.793704305E-004
      106        3.394273810E-001       -5.784196117E-002        5.808625280E-005
      107        3.394233509E-001       -5.783838696E-002        1.024464376E-004
      108        3.394171155E-001       -5.782090918E-002        1.467398969E-004
      109        3.394287597E-001        5.782641622E-002        3.055979437E-005
      110        3.394291804E-001        5.783995068E-002       -1.373831634E-005
      111        3.394273810E-001        5.784196123E-002       -5.807452657E-005
      112        4.930480121E-001        6.383697329E-002       -1.361693536E-005
      113        4.930466462E-001        6.383748914E-002       -4.106033100E-005
      114        4.930439075E-001        6.383771844E-002       -6.850649539E-005
      115        6.580213775E-001        6.715587636E-002       -4.943818248E-005
      116        6.580185665E-001        6.714444634E-002       -6.257598645E-005
      117        6.580151092E-001        6.714362620E-002       -7.563873924E-005
      118        3.389813148E-001       -9.052427756E-011        5.803941433E-009
      119        3.389817336E-001       -3.059841591E-011        5.804294922E-009
      120        3.389799372E-001        2.911738830E-011        5.804299838E-009
      121        4.927738665E-001       -1.443177903E-010        1.787863172E-009
      122        4.927724990E-001       -4.902167311E-011        1.787957441E-009
      123        4.927697597E-001        4.626700768E-011        1.787959940E-009
      124        6.578905858E-001       -1.645223859E-010       -3.356125282E-009
      125        6.578877921E-001       -5.603844481E-011       -3.356027486E-009
      126        6.578843392E-001        5.266513475E-011       -3.356027279E-009
      127        3.394287597E-001       -5.782641640E-002       -3.054806880E-005
      128        3.394291804E-001       -5.783995075E-002        1.375004256E-005
      129        3.394273810E-001       -5.784196117E-002        5.808625280E-005
      130        4.930480122E-001       -6.383697358E-002        1.362057824E-005
      131        4.930466462E-001       -6.383748923E-002        4.106397407E-005
      132        4.930439075E-001       -6.383771834E-002        6.851013846E-005
      133        6.580213775E-001       -6.715587669E-002        4.943151249E-005
      134        6.580185665E-001       -6.714444645E-002        6.256931669E-005
      135        6.580151092E-001       -6.714362610E-002        7.563206949E-005
      136        3.394273810E-001        5.784196123E-002       -5.807452657E-005
      137        3.394233509E-001        5.783838714E-002       -1.024347120E-004
      138        3.394171156E-001        5.782090948E-002       -1.467281725E-004
      139        4.930439075E-001        6.383771844E-002       -6.850649539E-005
      140        4.930397948E-001        6.383782065E-002       -9.594993974E-005
      141        4.930343093E-001        6.383757873E-002       -1.233892601E-004
      142        6.580151092E-001        6.714362620E-002       -7.563873924E-005
      143        6.580110250E-001        6.714619061E-002       -8.869295734E-005
      144        6.580062821E-001        6.716225559E-002       -1.018600358E-004
      145        3.389799372E-001        2.911738830E-011        5.804299838E-009
      146        3.389759261E-001        8.842779980E-011        5.803956387E-009
      147        3.389696962E-001        1.483460367E-010        5.803266797E-009
      148        4.927697597E-001        4.626700768E-011        1.787959940E-009
      149        4.927656490E-001        1.415300030E-010        1.787868743E-009
      150        4.927601666E-001        2.368145699E-010        1.787682378E-009
      151        6.578843392E-001        5.266513475E-011       -3.356027279E-009
      152        6.578802207E-001        1.617867486E-010       -3.356124170E-009
      153        6.578754474E-001        2.702715931E-010       -3.356316805E-009
      154        3.394273810E-001       -5.784196117E-002        5.808625280E-005
      155        3.394233509E-001       -5.783838696E-002        1.024464376E-004
      156        3.394171155E-001       -5.782090918E-002        1.467398969E-004
      157        4.930439075E-001       -6.383771834E-002        6.851013846E-005
      158        4.930397948E-001       -6.383782037E-002        9.595358262E-005
      159        4.930343093E-001       -6.383757825E-002        1.233929026E-004
      160        6.580151092E-001       -6.714362610E-002        7.563206949E-005
      161        6.580110250E-001       -6.714619029E-002        8.868628738E-005
      162        6.580062821E-001       -6.716225505E-002        1.018533654E-004
      163        6.580213775E-001        6.715587636E-002       -4.943818248E-005
      164        6.580185665E-001        6.714444634E-002       -6.257598645E-005
      165        6.580151092E-001        6.714362620E-002       -7.563873924E-005
      166        8.283102114E-001        6.844676454E-002       -7.170909573E-005
      167        8.283065294E-001        6.844705522E-002       -7.521933399E-005
      168        8.283026786E-001        6.844719931E-002       -7.868563405E-005
      169        9.999995834E-001        6.863900220E-002       -8.055659573E-005
      170        9.999956456E-001        6.865062319E-002       -8.028183095E-005
      171        9.999916553E-001        6.865148779E-002       -8.042544484E-005
      172        6.578905858E-001       -1.645223859E-010       -3.356125282E-009
      173        6.578877921E-001       -5.603844481E-011       -3.356027486E-009
      174        6.578843392E-001        5.266513475E-011       -3.356027279E-009
      175        8.282749403E-001       -1.953989345E-010       -9.321384686E-009
      176        8.282712718E-001       -6.639738310E-011       -9.321252887E-009
      177        8.282674259E-001        6.259907761E-011       -9.321251064E-009
      178        1.000000000E+000       -2.083309376E-010       -1.605890502E-008
      179        9.999959409E-001       -7.066388682E-011       -1.605890293E-008
      180        9.999919126E-001        6.680008805E-011       -1.605891025E-008
      181        6.580213775E-001       -6.715587669E-002        4.943151249E-005
      182        6.580185665E-001       -6.714444645E-002        6.256931669E-005
      183        6.580151092E-001       -6.714362610E-002        7.563206949E-005
      184        8.283102114E-001       -6.844676493E-002        7.169047060E-005
      185        8.283065294E-001       -6.844705536E-002        7.520070912E-005
      186        8.283026786E-001       -6.844719919E-002        7.866700919E-005
      187        9.999995834E-001       -6.863900262E-002        8.052446048E-005
      188        9.999956456E-001       -6.865062333E-002        8.024969571E-005
      189        9.999916553E-001       -6.865148765E-002        8.039330962E-005
      190        6.580151092E-001        6.714362620E-002       -7.563873924E-005
      191        6.580110250E-001        6.714619061E-002       -8.869295734E-005
      192        6.580062821E-001        6.716225559E-002       -1.018600358E-004
      193        8.283026786E-001        6.844719931E-002       -7.868563405E-005
      194        8.282986706E-001        6.844715104E-002       -8.215568470E-005
      195        8.282944903E-001        6.844697634E-002       -8.568802768E-005
      196        9.999916553E-001        6.865148779E-002       -8.042544484E-005
      197        9.999874969E-001        6.864922476E-002       -8.054679744E-005
      198        9.999833365E-001        6.863315803E-002       -8.005307011E-005
      199        6.578843392E-001        5.266513475E-011       -3.356027279E-009
      200        6.578802207E-001        1.617867486E-010       -3.356124170E-009
      201        6.578754474E-001        2.702715931E-010       -3.356316805E-009
      202        8.282674259E-001        6.259907761E-011       -9.321251064E-009
      203        8.282633985E-001        1.915774714E-010       -9.321377092E-009
      204        8.282591953E-001        3.205705809E-010       -9.321634468E-009
      205        9.999919126E-001        6.680008805E-011       -1.605891025E-008
      206        9.999879517E-001        2.038965905E-010       -1.605890475E-008
      207        9.999840066E-001        3.415824859E-010       -1.605889911E-008
      208        6.580151092E-001       -6.714362610E-002        7.563206949E-005
      209        6.580110250E-001       -6.714619029E-002        8.868628738E-005
      210        6.580062821E-001       -6.716225505E-002        1.018533654E-004
      211        8.283026786E-001       -6.844719919E-002        7.866700919E-005
      212        8.282986706E-001       -6.844715066E-002        8.213705958E-005
      213        8.282944903E-001       -6.844697569E-002        8.566940205E-005
      214        9.999916553E-001       -6.865148765E-002        8.039330962E-005
      215        9.999874969E-001       -6.864922435E-002        8.051466221E-005
      216        9.999833365E-001       -6.863315735E-002        8.002093485E-005
$EndDataNodes
$NodeData
 1
"[  4]_F1355.10"
 1
 0.0
 3
 0
 3
         216
        1        9.158481747E-022        1.082077810E-020        4.165692970E-020
        2        5.489472868E-022        6.403707938E-021        7.281308231E-020
        3       -2.876419523E-022       -3.455287174E-021        4.158678571E-020
        4        4.458850417E-004        1.489420722E-002        3.030914732E-001
        5        1.523765787E-004        5.052783118E-003        3.030605571E-001
        6       -1.421575022E-004       -4.769946303E-003        3.030601397E-001
        7       -2.034103050E-003        6.290493638E-003        7.259428348E-001
        8       -6.895797784E-004        2.158345182E-003        7.260053415E-001
        9        6.518554092E-004       -1.993167587E-003        7.260062941E-001
       10       -1.397430879E-029        1.109533694E-020        4.235025076E-020
       11       -6.249472577E-030        6.550618306E-021        7.404309326E-020
       12        6.805455031E-030       -3.555320848E-021        4.227987684E-020
       13       -2.479392843E-011        1.449759981E-002        3.060149322E-001
       14       -6.618443996E-012        4.930900785E-003        3.059888141E-001
       15        1.155821024E-011       -4.633475483E-003        3.059883172E-001
       16       -5.046034855E-011        6.666930837E-003        7.124618277E-001
       17       -1.039294279E-011        2.244102438E-003        7.125157289E-001
       18        2.968618985E-011       -2.143167110E-003        7.125166083E-001
       19       -9.158482024E-022        1.082077806E-020        4.165692958E-020
       20       -5.489472989E-022        6.403707914E-021        7.281308210E-020
       21        2.876419660E-022       -3.455287166E-021        4.158678559E-020
       22       -4.458850910E-004        1.489420718E-002        3.030914725E-001
       23       -1.523765917E-004        5.052783104E-003        3.030605564E-001
       24        1.421575256E-004       -4.769946297E-003        3.030601389E-001
       25        2.034102949E-003        6.290493603E-003        7.259428332E-001
       26        6.895797579E-004        2.158345166E-003        7.260053399E-001
       27       -6.518553497E-004       -1.993167585E-003        7.260062925E-001
       28       -2.876419523E-022       -3.455287174E-021        4.158678571E-020
       29       -1.572286034E-021       -1.834352869E-020        7.254692350E-020
       30       -1.511665139E-021       -1.764335317E-020        4.152782687E-020
       31       -1.421575022E-004       -4.769946303E-003        3.030601397E-001
       32       -4.386973835E-004       -1.453515675E-002        3.030900345E-001
       33       -7.322788535E-004       -2.435415403E-002        3.031502384E-001
       34        6.518554092E-004       -1.993167587E-003        7.260062941E-001
       35        1.982996246E-003       -6.206867165E-003        7.259451911E-001
       36        3.322945069E-003       -1.036479831E-002        7.258225455E-001
       37        6.805455031E-030       -3.555320848E-021        4.227987684E-020
       38        2.993285049E-029       -1.876481078E-020        7.377092916E-020
       39        2.755877621E-029       -1.804382636E-020        4.221734467E-020
       40        1.155821024E-011       -4.633475483E-003        3.059883172E-001
       41        2.974017516E-011       -1.418451454E-002        3.060135966E-001
       42        4.791620153E-011       -2.374222608E-002        3.060646812E-001
       43        2.968618985E-011       -2.143167110E-003        7.125166083E-001
       44        6.980449282E-011       -6.453605304E-003        7.124645992E-001
       45        1.098873203E-010       -1.086638091E-002        7.123593422E-001
       46        2.876419660E-022       -3.455287166E-021        4.158678559E-020
       47        1.572286093E-021       -1.834352864E-020        7.254692330E-020
       48        1.511665194E-021       -1.764335312E-020        4.152782675E-020
       49        1.421575256E-004       -4.769946297E-003        3.030601389E-001
       50        4.386974432E-004       -1.453515673E-002        3.030900338E-001
       51        7.322789495E-004       -2.435415399E-002        3.031502377E-001
       52       -6.518553497E-004       -1.993167585E-003        7.260062925E-001
       53       -1.982996106E-003       -6.206867147E-003        7.259451895E-001
       54       -3.322944849E-003       -1.036479827E-002        7.258225439E-001
       55       -2.034103050E-003        6.290493638E-003        7.259428348E-001
       56       -6.895797784E-004        2.158345182E-003        7.260053415E-001
       57        6.518554092E-004       -1.993167587E-003        7.260062941E-001
       58       -1.829197456E-003       -1.192315511E-002        6.314714313E-001
       59       -6.234337510E-004       -4.051058461E-003        6.315426794E-001
       60        5.833310830E-004        3.813900461E-003        6.315436168E-001
       61        9.269184488E-005       -2.127557371E-002        3.574737901E-002
       62        3.020966502E-005       -7.252745466E-003        3.574689109E-002
       63       -3.084502042E-005        6.786219801E-003        3.574695070E-002
       64       -5.046034855E-011        6.666930837E-003        7.124618277E-001
       65       -1.039294279E-011        2.244102438E-003        7.125157289E-001
       66        2.968618985E-011       -2.143167110E-003        7.125166083E-001
       67       -7.148680298E-011       -1.176001613E-002        6.194253957E-001
       68       -1.043486834E-011       -3.999968826E-003        6.194950380E-001
       69        5.061288747E-011        3.758671365E-003        6.194960509E-001
       70       -8.540146538E-011       -2.108121148E-002        3.638887188E-002
       71       -6.868194684E-012       -7.147411874E-003        3.639245869E-002
       72        7.166014869E-011        6.748714318E-003        3.639236122E-002
       73        2.034102949E-003        6.290493603E-003        7.259428332E-001
       74        6.895797579E-004        2.158345166E-003        7.260053399E-001
       75       -6.518553497E-004       -1.993167585E-003        7.260062925E-001
       76        1.829197313E-003       -1.192315514E-002        6.314714288E-001
       77        6.234337302E-004       -4.051058479E-003        6.315426769E-001
       78       -5.833309817E-004        3.813900459E-003        6.315436143E-001
       79       -9.269201569E-005       -2.127557373E-002        3.574737587E-002
       80       -3.020967875E-005       -7.252745482E-003        3.574688795E-002
       81        3.084516378E-005        6.786219796E-003        3.574694756E-002
       82        6.518554092E-004       -1.993167587E-003        7.260062941E-001
       83        1.982996246E-003       -6.206867165E-003        7.259451911E-001
       84        3.322945069E-003       -1.036479831E-002        7.258225455E-001
       85        5.833310830E-004        3.813900461E-003        6.315436168E-001
       86        1.792620541E-003        1.165819334E-002        6.314746334E-001
       87        2.999033683E-003        1.952302760E-002        6.313357259E-001
       88       -3.084502042E-005        6.786219801E-003        3.574695070E-002
       89       -8.715211772E-005        2.087009790E-002        3.574770589E-002
       90       -1.475100676E-004        3.490740704E-002        3.574881571E-002
       91        2.968618985E-011       -2.143167110E-003        7.125166083E-001
       92        6.980449282E-011       -6.453605304E-003        7.124645992E-001
       93        1.098873203E-010       -1.086638091E-002        7.123593422E-001
       94        5.061288747E-011        3.758671365E-003        6.194960509E-001
       95        1.116474942E-010        1.151113031E-002        6.194285060E-001
       96        1.726932308E-010        1.926762827E-002        6.192924891E-001
       97        7.166014869E-011        6.748714318E-003        3.639236122E-002
       98        1.501731319E-010        2.056652280E-002        3.638875156E-002
       99        2.286995625E-010        3.449280890E-002        3.638183907E-002
      100       -6.518553497E-004       -1.993167585E-003        7.260062925E-001
      101       -1.982996106E-003       -6.206867147E-003        7.259451895E-001
      102       -3.322944849E-003       -1.036479827E-002        7.258225439E-001
      103       -5.833309817E-004        3.813900459E-003        6.315436143E-001
      104       -1.792620318E-003        1.165819336E-002        6.314746309E-001
      105       -2.999033338E-003        1.952302763E-002        6.313357235E-001
      106        3.084516378E-005        6.786219796E-003        3.574694756E-002
      107        8.715241818E-005        2.087009791E-002        3.574770275E-002
      108        1.475105252E-004        3.490740706E-002        3.574881257E-002
      109        9.269184488E-005       -2.127557371E-002        3.574737901E-002
      110        3.020966502E-005       -7.252745466E-003        3.574689109E-002
      111       -3.084502042E-005        6.786219801E-003        3.574695070E-002
      112        2.010272783E-003       -1.146935430E-002       -5.545267972E-001
      113        6.847382330E-004       -3.895349996E-003       -5.546007091E-001
      114       -6.414119057E-004        3.670399704E-003       -5.546017223E-001
      115        2.450139472E-003        9.872170328E-003       -5.956374236E-001
      116        8.351162680E-004        3.382189281E-003       -5.957322054E-001
      117       -7.813050838E-004       -3.134879346E-003       -5.957337846E-001
      118       -8.540146538E-011       -2.108121148E-002        3.638887188E-002
      119       -6.868194684E-012       -7.147411874E-003        3.639245869E-002
      120        7.166014869E-011        6.748714318E-003        3.639236122E-002
      121       -9.425335451E-011       -1.120404574E-002       -5.412786254E-001
      122       -9.888771013E-013       -3.810609931E-003       -5.413512400E-001
      123        9.227384132E-011        3.581181052E-003       -5.413523153E-001
      124       -9.787893269E-011        9.911289714E-003       -5.795033704E-001
      125        7.009747882E-012        3.349902479E-003       -5.795973595E-001
      126        1.118950957E-010       -3.175546553E-003       -5.795985266E-001
      127       -9.269201569E-005       -2.127557373E-002        3.574737587E-002
      128       -3.020967875E-005       -7.252745482E-003        3.574688795E-002
      129        3.084516378E-005        6.786219796E-003        3.574694756E-002
      130       -2.010272971E-003       -1.146935433E-002       -5.545268010E-001
      131       -6.847382350E-004       -3.895350013E-003       -5.546007128E-001
      132        6.414120903E-004        3.670399698E-003       -5.546017261E-001
      133       -2.450139667E-003        9.872170307E-003       -5.956374278E-001
      134       -8.351162540E-004        3.382189266E-003       -5.957322096E-001
      135        7.813053076E-004       -3.134879354E-003       -5.957337888E-001
      136       -3.084502042E-005        6.786219801E-003        3.574695070E-002
      137       -8.715211772E-005        2.087009790E-002        3.574770589E-002
      138       -1.475100676E-004        3.490740704E-002        3.574881571E-002
      139       -6.414119057E-004        3.670399704E-003       -5.546017223E-001
      140       -1.969057347E-003        1.121068297E-002       -5.545301596E-001
      141       -3.294936381E-003        1.877470483E-002       -5.543859970E-001
      142       -7.813050838E-004       -3.134879346E-003       -5.957337846E-001
      143       -2.401458563E-003       -9.727057920E-003       -5.956419427E-001
      144       -4.017617500E-003       -1.624111711E-002       -5.954566411E-001
      145        7.166014869E-011        6.748714318E-003        3.639236122E-002
      146        1.501731319E-010        2.056652280E-002        3.638875156E-002
      147        2.286995625E-010        3.449280890E-002        3.638183907E-002
      148        9.227384132E-011        3.581181052E-003       -5.413523153E-001
      149        1.855312957E-010        1.096683834E-002       -5.412818905E-001
      150        2.787933978E-010        1.835722995E-002       -5.411400537E-001
      151        1.118950957E-010       -3.175546553E-003       -5.795985266E-001
      152        2.167686641E-010       -9.633690913E-003       -5.795075304E-001
      153        3.216525759E-010       -1.619535948E-002       -5.793242964E-001
      154        3.084516378E-005        6.786219796E-003        3.574694756E-002
      155        8.715241818E-005        2.087009791E-002        3.574770275E-002
      156        1.475105252E-004        3.490740706E-002        3.574881257E-002
      157        6.414120903E-004        3.670399698E-003       -5.546017261E-001
      158        1.969057718E-003        1.121068298E-002       -5.545301633E-001
      159        3.294936939E-003        1.877470484E-002       -5.543860008E-001
      160        7.813053076E-004       -3.134879354E-003       -5.957337888E-001
      161        2.401458996E-003       -9.727057922E-003       -5.956419469E-001
      162        4.017618144E-003       -1.624111710E-002       -5.954566453E-001
      163        2.450139472E-003        9.872170328E-003       -5.956374236E-001
      164        8.351162680E-004        3.382189281E-003       -5.957322054E-001
      165       -7.813050838E-004       -3.134879346E-003       -5.957337846E-001
      166        1.186637586E-003        2.622853261E-002        3.880107995E-002
      167        4.037249804E-004        8.918416061E-003        3.876270011E-002
      168       -3.790287533E-004       -8.382191490E-003        3.876190926E-002
      169        1.592358058E-004        3.011653231E-002        9.989127012E-001
      170        5.292621845E-005        1.022427620E-002        9.989206994E-001
      171       -5.220202541E-005       -9.636831756E-003        9.989222713E-001
      172       -9.787893269E-011        9.911289714E-003       -5.795033704E-001
      173        7.009747882E-012        3.349902479E-003       -5.795973595E-001
      174        1.118950957E-010       -3.175546553E-003       -5.795985266E-001
      175       -9.281482254E-011        2.595531624E-002        4.663213398E-002
      176        1.803366370E-011        8.831419427E-003        4.659295428E-002
      177        1.288794193E-010       -8.290196673E-003        4.659246890E-002
      178       -8.191632349E-011        2.990411548E-002        9.999887631E-001
      179        3.094546779E-011        1.020098344E-002        1.000000000E+000
      180        1.438047967E-010       -9.538532115E-003        9.999987320E-001
      181       -2.450139667E-003        9.872170307E-003       -5.956374278E-001
      182       -8.351162540E-004        3.382189266E-003       -5.957322096E-001
      183        7.813053076E-004       -3.134879354E-003       -5.957337888E-001
      184       -1.186637772E-003        2.622853259E-002        3.880107552E-002
      185       -4.037249443E-004        8.918416049E-003        3.876269567E-002
      186        3.790290111E-004       -8.382191500E-003        3.876190482E-002
      187       -1.592359696E-004        3.011653230E-002        9.989126967E-001
      188       -5.292615656E-005        1.022427619E-002        9.989206949E-001
      189        5.220231302E-005       -9.636831767E-003        9.989222668E-001
      190       -7.813050838E-004       -3.134879346E-003       -5.957337846E-001
      191       -2.401458563E-003       -9.727057920E-003       -5.956419427E-001
      192       -4.017617500E-003       -1.624111711E-002       -5.954566411E-001
      193       -3.790287533E-004       -8.382191490E-003        3.876190926E-002
      194       -1.161454776E-003       -2.565398325E-002        3.879924679E-002
      195       -1.944334290E-003       -4.295312377E-002        3.887461484E-002
      196       -5.220202541E-005       -9.636831756E-003        9.989222713E-001
      197       -1.536918724E-004       -2.940879096E-002        9.989132684E-001
      198       -2.585704803E-004       -4.927056503E-002        9.988944013E-001
      199        1.118950957E-010       -3.175546553E-003       -5.795985266E-001
      200        2.167686641E-010       -9.633690913E-003       -5.795075304E-001
      201        3.216525759E-010       -1.619535948E-002       -5.793242964E-001
      202        1.288794193E-010       -8.290196673E-003        4.659246890E-002
      203        2.397161956E-010       -2.540353565E-002        4.663024493E-002
      204        3.505607547E-010       -4.252343347E-002        4.670652559E-002
      205        1.438047967E-010       -9.538532115E-003        9.999987320E-001
      206        2.566587137E-010       -2.934169121E-002        9.999892195E-001
      207        3.695184032E-010       -4.904002328E-002        9.999695226E-001
      208        7.813053076E-004       -3.134879354E-003       -5.957337888E-001
      209        2.401458996E-003       -9.727057922E-003       -5.956419469E-001
      210        4.017618144E-003       -1.624111710E-002       -5.954566453E-001
      211        3.790290111E-004       -8.382191500E-003        3.876190482E-002
      212        1.161455255E-003       -2.565398325E-002        3.879924235E-002
      213        1.944334992E-003       -4.295312377E-002        3.887461041E-002
      214        5.220231302E-005       -9.636831767E-003        9.989222668E-001
      215        1.536923857E-004       -2.940879097E-002        9.989132638E-001
      216        2.585712194E-004       -4.927056504E-002        9.988943968E-001
$EndDataNodes
$NodeData
 1
"[  5]_F1485.67"
 1
 0.0
 3
 0
 3
         216
        1        8.166018285E-021       -8.794693869E-021       -3.105008466E-020
        2        4.827844268E-021       -5.098809412E-021       -5.427684990E-020
        3       -2.605480121E-021        2.872071087E-021       -3.100093560E-020
        4        1.193151850E-002       -6.295267176E-003       -1.574674672E-001
        5        4.058855030E-003       -2.119417016E-003       -1.574629862E-001
        6       -3.813230110E-003        2.027608479E-003       -1.574628531E-001
        7        2.654626855E-002       -6.103945290E-003       -3.504984254E-001
        8        9.025374005E-003       -2.015872134E-003       -3.504727709E-001
        9       -8.492368721E-003        1.988732652E-003       -3.504728239E-001
       10        8.219838022E-021       -2.245452869E-029       -8.435122984E-029
       11        4.881301761E-021       -1.324355773E-029       -1.474757096E-028
       12       -2.617424658E-021        7.204106892E-030       -8.421059066E-029
       13        1.193621155E-002       -2.408683364E-011       -5.216789752E-010
       14        4.061738066E-003       -8.188048664E-012       -5.216435204E-010
       15       -3.813684937E-003        7.706514071E-012       -5.216428593E-010
       16        2.657263650E-002       -7.422398915E-012       -1.144194228E-009
       17        9.041527944E-003       -2.471983611E-012       -1.144306108E-009
       18       -8.494781808E-003        2.413403483E-012       -1.144307720E-009
       19        8.166018288E-021        8.794693825E-021        3.105008450E-020
       20        4.827844270E-021        5.098809386E-021        5.427684961E-020
       21       -2.605480122E-021       -2.872071073E-021        3.100093544E-020
       22        1.193151850E-002        6.295267126E-003        1.574674662E-001
       23        4.058855030E-003        2.119416999E-003        1.574629851E-001
       24       -3.813230110E-003       -2.027608463E-003        1.574628520E-001
       25        2.654626854E-002        6.103945276E-003        3.504984231E-001
       26        9.025374002E-003        2.015872129E-003        3.504727686E-001
       27       -8.492368719E-003       -1.988732647E-003        3.504728216E-001
       28       -2.605480121E-021        2.872071087E-021       -3.100093560E-020
       29       -1.384297621E-020        1.459709425E-020       -5.407383728E-020
       30       -1.333840034E-020        1.408388973E-020       -3.094841280E-020
       31       -3.813230110E-003        2.027608479E-003       -1.574628531E-001
       32       -1.168415339E-002        6.089640004E-003       -1.574670916E-001
       33       -1.955673196E-002        1.023457644E-002       -1.574757922E-001
       34       -8.492368721E-003        1.988732652E-003       -3.504728239E-001
       35       -2.600396045E-002        5.782337397E-003       -3.504978940E-001
       36       -4.352464408E-002        9.816143178E-003       -3.505474679E-001
       37       -2.617424658E-021        7.204106892E-030       -8.421059066E-029
       38       -1.399425384E-020        3.797041278E-029       -1.469337667E-028
       39       -1.344422146E-020        3.651147591E-029       -8.408613529E-029
       40       -3.813684937E-003        7.706514071E-012       -5.216428593E-010
       41       -1.169220360E-002        2.357683957E-011       -5.216772779E-010
       42       -1.956798242E-002        3.945935909E-011       -5.217468251E-010
       43       -8.494781808E-003        2.413403483E-012       -1.144307720E-009
       44       -2.604796365E-002        7.156890086E-012       -1.144199376E-009
       45       -4.358620790E-002        1.208700402E-011       -1.143981058E-009
       46       -2.605480122E-021       -2.872071073E-021        3.100093544E-020
       47       -1.384297622E-020       -1.459709417E-020        5.407383699E-020
       48       -1.333840034E-020       -1.408388966E-020        3.094841264E-020
       49       -3.813230110E-003       -2.027608463E-003        1.574628520E-001
       50       -1.168415339E-002       -6.089639956E-003        1.574670906E-001
       51       -1.955673197E-002       -1.023457636E-002        1.574757911E-001
       52       -8.492368719E-003       -1.988732647E-003        3.504728216E-001
       53       -2.600396044E-002       -5.782337384E-003        3.504978916E-001
       54       -4.352464407E-002       -9.816143156E-003        3.505474656E-001
       55        2.654626855E-002       -6.103945290E-003       -3.504984254E-001
       56        9.025374005E-003       -2.015872134E-003       -3.504727709E-001
       57       -8.492368721E-003        1.988732652E-003       -3.504728239E-001
       58        4.044114723E-002       -5.062531070E-003       -5.338362724E-001
       59        1.374819225E-002       -1.706492148E-003       -5.338434616E-001
       60       -1.294565683E-002        1.623923159E-003       -5.338434178E-001
       61        5.239708084E-002       -4.274404224E-003       -6.918169571E-001
       62        1.780469347E-002       -1.479582396E-003       -6.918267631E-001
       63       -1.678884584E-002        1.346091304E-003       -6.918264190E-001
       64        2.657263650E-002       -7.422398915E-012       -1.144194228E-009
       65        9.041527944E-003       -2.471983611E-012       -1.144306108E-009
       66       -8.494781808E-003        2.413403483E-012       -1.144307720E-009
       67        4.043379833E-002        2.578350595E-011       -8.119095850E-010
       68        1.374374177E-002        8.784491622E-012       -8.120293197E-010
       69       -1.294483141E-002       -8.211466523E-012       -8.120307812E-010
       70        5.238670618E-002        3.811868557E-011        3.266779314E-010
       71        1.779828017E-002        1.294081931E-011        3.266968638E-010
       72       -1.678813652E-002       -1.216609152E-011        3.266976675E-010
       73        2.654626854E-002        6.103945276E-003        3.504984231E-001
       74        9.025374002E-003        2.015872129E-003        3.504727686E-001
       75       -8.492368719E-003       -1.988732647E-003        3.504728216E-001
       76        4.044114723E-002        5.062531123E-003        5.338362707E-001
       77        1.374819225E-002        1.706492166E-003        5.338434600E-001
       78       -1.294565682E-002       -1.623923175E-003        5.338434161E-001
       79        5.239708084E-002        4.274404301E-003        6.918169578E-001
       80        1.780469348E-002        1.479582422E-003        6.918267637E-001
       81       -1.678884584E-002       -1.346091328E-003        6.918264197E-001
       82       -8.492368721E-003        1.988732652E-003       -3.504728239E-001
       83       -2.600396045E-002        5.782337397E-003       -3.504978940E-001
       84       -4.352464408E-002        9.816143178E-003       -3.505474679E-001
       85       -1.294565683E-002        1.623923159E-003       -5.338434178E-001
       86       -3.964126853E-002        4.883643139E-003       -5.338363859E-001
       87       -6.633429744E-002        8.217088213E-003       -5.338224338E-001
       88       -1.678884584E-002        1.346091304E-003       -6.918264190E-001
       89       -5.138459441E-002        4.222399903E-003       -6.918166683E-001
       90       -8.597699536E-002        7.009750607E-003       -6.917978526E-001
       91       -8.494781808E-003        2.413403483E-012       -1.144307720E-009
       92       -2.604796365E-002        7.156890086E-012       -1.144199376E-009
       93       -4.358620790E-002        1.208700402E-011       -1.143981058E-009
       94       -1.294483141E-002       -8.211466523E-012       -8.120307812E-010
       95       -3.962859226E-002       -2.519410037E-011       -8.119144231E-010
       96       -6.631660964E-002       -4.218555836E-011       -8.116807537E-010
       97       -1.678813652E-002       -1.216609152E-011        3.266976675E-010
       98       -5.136806855E-002       -3.712101653E-011        3.266796091E-010
       99       -8.595374725E-002       -6.227934910E-011        3.266427248E-010
      100       -8.492368719E-003       -1.988732647E-003        3.504728216E-001
      101       -2.600396044E-002       -5.782337384E-003        3.504978916E-001
      102       -4.352464407E-002       -9.816143156E-003        3.505474656E-001
      103       -1.294565682E-002       -1.623923175E-003        5.338434161E-001
      104       -3.964126852E-002       -4.883643190E-003        5.338363842E-001
      105       -6.633429743E-002       -8.217088298E-003        5.338224321E-001
      106       -1.678884584E-002       -1.346091328E-003        6.918264197E-001
      107       -5.138459441E-002       -4.222399978E-003        6.918166690E-001
      108       -8.597699537E-002       -7.009750733E-003        6.917978532E-001
      109        5.239708084E-002       -4.274404224E-003       -6.918169571E-001
      110        1.780469347E-002       -1.479582396E-003       -6.918267631E-001
      111       -1.678884584E-002        1.346091304E-003       -6.918264190E-001
      112        6.221486369E-002       -3.422663771E-003       -8.217001211E-001
      113        2.112907999E-002       -1.157215980E-003       -8.217050672E-001
      114       -1.995729455E-002        1.090380703E-003       -8.217049674E-001
      115        6.951811889E-002       -2.397933469E-003       -9.184330773E-001
      116        2.359557291E-002       -7.799031013E-004       -9.184378545E-001
      117       -2.232779761E-002        7.756164300E-004       -9.184381297E-001
      118        5.238670618E-002        3.811868557E-011        3.266779314E-010
      119        1.779828017E-002        1.294081931E-011        3.266968638E-010
      120       -1.678813652E-002       -1.216609152E-011        3.266976675E-010
      121        6.220969158E-002        1.533235423E-011        1.290077337E-009
      122        2.112593345E-002        5.236525280E-012        1.290226711E-009
      123       -1.995677411E-002       -4.856407612E-012        1.290229079E-009
      124        6.951314458E-002       -3.425765690E-011        1.041992088E-009
      125        2.359250609E-002       -1.159483834E-011        1.042252165E-009
      126       -2.232722378E-002        1.100651856E-011        1.042254727E-009
      127        5.239708084E-002        4.274404301E-003        6.918169578E-001
      128        1.780469348E-002        1.479582422E-003        6.918267637E-001
      129       -1.678884584E-002       -1.346091328E-003        6.918264197E-001
      130        6.221486370E-002        3.422663803E-003        8.217001237E-001
      131        2.112908000E-002        1.157215991E-003        8.217050698E-001
      132       -1.995729456E-002       -1.090380713E-003        8.217049701E-001
      133        6.951811891E-002        2.397933401E-003        9.184330795E-001
      134        2.359557291E-002        7.799030782E-004        9.184378566E-001
      135       -2.232779761E-002       -7.756164083E-004        9.184381319E-001
      136       -1.678884584E-002        1.346091304E-003       -6.918264190E-001
      137       -5.138459441E-002        4.222399903E-003       -6.918166683E-001
      138       -8.597699536E-002        7.009750607E-003       -6.917978526E-001
      139       -1.995729455E-002        1.090380703E-003       -8.217049674E-001
      140       -6.104481971E-002        3.287275260E-003       -8.217001618E-001
      141       -1.021306352E-001        5.535513686E-003       -8.216906260E-001
      142       -2.232779761E-002        7.756164300E-004       -9.184381297E-001
      143       -6.825299941E-002        2.195726592E-003       -9.184332889E-001
      144       -1.141758279E-001        3.795938974E-003       -9.184235447E-001
      145       -1.678813652E-002       -1.216609152E-011        3.266976675E-010
      146       -5.136806855E-002       -3.712101653E-011        3.266796091E-010
      147       -8.595374725E-002       -6.227934910E-011        3.266427248E-010
      148       -1.995677411E-002       -4.856407612E-012        1.290229079E-009
      149       -6.103608364E-002       -1.493782408E-011        1.290084344E-009
      150       -1.021184053E-001       -2.502753311E-011        1.289791907E-009
      151       -2.232722378E-002        1.100651856E-011        1.042254727E-009
      152       -6.824392725E-002        3.349884097E-011        1.042002355E-009
      153       -1.141632433E-001        5.616703084E-011        1.041495262E-009
      154       -1.678884584E-002       -1.346091328E-003        6.918264197E-001
      155       -5.138459441E-002       -4.222399978E-003        6.918166690E-001
      156       -8.597699537E-002       -7.009750733E-003        6.917978532E-001
      157       -1.995729456E-002       -1.090380713E-003        8.217049701E-001
      158       -6.104481972E-002       -3.287275291E-003        8.217001645E-001
      159       -1.021306352E-001       -5.535513738E-003        8.216906287E-001
      160       -2.232779761E-002       -7.756164083E-004        9.184381319E-001
      161       -6.825299942E-002       -2.195726525E-003        9.184332910E-001
      162       -1.141758280E-001       -3.795938862E-003        9.184235469E-001
      163        6.951811889E-002       -2.397933469E-003       -9.184330773E-001
      164        2.359557291E-002       -7.799031013E-004       -9.184378545E-001
      165       -2.232779761E-002        7.756164300E-004       -9.184381297E-001
      166        7.401667732E-002       -1.199654082E-003       -9.782014523E-001
      167        2.510541475E-002       -4.122094668E-004       -9.782081985E-001
      168       -2.380687025E-002        3.691103712E-004       -9.782082906E-001
      169        7.562790855E-002       -1.957209617E-004       -9.999968038E-001
      170        2.562859688E-002       -1.105405693E-004       -1.000000000E+000
      171       -2.436934148E-002        2.504622301E-005       -9.999978906E-001
      172        6.951314458E-002       -3.425765690E-011        1.041992088E-009
      173        2.359250609E-002       -1.159483834E-011        1.042252165E-009
      174       -2.232722378E-002        1.100651856E-011        1.042254727E-009
      175        7.400947106E-002       -8.361354924E-011       -9.891917775E-010
      176        2.510092058E-002       -2.842477869E-011       -9.890545957E-010
      177       -2.380631521E-002        2.675690894E-011       -9.890527690E-010
      178        7.562504775E-002       -9.795102601E-011       -4.092024590E-009
      179        2.562736416E-002       -3.335280602E-011       -4.092058891E-009
      180       -2.436881409E-002        3.131302177E-011       -4.092056478E-009
      181        6.951811891E-002        2.397933401E-003        9.184330795E-001
      182        2.359557291E-002        7.799030782E-004        9.184378566E-001
      183       -2.232779761E-002       -7.756164083E-004        9.184381319E-001
      184        7.401667733E-002        1.199653913E-003        9.782014504E-001
      185        2.510541475E-002        4.122094094E-004        9.782081965E-001
      186       -2.380687025E-002       -3.691103171E-004        9.782082887E-001
      187        7.562790855E-002        1.957207645E-004        9.999967956E-001
      188        2.562859688E-002        1.105405023E-004        9.999999918E-001
      189       -2.436934148E-002       -2.504615986E-005        9.999978824E-001
      190       -2.232779761E-002        7.756164300E-004       -9.184381297E-001
      191       -6.825299941E-002        2.195726592E-003       -9.184332889E-001
      192       -1.141758279E-001        3.795938974E-003       -9.184235447E-001
      193       -2.380687025E-002        3.691103712E-004       -9.782082906E-001
      194       -7.272133627E-002        1.133344389E-003       -9.782014576E-001
      195       -1.216328466E-001        1.915200780E-003       -9.781880443E-001
      196       -2.436934148E-002        2.504622301E-005       -9.999978906E-001
      197       -7.436304236E-002        2.613387107E-004       -9.999967147E-001
      198       -1.243606772E-001        3.523185096E-004       -9.999940519E-001
      199       -2.232722378E-002        1.100651856E-011        1.042254727E-009
      200       -6.824392725E-002        3.349884097E-011        1.042002355E-009
      201       -1.141632433E-001        5.616703084E-011        1.041495262E-009
      202       -2.380631521E-002        2.675690894E-011       -9.890527690E-010
      203       -7.270922963E-002        8.191322802E-011       -9.891842332E-010
      204       -1.216159118E-001        1.370899204E-010       -9.894509400E-010
      205       -2.436881409E-002        3.131302177E-011       -4.092056478E-009
      206       -7.436069001E-002        9.609247203E-011       -4.092025352E-009
      207       -1.243568780E-001        1.606783513E-010       -4.091963364E-009
      208       -2.232779761E-002       -7.756164083E-004        9.184381319E-001
      209       -6.825299942E-002       -2.195726525E-003        9.184332910E-001
      210       -1.141758280E-001       -3.795938862E-003        9.184235469E-001
      211       -2.380687025E-002       -3.691103171E-004        9.782082887E-001
      212       -7.272133628E-002       -1.133344223E-003        9.782014557E-001
      213       -1.216328466E-001       -1.915200504E-003        9.781880424E-001
      214       -2.436934148E-002       -2.504615986E-005        9.999978824E-001
      215       -7.436304236E-002       -2.613385178E-004        9.999967066E-001
      216       -1.243606772E-001       -3.523181866E-004        9.999940438E-001
$EndDataNodes
$NodeData
 1
"[  6]_F2668.11"
 1
 0.0
 3
 0
 3
         216
        1        3.541198701E-021        6.487807673E-020        2.168466957E-019
        2        2.137454816E-021        3.828915651E-020        3.790253773E-019
        3       -1.103570845E-021       -2.078101619E-020        2.164768009E-019
        4       -9.356239191E-004        1.932523379E-002        4.856941590E-001
        5       -3.180924358E-004        6.542137997E-003        4.857084161E-001
        6        2.983260296E-004       -6.200671346E-003        4.857084778E-001
        7       -4.111674969E-003       -1.250049714E-002        7.164146128E-001
        8       -1.397849274E-003       -4.216071147E-003        7.165758094E-001
        9        1.314394769E-003        4.029077289E-003        7.165779246E-001
       10        6.492633189E-029        6.606336113E-020        2.195113881E-019
       11        5.838016969E-029        3.891502758E-020        3.837785120E-019
       12        2.085196706E-030       -2.122285943E-020        2.191429973E-019
       13        2.815410799E-011        1.839373339E-002        4.795064797E-001
       14        1.436679687E-011        6.252375273E-003        4.795258254E-001
       15        5.731035891E-013       -5.882313885E-003        4.795257980E-001
       16        7.534449169E-011       -1.116017002E-002        6.892579922E-001
       17        4.149800889E-011       -3.838729793E-003        6.894006633E-001
       18        7.646582813E-012        3.543555736E-003        6.894028063E-001
       19       -3.541198571E-021        6.487807680E-020        2.168466960E-019
       20       -2.137454699E-021        3.828915652E-020        3.790253779E-019
       21        1.103570850E-021       -2.078101625E-020        2.164768012E-019
       22        9.356239759E-004        1.932523380E-002        4.856941595E-001
       23        3.180924651E-004        6.542137995E-003        4.857084166E-001
       24       -2.983260279E-004       -6.200671364E-003        4.857084783E-001
       25        4.111675120E-003       -1.250049713E-002        7.164146141E-001
       26        1.397849358E-003       -4.216071152E-003        7.165758108E-001
       27       -1.314394753E-003        4.029077265E-003        7.165779260E-001
       28       -1.103570845E-021       -2.078101619E-020        2.164768009E-019
       29       -6.122263917E-021       -1.096776033E-019        3.776478397E-019
       30       -5.878495129E-021       -1.055337251E-019        2.161836020E-019
       31        2.983260296E-004       -6.200671346E-003        4.857084778E-001
       32        9.125417871E-004       -1.881828543E-002        4.856944925E-001
       33        1.529968004E-003       -3.155179043E-002        4.856665381E-001
       34        1.314394769E-003        4.029077289E-003        7.165779246E-001
       35        4.018736702E-003        1.213886848E-002        7.164211539E-001
       36        6.727534376E-003        2.036170022E-002        7.161061313E-001
       37        2.085196706E-030       -2.122285943E-020        2.191429973E-019
       38       -5.112228095E-029       -1.114708480E-019        3.823737554E-019
       39       -6.071125665E-029       -1.072222504E-019        2.188292554E-019
       40        5.731035891E-013       -5.882313885E-003        4.795257980E-001
       41       -1.323801397E-011       -1.798424024E-002        4.795069162E-001
       42       -2.703632345E-011       -3.010532808E-002        4.794693028E-001
       43        7.646582813E-012        3.543555736E-003        6.894028063E-001
       44       -2.621938040E-011        1.105296856E-002        6.892647445E-001
       45       -6.007308099E-011        1.838726133E-002        6.889861171E-001
       46        1.103570850E-021       -2.078101625E-020        2.164768012E-019
       47        6.122263818E-021       -1.096776036E-019        3.776478403E-019
       48        5.878495009E-021       -1.055337253E-019        2.161836024E-019
       49       -2.983260279E-004       -6.200671364E-003        4.857084783E-001
       50       -9.125418129E-004       -1.881828546E-002        4.856944930E-001
       51       -1.529968058E-003       -3.155179048E-002        4.856665386E-001
       52       -1.314394753E-003        4.029077265E-003        7.165779260E-001
       53       -4.018736755E-003        1.213886844E-002        7.164211552E-001
       54       -6.727534496E-003        2.036170017E-002        7.161061326E-001
       55       -4.111674969E-003       -1.250049714E-002        7.164146128E-001
       56       -1.397849274E-003       -4.216071147E-003        7.165758094E-001
       57        1.314394769E-003        4.029077289E-003        7.165779246E-001
       58        7.522941461E-004       -2.933220700E-002       -1.029724139E-001
       59        2.556464943E-004       -9.950013151E-003       -1.029969225E-001
       60       -2.405031819E-004        9.396849678E-003       -1.029972958E-001
       61        4.509987217E-003       -8.784575731E-004       -7.259460171E-001
       62        1.537970819E-003       -3.228223389E-004       -7.261599426E-001
       63       -1.437983255E-003        2.625242045E-004       -7.261623646E-001
       64        7.534449169E-011       -1.116017002E-002        6.892579922E-001
       65        4.149800889E-011       -3.838729793E-003        6.894006633E-001
       66        7.646582813E-012        3.543555736E-003        6.894028063E-001
       67        1.150818078E-010       -2.837613462E-002       -9.800021195E-002
       68        6.771623007E-011       -9.646089786E-003       -9.802318121E-002
       69        2.035345038E-011        9.075067300E-003       -9.802348869E-002
       70        1.465067099E-010       -1.222091123E-003       -6.962711616E-001
       71        8.891822109E-011       -3.752304925E-004       -6.964663899E-001
       72        3.133674748E-011        4.150024615E-004       -6.964693940E-001
       73        4.111675120E-003       -1.250049713E-002        7.164146141E-001
       74        1.397849358E-003       -4.216071152E-003        7.165758108E-001
       75       -1.314394753E-003        4.029077265E-003        7.165779260E-001
       76       -7.522939161E-004       -2.933220700E-002       -1.029724120E-001
       77       -2.556463590E-004       -9.950013162E-003       -1.029969206E-001
       78        2.405032224E-004        9.396849661E-003       -1.029972939E-001
       79       -4.509986925E-003       -8.784575651E-004       -7.259460148E-001
       80       -1.537970642E-003       -3.228223434E-004       -7.261599403E-001
       81        1.437983317E-003        2.625241877E-004       -7.261623623E-001
       82        1.314394769E-003        4.029077289E-003        7.165779246E-001
       83        4.018736702E-003        1.213886848E-002        7.164211539E-001
       84        6.727534376E-003        2.036170022E-002        7.161061313E-001
       85       -2.405031819E-004        9.396849678E-003       -1.029972958E-001
       86       -7.349588575E-004        2.863802187E-002       -1.029734755E-001
       87       -1.230841225E-003        4.798082319E-002       -1.029254939E-001
       88       -1.437983255E-003        2.625242045E-004       -7.261623646E-001
       89       -4.421582809E-003        9.370188877E-004       -7.259549511E-001
       90       -7.393790387E-003        1.525914972E-003       -7.255382408E-001
       91        7.646582813E-012        3.543555736E-003        6.894028063E-001
       92       -2.621938040E-011        1.105296856E-002        6.892647445E-001
       93       -6.007308099E-011        1.838726133E-002        6.889861171E-001
       94        2.035345038E-011        9.075067300E-003       -9.802348869E-002
       95       -2.700169820E-011        2.776278785E-002       -9.800125314E-002
       96       -7.436328984E-011        4.647604826E-002       -9.795642157E-002
       97        3.133674748E-011        4.150024615E-004       -6.964693940E-001
       98       -2.622075434E-011        1.087346443E-003       -6.962801082E-001
       99       -8.379793408E-011        1.922767639E-003       -6.958986756E-001
      100       -1.314394753E-003        4.029077265E-003        7.165779260E-001
      101       -4.018736755E-003        1.213886844E-002        7.164211552E-001
      102       -6.727534496E-003        2.036170017E-002        7.161061326E-001
      103        2.405032224E-004        9.396849661E-003       -1.029972939E-001
      104        7.349588033E-004        2.863802185E-002       -1.029734736E-001
      105        1.230841077E-003        4.798082316E-002       -1.029254920E-001
      106        1.437983317E-003        2.625241877E-004       -7.261623623E-001
      107        4.421582756E-003        9.370188586E-004       -7.259549488E-001
      108        7.393790219E-003        1.525914930E-003       -7.255382385E-001
      109        4.509987217E-003       -8.784575731E-004       -7.259460171E-001
      110        1.537970819E-003       -3.228223389E-004       -7.261599426E-001
      111       -1.437983255E-003        2.625242045E-004       -7.261623646E-001
      112        8.502728740E-004        2.838592110E-002       -1.597938468E-001
      113        2.900748767E-004        9.630548897E-003       -1.598303486E-001
      114       -2.708604901E-004       -9.089386876E-003       -1.598307629E-001
      115       -4.360250839E-003        1.076153362E-002        6.364678642E-001
      116       -1.487810015E-003        3.668983540E-003        6.366753993E-001
      117        1.389340722E-003       -3.434109270E-003        6.366776599E-001
      118        1.465067099E-010       -1.222091123E-003       -6.962711616E-001
      119        8.891822109E-011       -3.752304925E-004       -6.964663899E-001
      120        3.133674748E-011        4.150024615E-004       -6.964693940E-001
      121        1.644236032E-010        2.735923168E-002       -1.542004443E-001
      122        1.024382170E-010        9.302613348E-003       -1.542355834E-001
      123        4.045427677E-011       -8.744834399E-003       -1.542360627E-001
      124        1.764980669E-010        1.029569405E-002        6.077977716E-001
      125        1.124889698E-010        3.469223525E-003        6.079916669E-001
      126        4.847586611E-011       -3.308009257E-003        6.079947773E-001
      127       -4.509986925E-003       -8.784575651E-004       -7.259460148E-001
      128       -1.537970642E-003       -3.228223434E-004       -7.261599403E-001
      129        1.437983317E-003        2.625241877E-004       -7.261623623E-001
      130       -8.502725452E-004        2.838592109E-002       -1.597938444E-001
      131       -2.900746719E-004        9.630548888E-003       -1.598303462E-001
      132        2.708605709E-004       -9.089386883E-003       -1.598307604E-001
      133        4.360251192E-003        1.076153362E-002        6.364678668E-001
      134        1.487810240E-003        3.668983537E-003        6.366754019E-001
      135       -1.389340625E-003       -3.434109280E-003        6.366776624E-001
      136       -1.437983255E-003        2.625242045E-004       -7.261623646E-001
      137       -4.421582809E-003        9.370188877E-004       -7.259549511E-001
      138       -7.393790387E-003        1.525914972E-003       -7.255382408E-001
      139       -2.708604901E-004       -9.089386876E-003       -1.598307629E-001
      140       -8.336220308E-004       -2.770318666E-002       -1.597954326E-001
      141       -1.394267575E-003       -4.641891542E-002       -1.597243377E-001
      142        1.389340722E-003       -3.434109270E-003        6.366776599E-001
      143        4.277285964E-003       -1.055016571E-002        6.364767251E-001
      144        7.151651593E-003       -1.763572145E-002        6.360728169E-001
      145        3.133674748E-011        4.150024615E-004       -6.964693940E-001
      146       -2.622075434E-011        1.087346443E-003       -6.962801082E-001
      147       -8.379793408E-011        1.922767639E-003       -6.958986756E-001
      148        4.045427677E-011       -8.744834399E-003       -1.542360627E-001
      149       -2.152325771E-011       -2.675887655E-002       -1.542019198E-001
      150       -8.350547582E-011       -4.479927811E-002       -1.541332658E-001
      151        4.847586611E-011       -3.308009257E-003        6.079947773E-001
      152       -1.555582801E-011       -9.974843846E-003        6.078064868E-001
      153       -7.956983022E-011       -1.678354638E-002        6.074273404E-001
      154        1.437983317E-003        2.625241877E-004       -7.261623623E-001
      155        4.421582756E-003        9.370188586E-004       -7.259549488E-001
      156        7.393790219E-003        1.525914930E-003       -7.255382385E-001
      157        2.708605709E-004       -9.089386883E-003       -1.598307604E-001
      158        8.336219877E-004       -2.770318667E-002       -1.597954301E-001
      159        1.394267408E-003       -4.641891543E-002       -1.597243352E-001
      160       -1.389340625E-003       -3.434109280E-003        6.366776624E-001
      161       -4.277285995E-003       -1.055016573E-002        6.364767276E-001
      162       -7.151651752E-003       -1.763572148E-002        6.360728195E-001
      163       -4.360250839E-003        1.076153362E-002        6.364678642E-001
      164       -1.487810015E-003        3.668983540E-003        6.366753993E-001
      165        1.389340722E-003       -3.434109270E-003        6.366776599E-001
      166       -3.368450413E-003       -2.918715970E-002        2.784958971E-001
      167       -1.147069693E-003       -9.912397237E-003        2.786175369E-001
      168        1.074902370E-003        9.340347323E-003        2.786191409E-001
      169       -5.050229083E-004       -4.229780619E-002       -9.965307392E-001
      170       -1.674136459E-004       -1.440953819E-002       -9.965740290E-001
      171        1.657386803E-004        1.350423142E-002       -9.965727739E-001
      172        1.764980669E-010        1.029569405E-002        6.077977716E-001
      173        1.124889698E-010        3.469223525E-003        6.079916669E-001
      174        4.847586611E-011       -3.308009257E-003        6.079947773E-001
      175        1.977573390E-010       -2.861321524E-002        2.562889763E-001
      176        1.241522556E-010       -9.729676702E-003        2.564094656E-001
      177        5.055189465E-011        9.147075040E-003        2.564113896E-001
      178        2.078987220E-010       -4.200493040E-002       -9.999580604E-001
      179        1.303911140E-010       -1.426663811E-002       -9.999981156E-001
      180        5.288711956E-011        1.343427395E-002       -1.000000000E+000
      181        4.360251192E-003        1.076153362E-002        6.364678668E-001
      182        1.487810240E-003        3.668983537E-003        6.366754019E-001
      183       -1.389340625E-003       -3.434109280E-003        6.366776624E-001
      184        3.368450809E-003       -2.918715970E-002        2.784959000E-001
      185        1.147069941E-003       -9.912397238E-003        2.786175399E-001
      186       -1.074902269E-003        9.340347316E-003        2.786191438E-001
      187        5.050233242E-004       -4.229780619E-002       -9.965307361E-001
      188        1.674139068E-004       -1.440953819E-002       -9.965740259E-001
      189       -1.657385746E-004        1.350423141E-002       -9.965727708E-001
      190        1.389340722E-003       -3.434109270E-003        6.366776599E-001
      191        4.277285964E-003       -1.055016571E-002        6.364767251E-001
      192        7.151651593E-003       -1.763572145E-002        6.360728169E-001
      193        1.074902370E-003        9.340347323E-003        2.786191409E-001
      194        3.298371999E-003        2.852724772E-002        2.785013901E-001
      195        5.520142036E-003        4.777747270E-002        2.782641571E-001
      196        1.657386803E-004        1.350423142E-002       -9.965727739E-001
      197        4.864795434E-004        4.146037260E-002       -9.965318351E-001
      198        8.200482465E-004        6.934294744E-002       -9.964500954E-001
      199        4.847586611E-011       -3.308009257E-003        6.079947773E-001
      200       -1.555582801E-011       -9.974843846E-003        6.078064868E-001
      201       -7.956983022E-011       -1.678354638E-002        6.074273404E-001
      202        5.055189465E-011        9.147075040E-003        2.564113896E-001
      203       -2.303354999E-011        2.800063941E-002        2.562943993E-001
      204       -9.663207976E-011        4.687370921E-002        2.560587636E-001
      205        5.288711956E-011        1.343427395E-002       -1.000000000E+000
      206       -2.459699185E-011        4.104777395E-002       -9.999591613E-001
      207       -1.020990596E-010        6.876903310E-002       -9.998777215E-001
      208       -1.389340625E-003       -3.434109280E-003        6.366776624E-001
      209       -4.277285995E-003       -1.055016573E-002        6.364767276E-001
      210       -7.151651752E-003       -1.763572148E-002        6.360728195E-001
      211       -1.074902269E-003        9.340347316E-003        2.786191438E-001
      212       -3.298372045E-003        2.852724771E-002        2.785013931E-001
      213       -5.520142229E-003        4.777747268E-002        2.782641600E-001
      214       -1.657385746E-004        1.350423141E-002       -9.965727708E-001
      215       -4.864795928E-004        4.146037260E-002       -9.965318320E-001
      216       -8.200484509E-004        6.934294744E-002       -9.964500923E-001
$EndDataNodes
$NodeData
 1
"[  7]_F4479.79"
 1
 0.0
 3
 0
 3
         216
        1       -2.012892375E-019        2.230222884E-019        7.632434173E-019
        2       -1.196471151E-019        1.286724418E-019        1.334189618E-018
        3        6.348490209E-020       -7.346966786E-020        7.620420784E-019
        4       -3.428431866E-002        1.678077018E-002        4.511863318E-001
        5       -1.172330663E-002        5.613876566E-003        4.511970654E-001
        6        1.083894027E-002       -5.475293024E-003        4.511965729E-001
        7       -6.569910631E-002        9.624730930E-003        8.639177865E-001
        8       -2.250796400E-002        3.081928387E-003        8.638870222E-001
        9        2.067939829E-002       -3.254046135E-003        8.638865054E-001
       10       -2.025880093E-019       -1.337922811E-027       -3.669196256E-027
       11       -1.209288141E-019       -7.864830677E-028       -6.414740800E-027
       12        6.379301315E-020        4.306889505E-028       -3.662837351E-027
       13       -3.427031084E-002       -8.022390667E-011       -3.046297237E-009
       14       -1.171359794E-002       -2.724503382E-011       -3.046930788E-009
       15        1.084099368E-002        2.567804991E-011       -3.046935666E-009
       16       -6.572903513E-002        1.773756113E-010       -1.601002696E-009
       17       -2.252603104E-002        6.063960852E-011       -1.601466397E-009
       18        2.068292910E-002       -5.654850075E-011       -1.601473976E-009
       19       -2.012892374E-019       -2.230222911E-019       -7.632434246E-019
       20       -1.196471151E-019       -1.286724434E-019       -1.334189631E-018
       21        6.348490207E-020        7.346966872E-020       -7.620420856E-019
       22       -3.428431870E-002       -1.678077035E-002       -4.511863381E-001
       23       -1.172330664E-002       -5.613876625E-003       -4.511970718E-001
       24        1.083894028E-002        5.475293080E-003       -4.511965792E-001
       25       -6.569910635E-002       -9.624730542E-003       -8.639177900E-001
       26       -2.250796401E-002       -3.081928256E-003       -8.638870256E-001
       27        2.067939830E-002        3.254046010E-003       -8.638865088E-001
       28        6.348490209E-020       -7.346966786E-020        7.620420784E-019
       29        3.392982540E-019       -3.711481721E-019        1.329193112E-018
       30        3.273071680E-019       -3.578797406E-019        7.607379894E-019
       31        1.083894027E-002       -5.475293024E-003        4.511965729E-001
       32        3.340355406E-002       -1.633316905E-002        4.511862047E-001
       33        5.596459794E-002       -2.741453671E-002        4.511664131E-001
       34        2.067939829E-002       -3.254046135E-003        8.638865054E-001
       35        6.385948342E-002       -9.077956275E-003        8.639166190E-001
       36        1.070504357E-001       -1.549721730E-002        8.639761969E-001
       37        6.379301315E-020        4.306889505E-028       -3.662837351E-027
       38        3.430180886E-019        2.251387934E-027       -6.391538326E-027
       39        3.299028156E-019        2.166568403E-027       -3.658066958E-027
       40        1.084099368E-002        2.567804991E-011       -3.046935666E-009
       41        3.338873123E-002        7.833340379E-011       -3.046318949E-009
       42        5.594255369E-002        1.311490679E-010       -3.045083318E-009
       43        2.068292910E-002       -5.654850075E-011       -1.601473976E-009
       44        6.391124419E-002       -1.745790004E-010       -1.601027231E-009
       45        1.071224176E-001       -2.913080940E-010       -1.600121434E-009
       46        6.348490207E-020        7.346966872E-020       -7.620420856E-019
       47        3.392982539E-019        3.711481765E-019       -1.329193125E-018
       48        3.273071679E-019        3.578797449E-019       -7.607379967E-019
       49        1.083894028E-002        5.475293080E-003       -4.511965792E-001
       50        3.340355409E-002        1.633316922E-002       -4.511862110E-001
       51        5.596459800E-002        2.741453700E-002       -4.511664194E-001
       52        2.067939830E-002        3.254046010E-003       -8.638865088E-001
       53        6.385948345E-002        9.077955897E-003       -8.639166224E-001
       54        1.070504358E-001        1.549721667E-002       -8.639762004E-001
       55       -6.569910631E-002        9.624730930E-003        8.639177865E-001
       56       -2.250796400E-002        3.081928387E-003        8.638870222E-001
       57        2.067939829E-002       -3.254046135E-003        8.638865054E-001
       58       -7.459496718E-002       -2.232980442E-003        9.792369291E-001
       59       -2.562211253E-002       -7.679986449E-004        9.793060612E-001
       60        2.335928569E-002        6.845632550E-004        9.793050088E-001
       61       -5.641991258E-002       -1.197655048E-002        7.392024411E-001
       62       -1.945037608E-002       -3.902881606E-003        7.392600825E-001
       63        1.752633877E-002        3.950054834E-003        7.392583450E-001
       64       -6.572903513E-002        1.773756113E-010       -1.601002696E-009
       65       -2.252603104E-002        6.063960852E-011       -1.601466397E-009
       66        2.068292910E-002       -5.654850075E-011       -1.601473976E-009
       67       -7.452395159E-002        4.435366680E-011        3.190116036E-009
       68       -2.557921872E-002        1.505448139E-011        3.191434730E-009
       69        2.335107794E-002       -1.421763548E-011        3.191450909E-009
       70       -5.636084674E-002       -1.912919549E-010        2.014188837E-010
       71       -1.941479433E-002       -6.535296238E-011        2.014535295E-010
       72        1.751948987E-002        6.100306913E-011        2.014564003E-010
       73       -6.569910635E-002       -9.624730542E-003       -8.639177900E-001
       74       -2.250796401E-002       -3.081928256E-003       -8.638870256E-001
       75        2.067939830E-002        3.254046010E-003       -8.638865088E-001
       76       -7.459496711E-002        2.232980534E-003       -9.792369224E-001
       77       -2.562211251E-002        7.679986762E-004       -9.793060544E-001
       78        2.335928567E-002       -6.845632847E-004       -9.793050020E-001
       79       -5.641991258E-002        1.197655007E-002       -7.392024407E-001
       80       -1.945037608E-002        3.902881468E-003       -7.392600820E-001
       81        1.752633876E-002       -3.950054702E-003       -7.392583445E-001
       82        2.067939829E-002       -3.254046135E-003        8.638865054E-001
       83        6.385948342E-002       -9.077956275E-003        8.639166190E-001
       84        1.070504357E-001       -1.549721730E-002        8.639761969E-001
       85        2.335928569E-002        6.845632550E-004        9.793050088E-001
       86        7.235752838E-002        2.097990388E-003        9.792370822E-001
       87        1.213310361E-001        3.547109453E-003        9.791028640E-001
       88        1.752633877E-002        3.950054834E-003        7.392583450E-001
       89        5.451722507E-002        1.128781016E-002        7.392010402E-001
       90        9.148725781E-002        1.926128181E-002        7.390893968E-001
       91        2.068292910E-002       -5.654850075E-011       -1.601473976E-009
       92        6.391124419E-002       -1.745790004E-010       -1.601027231E-009
       93        1.071224176E-001       -2.913080940E-010       -1.600121434E-009
       94        2.335107794E-002       -1.421763548E-011        3.191450909E-009
       95        7.223460107E-002       -4.338458243E-011        3.190170435E-009
       96        1.211594956E-001       -7.262923767E-011        3.187595641E-009
       97        1.751948987E-002        6.100306913E-011        2.014564003E-010
       98        5.441564512E-002        1.880191317E-010        2.014244968E-010
       99        9.134545130E-002        3.138339083E-010        2.013551705E-010
      100        2.067939830E-002        3.254046010E-003       -8.638865088E-001
      101        6.385948345E-002        9.077955897E-003       -8.639166224E-001
      102        1.070504358E-001        1.549721667E-002       -8.639762004E-001
      103        2.335928567E-002       -6.845632847E-004       -9.793050020E-001
      104        7.235752832E-002       -2.097990479E-003       -9.792370754E-001
      105        1.213310360E-001       -3.547109604E-003       -9.791028572E-001
      106        1.752633876E-002       -3.950054702E-003       -7.392583445E-001
      107        5.451722507E-002       -1.128780977E-002       -7.392010398E-001
      108        9.148725780E-002       -1.926128114E-002       -7.390893964E-001
      109       -5.641991258E-002       -1.197655048E-002        7.392024411E-001
      110       -1.945037608E-002       -3.902881606E-003        7.392600825E-001
      111        1.752633877E-002        3.950054834E-003        7.392583450E-001
      112       -1.817904495E-002       -1.720611496E-002        2.362066979E-001
      113       -6.366685215E-003       -5.743180467E-003        2.362180215E-001
      114        5.447217283E-003        5.630528661E-003        2.362175405E-001
      115        2.630348124E-002       -1.620714036E-002       -3.478959852E-001
      116        8.904152453E-003       -5.488457123E-003       -3.479139339E-001
      117       -8.498443076E-003        5.293567675E-003       -3.479125594E-001
      118       -5.636084674E-002       -1.912919549E-010        2.014188837E-010
      119       -1.941479433E-002       -6.535296238E-011        2.014535295E-010
      120        1.751948987E-002        6.100306913E-011        2.014564003E-010
      121       -1.816899915E-002        2.739577633E-011       -3.182271263E-009
      122       -6.361373206E-003        9.302286988E-012       -3.183643675E-009
      123        5.443974602E-003       -8.776682940E-012       -3.183660529E-009
      124        2.628290858E-002        1.734479440E-010        1.212041537E-009
      125        8.890989695E-003        5.926323593E-011        1.212832296E-009
      126       -8.498714961E-003       -5.534955769E-011        1.212839088E-009
      127       -5.641991258E-002        1.197655007E-002       -7.392024407E-001
      128       -1.945037608E-002        3.902881468E-003       -7.392600820E-001
      129        1.752633876E-002       -3.950054702E-003       -7.392583445E-001
      130       -1.817904501E-002        1.720611502E-002       -2.362067047E-001
      131       -6.366685236E-003        5.743180487E-003       -2.362180283E-001
      132        5.447217303E-003       -5.630528680E-003       -2.362175473E-001
      133        2.630348127E-002        1.620714073E-002        3.478959879E-001
      134        8.904152463E-003        5.488457248E-003        3.479139365E-001
      135       -8.498443085E-003       -5.293567795E-003        3.479125620E-001
      136        1.752633877E-002        3.950054834E-003        7.392583450E-001
      137        5.451722507E-002        1.128781016E-002        7.392010402E-001
      138        9.148725781E-002        1.926128181E-002        7.390893968E-001
      139        5.447217283E-003        5.630528661E-003        2.362175405E-001
      140        1.726428615E-002        1.675334677E-002        2.362061487E-001
      141        2.907685224E-002        2.813283183E-002        2.361837587E-001
      142       -8.498443076E-003        5.293567675E-003       -3.479125594E-001
      143       -2.590834109E-002        1.613552352E-002       -3.478956969E-001
      144       -4.330879456E-002        2.679427551E-002       -3.478629843E-001
      145        1.751948987E-002        6.100306913E-011        2.014564003E-010
      146        5.441564512E-002        1.880191317E-010        2.014244968E-010
      147        9.134545130E-002        3.138339083E-010        2.013551705E-010
      148        5.443974602E-003       -8.776682940E-012       -3.183660529E-009
      149        1.724190045E-002       -2.680871813E-011       -3.182328475E-009
      150        2.904631501E-002       -4.488249677E-011       -3.179649653E-009
      151       -8.498714961E-003       -5.534955769E-011        1.212839088E-009
      152       -2.588071291E-002       -1.705769205E-010        1.212072906E-009
      153       -4.326903311E-002       -2.845707576E-010        1.210534166E-009
      154        1.752633876E-002       -3.950054702E-003       -7.392583445E-001
      155        5.451722507E-002       -1.128780977E-002       -7.392010398E-001
      156        9.148725780E-002       -1.926128114E-002       -7.390893964E-001
      157        5.447217303E-003       -5.630528680E-003       -2.362175473E-001
      158        1.726428621E-002       -1.675334683E-002       -2.362061555E-001
      159        2.907685234E-002       -2.813283193E-002       -2.361837655E-001
      160       -8.498443085E-003       -5.293567795E-003        3.479125620E-001
      161       -2.590834112E-002       -1.613552388E-002        3.478956995E-001
      162       -4.330879460E-002       -2.679427612E-002        3.478629869E-001
      163        2.630348124E-002       -1.620714036E-002       -3.478959852E-001
      164        8.904152453E-003       -5.488457123E-003       -3.479139339E-001
      165       -8.498443076E-003        5.293567675E-003       -3.479125594E-001
      166        6.156468676E-002       -9.875965479E-003       -8.097491931E-001
      167        2.106761628E-002       -3.251820456E-003       -8.098003793E-001
      168       -1.943676892E-002        3.318318879E-003       -8.097990879E-001
      169        7.617858811E-002       -2.147224550E-003       -9.999794945E-001
      170        2.619037775E-002       -5.767075031E-004       -9.999954429E-001
      171       -2.379062628E-002        8.548359161E-004       -1.000000000E+000
      172        2.628290858E-002        1.734479440E-010        1.212041537E-009
      173        8.890989695E-003        5.926323593E-011        1.212832296E-009
      174       -8.498714961E-003       -5.534955769E-011        1.212839088E-009
      175        6.151065155E-002       -1.197718653E-010        2.277964559E-009
      176        2.103446474E-002       -4.071201097E-011        2.279274818E-009
      177       -1.943236665E-002        3.829204727E-011        2.279289967E-009
      178        7.615785592E-002       -2.792773973E-010       -5.220995550E-009
      179        2.617551081E-002       -9.541867110E-011       -5.221457646E-009
      180       -2.379147948E-002        8.902433615E-011       -5.221436640E-009
      181        2.630348127E-002        1.620714073E-002        3.478959879E-001
      182        8.904152463E-003        5.488457248E-003        3.479139365E-001
      183       -8.498443085E-003       -5.293567795E-003        3.479125620E-001
      184        6.156468683E-002        9.875965233E-003        8.097491981E-001
      185        2.106761631E-002        3.251820372E-003        8.098003843E-001
      186       -1.943676894E-002       -3.318318800E-003        8.097990928E-001
      187        7.617858812E-002        2.147223982E-003        9.999794842E-001
      188        2.619037775E-002        5.767073101E-004        9.999954326E-001
      189       -2.379062629E-002       -8.548357343E-004        9.999999896E-001
      190       -8.498443076E-003        5.293567675E-003       -3.479125594E-001
      191       -2.590834109E-002        1.613552352E-002       -3.478956969E-001
      192       -4.330879456E-002        2.679427551E-002       -3.478629843E-001
      193       -1.943676892E-002        3.318318879E-003       -8.097990879E-001
      194       -5.995640121E-002        9.735936964E-003       -8.097498422E-001
      195       -1.004549068E-001        1.630888372E-002       -8.096521632E-001
      196       -2.379062628E-002        8.548359161E-004       -1.000000000E+000
      197       -7.374991878E-002        2.017709212E-003       -9.999777632E-001
      198       -1.237298285E-001        3.581400992E-003       -9.999366349E-001
      199       -8.498714961E-003       -5.534955769E-011        1.212839088E-009
      200       -2.588071291E-002       -1.705769205E-010        1.212072906E-009
      201       -4.326903311E-002       -2.845707576E-010        1.210534166E-009
      202       -1.943236665E-002        3.829204727E-011        2.279289967E-009
      203       -5.986837992E-002        1.171169447E-010        2.278021621E-009
      204       -1.003312210E-001        1.961022756E-010        2.275467774E-009
      205       -2.379147948E-002        8.902433615E-011       -5.221436640E-009
      206       -7.371321729E-002        2.744638416E-010       -5.221006046E-009
      207       -1.236790189E-001        4.582199361E-010       -5.220140196E-009
      208       -8.498443085E-003       -5.293567795E-003        3.479125620E-001
      209       -2.590834112E-002       -1.613552388E-002        3.478956995E-001
      210       -4.330879460E-002       -2.679427612E-002        3.478629869E-001
      211       -1.943676894E-002       -3.318318800E-003        8.097990928E-001
      212       -5.995640127E-002       -9.735936724E-003        8.097498472E-001
      213       -1.004549069E-001       -1.630888332E-002        8.096521681E-001
      214       -2.379062629E-002       -8.548357343E-004        9.999999896E-001
      215       -7.374991880E-002       -2.017708657E-003        9.999777529E-001
      216       -1.237298286E-001       -3.581400063E-003        9.999366246E-001
$EndDataNodes
$NodeData
 1
"[  8]_F4499.21"
 1
 0.0
 3
 0
 3
         216
        1       -5.335740636E-021       -2.611318626E-019       -7.167440657E-019
        2       -3.338689431E-021       -1.536145413E-019       -1.252751021E-018
        3        1.593729561E-021        8.395175528E-020       -7.154863348E-019
        4        3.337558816E-003       -1.688652982E-002       -6.147706228E-001
        5        1.138439792E-003       -5.698049433E-003       -6.148962364E-001
        6       -1.062100027E-003        5.432575729E-003       -6.148971021E-001
        7        3.097592546E-003        3.768832229E-002       -3.327802558E-001
        8        1.049888434E-003        1.273872987E-002       -3.328927372E-001
        9       -9.930719035E-004       -1.212287584E-002       -3.328942599E-001
       10        1.043319916E-027       -2.627047499E-019       -7.206166170E-019
       11        6.323651084E-028       -1.543596360E-019       -1.259835905E-018
       12       -3.178079074E-028        8.463261603E-020       -7.193739830E-019
       13        1.747871086E-010       -1.561330915E-002       -5.927969354E-001
       14        6.057849703E-011       -5.302913132E-003       -5.929206274E-001
       15       -5.361996259E-011        4.996580575E-003       -5.929215603E-001
       16        3.372388248E-010        3.445669095E-002       -3.122480771E-001
       17        1.181490447E-010        1.177864853E-002       -3.123378673E-001
       18       -1.009702013E-010       -1.098717552E-002       -3.123393307E-001
       19        5.335742710E-021       -2.611318603E-019       -7.167440579E-019
       20        3.338690683E-021       -1.536145400E-019       -1.252751007E-018
       21       -1.593730193E-021        8.395175452E-020       -7.154863270E-019
       22       -3.337558466E-003       -1.688652966E-002       -6.147706182E-001
       23       -1.138439671E-003       -5.698049378E-003       -6.148962318E-001
       24        1.062099920E-003        5.432575672E-003       -6.148970975E-001
       25       -3.097591872E-003        3.768832239E-002       -3.327802470E-001
       26       -1.049888198E-003        1.273872990E-002       -3.328927284E-001
       27        9.930717016E-004       -1.212287588E-002       -3.328942511E-001
       28        1.593729561E-021        8.395175528E-020       -7.154863348E-019
       29        9.572783059E-021        4.399661489E-019       -1.248254728E-018
       30        9.135844627E-021        4.235122487E-019       -7.146167105E-019
       31       -1.062100027E-003        5.432575729E-003       -6.148971021E-001
       32       -3.266259162E-003        1.638180968E-002       -6.147750440E-001
       33       -5.466341378E-003        2.749745998E-002       -6.145303636E-001
       34       -9.930719035E-004       -1.212287584E-002       -3.328942599E-001
       35       -3.018471597E-003       -3.668170532E-002       -3.327843138E-001
       36       -5.057363623E-003       -6.149365477E-002       -3.325637243E-001
       37       -3.178079074E-028        8.463261603E-020       -7.193739830E-019
       38       -1.738883326E-027        4.420932285E-019       -1.255278393E-018
       39       -1.677938449E-027        4.253791936E-019       -7.184387854E-019
       40       -5.361996259E-011        4.996580575E-003       -5.929215603E-001
       41       -1.677850573E-010        1.524385888E-002       -5.928011626E-001
       42       -2.819800602E-010        2.552245164E-002       -5.925599484E-001
       43       -1.009702013E-010       -1.098717552E-002       -3.123393307E-001
       44       -3.201855412E-010       -3.391638320E-002       -3.122527764E-001
       45       -5.393156788E-010       -5.659286728E-002       -3.120773370E-001
       46       -1.593730193E-021        8.395175452E-020       -7.154863270E-019
       47       -9.572786498E-021        4.399661451E-019       -1.248254715E-018
       48       -9.135847956E-021        4.235122450E-019       -7.146167027E-019
       49        1.062099920E-003        5.432575672E-003       -6.148970975E-001
       50        3.266258827E-003        1.638180951E-002       -6.147750395E-001
       51        5.466340814E-003        2.749745970E-002       -6.145303590E-001
       52        9.930717016E-004       -1.212287588E-002       -3.328942511E-001
       53        3.018470957E-003       -3.668170542E-002       -3.327843051E-001
       54        5.057362545E-003       -6.149365493E-002       -3.325637156E-001
       55        3.097592546E-003        3.768832229E-002       -3.327802558E-001
       56        1.049888434E-003        1.273872987E-002       -3.328927372E-001
       57       -9.930719035E-004       -1.212287584E-002       -3.328942599E-001
       58       -6.077775824E-003        8.696537188E-003        6.542427915E-001
       59       -2.073527517E-003        2.940233072E-003        6.545214841E-001
       60        1.935852136E-003       -2.798188857E-003        6.545243628E-001
       61       -4.149373017E-004       -3.999075757E-002        2.648523582E-002
       62       -1.385576860E-004       -1.351536491E-002        2.649730863E-002
       63        1.352258285E-004        1.285259632E-002        2.649749897E-002
       64        3.372388248E-010        3.445669095E-002       -3.122480771E-001
       65        1.181490447E-010        1.177864853E-002       -3.123378673E-001
       66       -1.009702013E-010       -1.098717552E-002       -3.123393307E-001
       67        3.830775997E-010        8.336403985E-003        6.142601096E-001
       68        1.355959561E-010        2.827582908E-003        6.145177803E-001
       69       -1.118106946E-010       -2.675966008E-003        6.145209452E-001
       70        2.879309494E-010       -3.734674079E-002        2.369081361E-002
       71        1.037413014E-010       -1.276073527E-002        2.369347464E-002
       72       -8.038904996E-011        1.190578295E-002        2.369399560E-002
       73       -3.097591872E-003        3.768832239E-002       -3.327802470E-001
       74       -1.049888198E-003        1.273872990E-002       -3.328927284E-001
       75        9.930717016E-004       -1.212287588E-002       -3.328942511E-001
       76        6.077776591E-003        8.696537162E-003        6.542428014E-001
       77        2.073527789E-003        2.940233062E-003        6.545214940E-001
       78       -1.935852360E-003       -2.798188851E-003        6.545243727E-001
       79        4.149378781E-004       -3.999075770E-002        2.648524319E-002
       80        1.385578938E-004       -1.351536495E-002        2.649731600E-002
       81       -1.352259895E-004        1.285259636E-002        2.649750634E-002
       82       -9.930719035E-004       -1.212287584E-002       -3.328942599E-001
       83       -3.018471597E-003       -3.668170532E-002       -3.327843138E-001
       84       -5.057363623E-003       -6.149365477E-002       -3.325637243E-001
       85        1.935852136E-003       -2.798188857E-003        6.545243628E-001
       86        5.955762402E-003       -8.483902976E-003        6.542541388E-001
       87        9.960894599E-003       -1.422105597E-002        6.537111597E-001
       88        1.352258285E-004        1.285259632E-002        2.649749897E-002
       89        4.000224911E-004        3.887251364E-002        2.648536603E-002
       90        6.721761245E-004        6.520157404E-002        2.646140236E-002
       91       -1.009702013E-010       -1.098717552E-002       -3.123393307E-001
       92       -3.201855412E-010       -3.391638320E-002       -3.122527764E-001
       93       -5.393156788E-010       -5.659286728E-002       -3.120773370E-001
       94       -1.118106946E-010       -2.675966008E-003        6.145209452E-001
       95       -3.589755909E-010       -8.159081504E-003        6.142707706E-001
       96       -6.063540380E-010       -1.365732733E-002        6.137677263E-001
       97       -8.038904996E-011        1.190578295E-002        2.369399560E-002
       98       -2.643279192E-010        3.669864186E-002        2.369178899E-002
       99       -4.484350561E-010        6.125949234E-002        2.368625819E-002
      100        9.930717016E-004       -1.212287588E-002       -3.328942511E-001
      101        3.018470957E-003       -3.668170542E-002       -3.327843051E-001
      102        5.057362545E-003       -6.149365493E-002       -3.325637156E-001
      103       -1.935852360E-003       -2.798188851E-003        6.545243727E-001
      104       -5.955763121E-003       -8.483902954E-003        6.542541487E-001
      105       -9.960895813E-003       -1.422105593E-002        6.537111696E-001
      106       -1.352259895E-004        1.285259636E-002        2.649750634E-002
      107       -4.000230209E-004        3.887251376E-002        2.648537340E-002
      108       -6.721770229E-004        6.520157424E-002        2.646140972E-002
      109       -4.149373017E-004       -3.999075757E-002        2.648523582E-002
      110       -1.385576860E-004       -1.351536491E-002        2.649730863E-002
      111        1.352258285E-004        1.285259632E-002        2.649749897E-002
      112        6.080017350E-003        6.099213600E-003       -6.675113850E-001
      113        2.075157936E-003        2.060567475E-003       -6.678015372E-001
      114       -1.935960956E-003       -1.965867982E-003       -6.678044841E-001
      115       -2.828516689E-003        3.642237594E-002        2.576225680E-001
      116       -9.681238213E-004        1.229284599E-002        2.577883486E-001
      117        8.984572138E-004       -1.172980522E-002        2.577903751E-001
      118        2.879309494E-010       -3.734674079E-002        2.369081361E-002
      119        1.037413014E-010       -1.276073527E-002        2.369347464E-002
      120       -8.038904996E-011        1.190578295E-002        2.369399560E-002
      121        9.235599699E-011        5.733952590E-003       -6.275355995E-001
      122        3.587262324E-011        1.943989021E-003       -6.278032584E-001
      123       -2.060382839E-011       -1.842772110E-003       -6.278065383E-001
      124       -1.285870591E-010        3.393895613E-002        2.390908105E-001
      125       -4.224244178E-011        1.159282197E-002        2.392459807E-001
      126        4.409273217E-011       -1.083701303E-002        2.392473640E-001
      127        4.149378781E-004       -3.999075770E-002        2.648524319E-002
      128        1.385578938E-004       -1.351536495E-002        2.649731600E-002
      129       -1.352259895E-004        1.285259636E-002        2.649750634E-002
      130       -6.080017166E-003        6.099213431E-003       -6.675113827E-001
      131       -2.075157865E-003        2.060567420E-003       -6.678015349E-001
      132        1.935960915E-003       -1.965867924E-003       -6.678044818E-001
      133        2.828516432E-003        3.642237578E-002        2.576225645E-001
      134        9.681237366E-004        1.229284594E-002        2.577883451E-001
      135       -8.984571257E-004       -1.172980517E-002        2.577903717E-001
      136        1.352258285E-004        1.285259632E-002        2.649749897E-002
      137        4.000224911E-004        3.887251364E-002        2.648536603E-002
      138        6.721761245E-004        6.520157404E-002        2.646140236E-002
      139       -1.935960956E-003       -1.965867982E-003       -6.678044841E-001
      140       -5.960512797E-003       -5.955010988E-003       -6.675231787E-001
      141       -9.967039392E-003       -9.979264570E-003       -6.669580082E-001
      142        8.984572138E-004       -1.172980522E-002        2.577903751E-001
      143        2.780345732E-003       -3.540372036E-002        2.576298167E-001
      144        4.644483174E-003       -5.938524637E-002        2.573066930E-001
      145       -8.038904996E-011        1.190578295E-002        2.369399560E-002
      146       -2.643279192E-010        3.669864186E-002        2.369178899E-002
      147       -4.484350561E-010        6.125949234E-002        2.368625819E-002
      148       -2.060382839E-011       -1.842772110E-003       -6.278065383E-001
      149       -7.705778880E-011       -5.619149330E-003       -6.275466883E-001
      150       -1.335306292E-010       -9.404743960E-003       -6.270241824E-001
      151        4.409273217E-011       -1.083701303E-002        2.392473640E-001
      152        1.303936751E-010       -3.338738214E-002        2.390970344E-001
      153        2.167225600E-010       -5.569645526E-002        2.387950413E-001
      154       -1.352259895E-004        1.285259636E-002        2.649750634E-002
      155       -4.000230209E-004        3.887251376E-002        2.648537340E-002
      156       -6.721770229E-004        6.520157424E-002        2.646140972E-002
      157        1.935960915E-003       -1.965867924E-003       -6.678044818E-001
      158        5.960512642E-003       -5.955010819E-003       -6.675231764E-001
      159        9.967039125E-003       -9.979264288E-003       -6.669580059E-001
      160       -8.984571257E-004       -1.172980517E-002        2.577903717E-001
      161       -2.780345471E-003       -3.540372020E-002        2.576298132E-001
      162       -4.644482740E-003       -5.938524610E-002        2.573066896E-001
      163       -2.828516689E-003        3.642237594E-002        2.576225680E-001
      164       -9.681238213E-004        1.229284599E-002        2.577883486E-001
      165        8.984572138E-004       -1.172980522E-002        2.577903751E-001
      166       -6.399530989E-003       -2.370476950E-002        4.946877108E-001
      167       -2.181666559E-003       -8.046956756E-003        4.949524076E-001
      168        2.039742858E-003        7.583018050E-003        4.949557080E-001
      169       -1.270144030E-003       -5.511392888E-002       -9.913056804E-001
      170       -4.216032947E-004       -1.872468061E-002       -9.913966612E-001
      171        4.168734527E-004        1.763223215E-002       -9.913980934E-001
      172       -1.285870591E-010        3.393895613E-002        2.390908105E-001
      173       -4.224244178E-011        1.159282197E-002        2.392459807E-001
      174        4.409273217E-011       -1.083701303E-002        2.392473640E-001
      175       -3.051234206E-010       -2.311861636E-002        4.525506543E-001
      176       -1.061019429E-010       -7.861852036E-003        4.528052308E-001
      177        9.287571234E-011        7.384038589E-003        4.528081536E-001
      178       -3.839265335E-010       -5.415171380E-002       -9.999103271E-001
      179       -1.369712297E-010       -1.850604917E-002       -1.000000000E+000
      180        1.099029866E-010        1.725366816E-002       -9.999959252E-001
      181        2.828516432E-003        3.642237578E-002        2.576225645E-001
      182        9.681237366E-004        1.229284594E-002        2.577883451E-001
      183       -8.984571257E-004       -1.172980517E-002        2.577903717E-001
      184        6.399530378E-003       -2.370476959E-002        4.946877028E-001
      185        2.181666347E-003       -8.046956784E-003        4.949523996E-001
      186       -2.039742672E-003        7.583018087E-003        4.949557000E-001
      187        1.270143262E-003       -5.511392890E-002       -9.913056903E-001
      188        4.216030206E-004       -1.872468061E-002       -9.913966711E-001
      189       -4.168732329E-004        1.763223217E-002       -9.913981033E-001
      190        8.984572138E-004       -1.172980522E-002        2.577903751E-001
      191        2.780345732E-003       -3.540372036E-002        2.576298167E-001
      192        4.644483174E-003       -5.938524637E-002        2.573066930E-001
      193        2.039742858E-003        7.583018050E-003        4.949557080E-001
      194        6.269190489E-003        2.312959165E-002        4.946989320E-001
      195        1.048842202E-002        3.875620823E-002        4.941822956E-001
      196        4.168734527E-004        1.763223215E-002       -9.913980934E-001
      197        1.227868157E-003        5.384229153E-002       -9.913083802E-001
      198        2.067795709E-003        9.014550287E-002       -9.911274105E-001
      199        4.409273217E-011       -1.083701303E-002        2.392473640E-001
      200        1.303936751E-010       -3.338738214E-002        2.390970344E-001
      201        2.167225600E-010       -5.569645526E-002        2.387950413E-001
      202        9.287571234E-011        7.384038589E-003        4.528081536E-001
      203        2.917087170E-010        2.259503104E-002        4.525616206E-001
      204        4.906675086E-010        3.783727302E-002        4.520653065E-001
      205        1.099029866E-010        1.725366816E-002       -9.999959252E-001
      206        3.565409143E-010        5.320801214E-002       -9.999124795E-001
      207        6.034092574E-010        8.883365750E-002       -9.997444894E-001
      208       -8.984571257E-004       -1.172980517E-002        2.577903717E-001
      209       -2.780345471E-003       -3.540372020E-002        2.576298132E-001
      210       -4.644482740E-003       -5.938524610E-002        2.573066896E-001
      211       -2.039742672E-003        7.583018087E-003        4.949557000E-001
      212       -6.269189904E-003        2.312959175E-002        4.946989240E-001
      213       -1.048842103E-002        3.875620840E-002        4.941822877E-001
      214       -4.168732329E-004        1.763223217E-002       -9.913981033E-001
      215       -1.227867444E-003        5.384229155E-002       -9.913083901E-001
      216       -2.067794502E-003        9.014550291E-002       -9.911274204E-001
$EndDataNodes
$NodeData
 1
"[  9]_F5063.15"
 1
 0.0
 3
 0
 3
         216
        1       -1.227168067E-018       -8.785885996E-019       -5.774378926E-021
        2       -2.133065709E-018       -1.528255678E-018       -5.695854802E-021
        3       -1.226963037E-018       -8.761356347E-019       -7.386087392E-022
        4       -1.513306971E-001       -8.771097096E-002       -1.351160937E-003
        5       -1.513877487E-001       -8.771456867E-002       -9.302873918E-004
        6       -1.514237432E-001       -8.770444573E-002       -5.092394754E-004
        7       -4.324242243E-001       -1.061586429E-001       -9.578831400E-004
        8       -4.324731348E-001       -1.060907139E-001       -9.972757584E-004
        9       -4.325240113E-001       -1.060735838E-001       -1.036638031E-003
       10       -1.198150297E-018        3.096004399E-028        8.200498018E-028
       11       -2.088396129E-018        1.819189688E-028        1.433653680E-027
       12       -1.197980500E-018       -9.971752013E-029        8.186196327E-028
       13       -1.471629771E-001        1.227748205E-011        5.217791953E-010
       14       -1.472199852E-001        4.172738893E-012        5.219083594E-010
       15       -1.472559487E-001       -3.922880482E-012        5.219093741E-010
       16       -4.329533430E-001       -3.175394401E-011        1.944097094E-010
       17       -4.330021877E-001       -1.084634872E-011        1.944259658E-010
       18       -4.330530367E-001        1.014106394E-011        1.944263345E-010
       19       -1.227168067E-018        8.785886003E-019        5.774380559E-021
       20       -2.133065709E-018        1.528255679E-018        5.695857657E-021
       21       -1.226963037E-018        8.761356345E-019        7.386103698E-022
       22       -1.513306971E-001        8.771097099E-002        1.351162025E-003
       23       -1.513877487E-001        8.771456868E-002        9.302884798E-004
       24       -1.514237432E-001        8.770444572E-002        5.092405633E-004
       25       -4.324242243E-001        1.061586428E-001        9.578835587E-004
       26       -4.324731348E-001        1.060907138E-001        9.972761771E-004
       27       -4.325240113E-001        1.060735839E-001        1.036638450E-003
       28       -1.226963037E-018       -8.761356347E-019       -7.386087392E-022
       29       -2.124521680E-018       -1.521237124E-018        3.093927428E-021
       30       -1.222509546E-018       -8.742519887E-019        4.273128282E-021
       31       -1.514237432E-001       -8.770444573E-002       -5.092394754E-004
       32       -1.514386566E-001       -8.768336491E-002       -8.816302479E-005
       33       -1.514325245E-001       -8.764715394E-002        3.327354001E-004
       34       -4.325240113E-001       -1.060735838E-001       -1.036638031E-003
       35       -4.325768582E-001       -1.060881698E-001       -1.076284998E-003
       36       -4.326316262E-001       -1.061603489E-001       -1.115972342E-003
       37       -1.197980500E-018       -9.971752013E-029        8.186196327E-028
       38       -2.080048159E-018       -5.204936888E-028        1.428481045E-027
       39       -1.193620782E-018       -5.009016738E-028        8.175962001E-028
       40       -1.472559487E-001       -3.922880482E-012        5.219093741E-010
       41       -1.472708891E-001       -1.197370110E-011        5.217843016E-010
       42       -1.472647926E-001       -2.005058775E-011        5.215332061E-010
       43       -4.330530367E-001        1.014106394E-011        1.944263345E-010
       44       -4.331060037E-001        3.127196431E-011        1.944095679E-010
       45       -4.331609321E-001        5.217233115E-011        1.943768934E-010
       46       -1.226963037E-018        8.761356345E-019        7.386103698E-022
       47       -2.124521680E-018        1.521237123E-018       -3.093924583E-021
       48       -1.222509546E-018        8.742519877E-019       -4.273126653E-021
       49       -1.514237432E-001        8.770444572E-002        5.092405633E-004
       50       -1.514386566E-001        8.768336489E-002        8.816411247E-005
       51       -1.514325245E-001        8.764715390E-002       -3.327343129E-004
       52       -4.325240113E-001        1.060735839E-001        1.036638450E-003
       53       -4.325768582E-001        1.060881699E-001        1.076285417E-003
       54       -4.326316262E-001        1.061603490E-001        1.115972761E-003
       55       -4.324242243E-001       -1.061586429E-001       -9.578831400E-004
       56       -4.324731348E-001       -1.060907139E-001       -9.972757584E-004
       57       -4.325240113E-001       -1.060735838E-001       -1.036638031E-003
       58       -6.669689464E-001       -6.018841191E-002       -3.276427746E-004
       59       -6.669961273E-001       -6.019827082E-002       -7.596298500E-004
       60       -6.670449151E-001       -6.020341295E-002       -1.191606854E-003
       61       -7.235576827E-001        2.538827573E-002        2.431906385E-004
       62       -7.235599906E-001        2.530732478E-002       -3.353773522E-004
       63       -7.235912019E-001        2.528895483E-002       -9.137226739E-004
       64       -4.329533430E-001       -3.175394401E-011        1.944097094E-010
       65       -4.330021877E-001       -1.084634872E-011        1.944259658E-010
       66       -4.330530367E-001        1.014106394E-011        1.944263345E-010
       67       -6.712614773E-001        3.895097663E-012       -4.355246860E-010
       68       -6.712886481E-001        1.343000338E-012       -4.357991818E-010
       69       -6.713373882E-001       -1.210695134E-012       -4.358018117E-010
       70       -7.293027581E-001        3.403438550E-011        3.893973947E-010
       71       -7.293050445E-001        1.163122255E-011        3.895638336E-010
       72       -7.293362353E-001       -1.083860177E-011        3.895656484E-010
       73       -4.324242243E-001        1.061586428E-001        9.578835587E-004
       74       -4.324731348E-001        1.060907138E-001        9.972761771E-004
       75       -4.325240113E-001        1.060735839E-001        1.036638450E-003
       76       -6.669689464E-001        6.018841192E-002        3.276418373E-004
       77       -6.669961273E-001        6.019827082E-002        7.596289121E-004
       78       -6.670449151E-001        6.020341295E-002        1.191605916E-003
       79       -7.235576827E-001       -2.538827566E-002       -2.431898256E-004
       80       -7.235599906E-001       -2.530732475E-002        3.353781654E-004
       81       -7.235912019E-001       -2.528895485E-002        9.137234870E-004
       82       -4.325240113E-001       -1.060735838E-001       -1.036638031E-003
       83       -4.325768582E-001       -1.060881698E-001       -1.076284998E-003
       84       -4.326316262E-001       -1.061603489E-001       -1.115972342E-003
       85       -6.670449151E-001       -6.020341295E-002       -1.191606854E-003
       86       -6.671153211E-001       -6.020220857E-002       -1.623487380E-003
       87       -6.672073119E-001       -6.019700456E-002       -2.055205345E-003
       88       -7.235912019E-001        2.528895483E-002       -9.137226739E-004
       89       -7.236512660E-001        2.530090921E-002       -1.491872649E-003
       90       -7.237403008E-001        2.538735316E-002       -2.070273173E-003
       91       -4.330530367E-001        1.014106394E-011        1.944263345E-010
       92       -4.331060037E-001        3.127196431E-011        1.944095679E-010
       93       -4.331609321E-001        5.217233115E-011        1.943768934E-010
       94       -6.713373882E-001       -1.210695134E-012       -4.358018117E-010
       95       -6.714076292E-001       -3.770947995E-012       -4.355344149E-010
       96       -6.714995289E-001       -6.326580777E-012       -4.349997938E-010
       97       -7.293362353E-001       -1.083860177E-011        3.895656484E-010
       98       -7.293962848E-001       -3.338546396E-011        3.894035698E-010
       99       -7.294852884E-001       -5.573934830E-011        3.890798334E-010
      100       -4.325240113E-001        1.060735839E-001        1.036638450E-003
      101       -4.325768582E-001        1.060881699E-001        1.076285417E-003
      102       -4.326316262E-001        1.061603490E-001        1.115972761E-003
      103       -6.670449151E-001        6.020341295E-002        1.191605916E-003
      104       -6.671153211E-001        6.020220856E-002        1.623486443E-003
      105       -6.672073118E-001        6.019700455E-002        2.055204409E-003
      106       -7.235912019E-001       -2.528895485E-002        9.137234870E-004
      107       -7.236512660E-001       -2.530090928E-002        1.491873462E-003
      108       -7.237403008E-001       -2.538735327E-002        2.070273985E-003
      109       -7.235576827E-001        2.538827573E-002        2.431906385E-004
      110       -7.235599906E-001        2.530732478E-002       -3.353773522E-004
      111       -7.235912019E-001        2.528895483E-002       -9.137226739E-004
      112       -5.390532179E-001        1.187461386E-001        6.705654739E-004
      113       -5.390327371E-001        1.187391478E-001        1.487949885E-004
      114       -5.390383394E-001        1.187295410E-001       -3.729749159E-004
      115       -1.354219355E-001        1.918645568E-001        8.576303832E-004
      116       -1.353874511E-001        1.919281140E-001        5.191537477E-004
      117       -1.353699475E-001        1.919267038E-001        1.802256109E-004
      118       -7.293027581E-001        3.403438550E-011        3.893973947E-010
      119       -7.293050445E-001        1.163122255E-011        3.895638336E-010
      120       -7.293362353E-001       -1.083860177E-011        3.895656484E-010
      121       -5.442681857E-001       -1.685025406E-011        6.531494409E-010
      122       -5.442477003E-001       -5.706235439E-012        6.533384233E-010
      123       -5.442533016E-001        5.422794369E-012        6.533405608E-010
      124       -1.388043985E-001       -2.522356951E-011       -2.569782543E-010
      125       -1.387700227E-001       -8.631278518E-012       -2.571358619E-010
      126       -1.387525626E-001        8.067071872E-012       -2.571385411E-010
      127       -7.235576827E-001       -2.538827566E-002       -2.431898256E-004
      128       -7.235599906E-001       -2.530732475E-002        3.353781654E-004
      129       -7.235912019E-001       -2.528895485E-002        9.137234870E-004
      130       -5.390532179E-001       -1.187461386E-001       -6.705641087E-004
      131       -5.390327371E-001       -1.187391478E-001       -1.487936229E-004
      132       -5.390383394E-001       -1.187295409E-001        3.729762815E-004
      133       -1.354219355E-001       -1.918645568E-001       -8.576309342E-004
      134       -1.353874511E-001       -1.919281141E-001       -5.191542991E-004
      135       -1.353699475E-001       -1.919267038E-001       -1.802261623E-004
      136       -7.235912019E-001        2.528895483E-002       -9.137226739E-004
      137       -7.236512660E-001        2.530090921E-002       -1.491872649E-003
      138       -7.237403008E-001        2.538735316E-002       -2.070273173E-003
      139       -5.390383394E-001        1.187295410E-001       -3.729749159E-004
      140       -5.390700158E-001        1.187166127E-001       -8.947602893E-004
      141       -5.391277861E-001        1.187010756E-001       -1.416550793E-003
      142       -1.353699475E-001        1.919267038E-001        1.802256109E-004
      143       -1.353695255E-001        1.919000683E-001       -1.587716948E-004
      144       -1.353860310E-001        1.917931508E-001       -4.971567131E-004
      145       -7.293362353E-001       -1.083860177E-011        3.895656484E-010
      146       -7.293962848E-001       -3.338546396E-011        3.894035698E-010
      147       -7.294852884E-001       -5.573934830E-011        3.890798334E-010
      148       -5.442533016E-001        5.422794369E-012        6.533405608E-010
      149       -5.442849836E-001        1.650219150E-011        6.531567823E-010
      150       -5.443427654E-001        2.762482901E-011        6.527862345E-010
      151       -1.387525626E-001        8.067071872E-012       -2.571385411E-010
      152       -1.387519877E-001        2.494279942E-011       -2.569862312E-010
      153       -1.387683388E-001        4.151200188E-011       -2.566780716E-010
      154       -7.235912019E-001       -2.528895485E-002        9.137234870E-004
      155       -7.236512660E-001       -2.530090928E-002        1.491873462E-003
      156       -7.237403008E-001       -2.538735327E-002        2.070273985E-003
      157       -5.390383394E-001       -1.187295409E-001        3.729762815E-004
      158       -5.390700158E-001       -1.187166126E-001        8.947616545E-004
      159       -5.391277861E-001       -1.187010756E-001        1.416552158E-003
      160       -1.353699475E-001       -1.919267038E-001       -1.802261623E-004
      161       -1.353695255E-001       -1.919000682E-001        1.587711438E-004
      162       -1.353860309E-001       -1.917931508E-001        4.971561628E-004
      163       -1.354219355E-001        1.918645568E-001        8.576303832E-004
      164       -1.353874511E-001        1.919281140E-001        5.191537477E-004
      165       -1.353699475E-001        1.919267038E-001        1.802256109E-004
      166        4.089593201E-001        2.287459874E-001        7.961542954E-004
      167        4.089963115E-001        2.287458399E-001        6.814179645E-004
      168        4.090275314E-001        2.287422005E-001        5.664223833E-004
      169        9.997908630E-001        2.359709494E-001        6.990314802E-004
      170        9.998255729E-001        2.359078172E-001        7.078288791E-004
      171        9.998610740E-001        2.359026268E-001        7.189517437E-004
      172       -1.388043985E-001       -2.522356951E-011       -2.569782543E-010
      173       -1.387700227E-001       -8.631278518E-012       -2.571358619E-010
      174       -1.387525626E-001        8.067071872E-012       -2.571385411E-010
      175        4.078071972E-001        1.277970648E-011       -4.783985725E-010
      176        4.078441047E-001        4.361119254E-012       -4.785547384E-010
      177        4.078752723E-001       -4.048555864E-012       -4.785560306E-010
      178        9.998568814E-001        3.515292268E-011        4.127621610E-010
      179        9.998922639E-001        1.206905275E-011        4.128166008E-010
      180        9.999279697E-001       -1.113851669E-011        4.128109460E-010
      181       -1.354219355E-001       -1.918645568E-001       -8.576309342E-004
      182       -1.353874511E-001       -1.919281141E-001       -5.191542991E-004
      183       -1.353699475E-001       -1.919267038E-001       -1.802261623E-004
      184        4.089593201E-001       -2.287459874E-001       -7.961553105E-004
      185        4.089963115E-001       -2.287458399E-001       -6.814189798E-004
      186        4.090275314E-001       -2.287422005E-001       -5.664233986E-004
      187        9.997908630E-001       -2.359709493E-001       -6.990306852E-004
      188        9.998255729E-001       -2.359078172E-001       -7.078280841E-004
      189        9.998610740E-001       -2.359026269E-001       -7.189509487E-004
      190       -1.353699475E-001        1.919267038E-001        1.802256109E-004
      191       -1.353695255E-001        1.919000683E-001       -1.587716948E-004
      192       -1.353860310E-001        1.917931508E-001       -4.971567131E-004
      193        4.090275314E-001        2.287422005E-001        5.664223833E-004
      194        4.090529202E-001        2.287354293E-001        4.514084005E-004
      195        4.090725478E-001        2.287249041E-001        3.366719814E-004
      196        9.998610740E-001        2.359026268E-001        7.189517437E-004
      197        9.998979696E-001        2.359135669E-001        7.299257048E-004
      198        9.999354284E-001        2.359983900E-001        7.374775390E-004
      199       -1.387525626E-001        8.067071872E-012       -2.571385411E-010
      200       -1.387519877E-001        2.494279942E-011       -2.569862312E-010
      201       -1.387683388E-001        4.151200188E-011       -2.566780716E-010
      202        4.078752723E-001       -4.048555864E-012       -4.785560306E-010
      203        4.079006943E-001       -1.242995389E-011       -4.784035463E-010
      204        4.079204111E-001       -2.083690836E-011       -4.780983846E-010
      205        9.999279697E-001       -1.113851669E-011        4.128109460E-010
      206        9.999637432E-001       -3.456074626E-011        4.127630496E-010
      207        1.000000000E+000       -5.762607877E-011        4.126631590E-010
      208       -1.353699475E-001       -1.919267038E-001       -1.802261623E-004
      209       -1.353695255E-001       -1.919000682E-001        1.587711438E-004
      210       -1.353860309E-001       -1.917931508E-001        4.971561628E-004
      211        4.090275314E-001       -2.287422005E-001       -5.664233986E-004
      212        4.090529203E-001       -2.287354293E-001       -4.514094156E-004
      213        4.090725478E-001       -2.287249042E-001       -3.366729959E-004
      214        9.998610740E-001       -2.359026269E-001       -7.189509487E-004
      215        9.998979696E-001       -2.359135670E-001       -7.299249099E-004
      216        9.999354284E-001       -2.359983901E-001       -7.374767441E-004
$EndDataNodes
$NodeData
 1
"[ 10]_F6964.08"
 1
 0.0
 3
 0
 3
         216
        1       -1.423904923E-020        8.620361358E-019        1.992248790E-018
        2       -7.667590794E-021        5.053584684E-019        3.481796633E-018
        3        4.974623709E-021       -2.782394621E-019        1.988483232E-018
        4       -5.634050514E-003        6.761824617E-003        6.343257888E-001
        5       -1.927475656E-003        2.260331867E-003        6.346133829E-001
        6        1.787784870E-003       -2.189366360E-003        6.346147122E-001
        7        2.828734412E-003       -4.813849984E-002       -2.302322398E-001
        8        9.891625793E-004       -1.624382564E-002       -2.305708300E-001
        9       -8.808371955E-004        1.551759607E-002       -2.305728717E-001
       10        1.488427347E-027        8.533806267E-019        1.980336008E-018
       11        8.736515496E-028        5.000230627E-019        3.461845252E-018
       12       -4.851906303E-028       -2.757889333E-019        1.976651564E-018
       13        1.116369103E-010        5.877149593E-003        5.973626187E-001
       14        3.759131062E-011        1.994947761E-003        5.976300810E-001
       15       -3.642669304E-011       -1.880127379E-003        5.976319664E-001
       16        1.696071202E-010       -4.331634969E-002       -2.121895870E-001
       17        5.667612235E-011       -1.482049639E-002       -2.125121740E-001
       18       -5.624245425E-011        1.381710706E-002       -2.125155826E-001
       19        1.423905219E-020        8.620361393E-019        1.992248801E-018
       20        7.667592523E-021        5.053584704E-019        3.481796653E-018
       21       -4.974624675E-021       -2.782394632E-019        1.988483243E-018
       22        5.634050737E-003        6.761824718E-003        6.343257918E-001
       23        1.927475731E-003        2.260331901E-003        6.346133858E-001
       24       -1.787784943E-003       -2.189366392E-003        6.346147152E-001
       25       -2.828734073E-003       -4.813849984E-002       -2.302322353E-001
       26       -9.891624658E-004       -1.624382564E-002       -2.305708255E-001
       27        8.808370830E-004        1.551759607E-002       -2.305728672E-001
       28        4.974623709E-021       -2.782394621E-019        1.988483232E-018
       29        2.178769794E-020       -1.447236009E-018        3.469732757E-018
       30        2.135990067E-020       -1.393643681E-018        1.986828334E-018
       31        1.787784870E-003       -2.189366360E-003        6.346147122E-001
       32        5.523710311E-003       -6.472505724E-003        6.343354657E-001
       33        9.234664499E-003       -1.090463917E-002        6.337764466E-001
       34       -8.808371955E-004        1.551759607E-002       -2.305728717E-001
       35       -2.833427205E-003        4.680004307E-002       -2.302470331E-001
       36       -4.698802493E-003        7.846578177E-002       -2.295925626E-001
       37       -4.851906303E-028       -2.757889333E-019        1.976651564E-018
       38       -2.563103400E-027       -1.431897780E-018        3.449758323E-018
       39       -2.456629679E-027       -1.378259423E-018        1.974849412E-018
       40       -3.642669304E-011       -1.880127379E-003        5.976319664E-001
       41       -1.103554730E-010       -5.708148717E-003        5.973713458E-001
       42       -1.843632265E-010       -9.556602978E-003        5.968497117E-001
       43       -5.624245425E-011        1.381710706E-002       -2.125155826E-001
       44       -1.691214169E-010        4.269467466E-002       -2.122006330E-001
       45       -2.820354235E-010        7.116400711E-002       -2.115709954E-001
       46       -4.974624675E-021       -2.782394632E-019        1.988483243E-018
       47       -2.178770301E-020       -1.447236014E-018        3.469732777E-018
       48       -2.135990555E-020       -1.393643686E-018        1.986828345E-018
       49       -1.787784943E-003       -2.189366392E-003        6.346147152E-001
       50       -5.523710532E-003       -6.472505820E-003        6.343354687E-001
       51       -9.234664869E-003       -1.090463933E-002        6.337764495E-001
       52        8.808370830E-004        1.551759607E-002       -2.305728672E-001
       53        2.833426867E-003        4.680004307E-002       -2.302470286E-001
       54        4.698801929E-003        7.846578176E-002       -2.295925581E-001
       55        2.828734412E-003       -4.813849984E-002       -2.302322398E-001
       56        9.891625793E-004       -1.624382564E-002       -2.305708300E-001
       57       -8.808371955E-004        1.551759607E-002       -2.305728717E-001
       58        4.692086481E-003        3.306944003E-002       -3.649336456E-001
       59        1.603495509E-003        1.117695859E-002       -3.651868295E-001
       60       -1.491795917E-003       -1.062166169E-002       -3.651888167E-001
       61       -9.394810280E-003        2.320512157E-003        7.293721690E-001
       62       -3.230734994E-003        7.520481075E-004        7.300670094E-001
       63        2.971181350E-003       -7.868491443E-004        7.300721541E-001
       64        1.696071202E-010       -4.331634969E-002       -2.121895870E-001
       65        5.667612235E-011       -1.482049639E-002       -2.125121740E-001
       66       -5.624245425E-011        1.381710706E-002       -2.125155826E-001
       67        8.844959724E-011        3.049611534E-002       -3.341258874E-001
       68        2.836611309E-011        1.035286342E-002       -3.343527102E-001
       69       -3.167072378E-011       -9.756742355E-003       -3.343551376E-001
       70       -7.487539439E-011        1.319460681E-003        6.681711021E-001
       71       -2.778216520E-011        6.052018067E-004        6.688046883E-001
       72        1.929348382E-011       -3.377471103E-004        6.688114782E-001
       73       -2.828734073E-003       -4.813849984E-002       -2.302322353E-001
       74       -9.891624658E-004       -1.624382564E-002       -2.305708255E-001
       75        8.808370830E-004        1.551759607E-002       -2.305728672E-001
       76       -4.692086304E-003        3.306943991E-002       -3.649336432E-001
       77       -1.603495452E-003        1.117695855E-002       -3.651868270E-001
       78        1.491795854E-003       -1.062166165E-002       -3.651888143E-001
       79        9.394810130E-003        2.320512031E-003        7.293721671E-001
       80        3.230734938E-003        7.520480659E-004        7.300670075E-001
       81       -2.971181311E-003       -7.868491031E-004        7.300721522E-001
       82       -8.808371955E-004        1.551759607E-002       -2.305728717E-001
       83       -2.833427205E-003        4.680004307E-002       -2.302470331E-001
       84       -4.698802493E-003        7.846578177E-002       -2.295925626E-001
       85       -1.491795917E-003       -1.062166169E-002       -3.651888167E-001
       86       -4.601040527E-003       -3.213513225E-002       -3.649431843E-001
       87       -7.690979254E-003       -5.391845865E-002       -3.644504583E-001
       88        2.971181350E-003       -7.868491443E-004        7.300721541E-001
       89        9.268075575E-003       -2.123515850E-003        7.294004130E-001
       90        1.545634571E-002       -3.545605846E-003        7.280519493E-001
       91       -5.624245425E-011        1.381710706E-002       -2.125155826E-001
       92       -1.691214169E-010        4.269467466E-002       -2.122006330E-001
       93       -2.820354235E-010        7.116400711E-002       -2.115709954E-001
       94       -3.167072378E-011       -9.756742355E-003       -3.343551376E-001
       95       -9.155568223E-011       -2.975782253E-002       -3.341346736E-001
       96       -1.515750569E-010       -4.985562798E-002       -3.336919583E-001
       97        1.929348382E-011       -3.377471103E-004        6.688114782E-001
       98        6.631282141E-011       -1.701562533E-003        6.681945746E-001
       99        1.133818374E-010       -2.406776183E-003        6.669580511E-001
      100        8.808370830E-004        1.551759607E-002       -2.305728672E-001
      101        2.833426867E-003        4.680004307E-002       -2.302470286E-001
      102        4.698801929E-003        7.846578176E-002       -2.295925581E-001
      103        1.491795854E-003       -1.062166165E-002       -3.651888143E-001
      104        4.601040343E-003       -3.213513214E-002       -3.649431819E-001
      105        7.690978950E-003       -5.391845847E-002       -3.644504559E-001
      106       -2.971181311E-003       -7.868491031E-004        7.300721522E-001
      107       -9.268075442E-003       -2.123515730E-003        7.294004111E-001
      108       -1.545634549E-002       -3.545605642E-003        7.280519474E-001
      109       -9.394810280E-003        2.320512157E-003        7.293721690E-001
      110       -3.230734994E-003        7.520481075E-004        7.300670094E-001
      111        2.971181350E-003       -7.868491443E-004        7.300721541E-001
      112        4.118427609E-003       -3.462020213E-002       -3.268567524E-001
      113        1.409568482E-003       -1.168581568E-002       -3.270977939E-001
      114       -1.307656207E-003        1.114895266E-002       -3.270995290E-001
      115        3.345792576E-003        4.441678940E-002       -2.896928805E-001
      116        1.153444384E-003        1.506062657E-002       -2.899525669E-001
      117       -1.055508807E-003       -1.419960289E-002       -2.899548715E-001
      118       -7.487539439E-011        1.319460681E-003        6.681711021E-001
      119       -2.778216520E-011        6.052018067E-004        6.688046883E-001
      120        1.929348382E-011       -3.377471103E-004        6.688114782E-001
      121       -1.586816509E-010       -3.203635667E-002       -2.998654629E-001
      122       -5.533962691E-011       -1.086114353E-002       -3.000827040E-001
      123        4.790394931E-011        1.027881412E-002       -3.000851546E-001
      124       -5.755967166E-011        4.193055707E-002       -2.679633196E-001
      125       -1.768136899E-011        1.406075658E-002       -2.682060474E-001
      126        2.217437102E-011       -1.349558321E-002       -2.682073155E-001
      127        9.394810130E-003        2.320512031E-003        7.293721671E-001
      128        3.230734938E-003        7.520480659E-004        7.300670075E-001
      129       -2.971181311E-003       -7.868491031E-004        7.300721522E-001
      130       -4.118427927E-003       -3.462020213E-002       -3.268567565E-001
      131       -1.409568593E-003       -1.168581568E-002       -3.270977980E-001
      132        1.307656303E-003        1.114895265E-002       -3.270995331E-001
      133       -3.345792691E-003        4.441678952E-002       -2.896928821E-001
      134       -1.153444419E-003        1.506062660E-002       -2.899525685E-001
      135        1.055508851E-003       -1.419960294E-002       -2.899548731E-001
      136        2.971181350E-003       -7.868491443E-004        7.300721541E-001
      137        9.268075575E-003       -2.123515850E-003        7.294004130E-001
      138        1.545634571E-002       -3.545605846E-003        7.280519493E-001
      139       -1.307656207E-003        1.114895266E-002       -3.270995290E-001
      140       -4.044013428E-003        3.368123568E-002       -3.268659230E-001
      141       -6.756308673E-003        5.649993718E-002       -3.263974392E-001
      142       -1.055508807E-003       -1.419960289E-002       -2.899548715E-001
      143       -3.307807560E-003       -4.331526895E-002       -2.897039387E-001
      144       -5.512472582E-003       -7.270619057E-002       -2.891990243E-001
      145        1.929348382E-011       -3.377471103E-004        6.688114782E-001
      146        6.631282141E-011       -1.701562533E-003        6.681945746E-001
      147        1.133818374E-010       -2.406776183E-003        6.669580511E-001
      148        4.790394931E-011        1.027881412E-002       -3.000851546E-001
      149        1.508325761E-010        3.130207241E-002       -2.998736738E-001
      150        2.540392657E-010        5.242666102E-002       -2.994494043E-001
      151        2.217437102E-011       -1.349558321E-002       -2.682073155E-001
      152        6.195542728E-011       -4.042823033E-002       -2.679722021E-001
      153        1.018038134E-010       -6.826345438E-002       -2.675005422E-001
      154       -2.971181311E-003       -7.868491031E-004        7.300721522E-001
      155       -9.268075442E-003       -2.123515730E-003        7.294004111E-001
      156       -1.545634549E-002       -3.545605642E-003        7.280519474E-001
      157        1.307656303E-003        1.114895265E-002       -3.270995331E-001
      158        4.044013732E-003        3.368123567E-002       -3.268659272E-001
      159        6.756309184E-003        5.649993716E-002       -3.263974434E-001
      160        1.055508851E-003       -1.419960294E-002       -2.899548731E-001
      161        3.307807685E-003       -4.331526908E-002       -2.897039403E-001
      162        5.512472786E-003       -7.270619078E-002       -2.891990259E-001
      163        3.345792576E-003        4.441678940E-002       -2.896928805E-001
      164        1.153444384E-003        1.506062657E-002       -2.899525669E-001
      165       -1.055508807E-003       -1.419960289E-002       -2.899548715E-001
      166       -9.015245639E-003       -9.911798942E-003        5.706048762E-001
      167       -3.079087838E-003       -3.359028376E-003        5.710462086E-001
      168        2.867846759E-003        3.185775218E-003        5.710494861E-001
      169       -2.853125461E-003       -6.789769871E-002       -9.807728545E-001
      170       -9.548586032E-004       -2.315842503E-002       -9.809064524E-001
      171        9.285795782E-004        2.162473749E-002       -9.808986722E-001
      172       -5.755967166E-011        4.193055707E-002       -2.679633196E-001
      173       -1.768136899E-011        1.406075658E-002       -2.682060474E-001
      174        2.217437102E-011       -1.349558321E-002       -2.682073155E-001
      175        9.388377618E-011       -1.012177903E-002        5.113684926E-001
      176        3.872878185E-011       -3.430625074E-003        5.117761024E-001
      177       -1.637927262E-011        3.252461623E-003        5.117817241E-001
      178        1.566532319E-010       -6.797356075E-002       -9.999224539E-001
      179        6.495715438E-011       -2.295066080E-002       -9.999924476E-001
      180       -2.669912356E-011        2.179667716E-002       -1.000000000E+000
      181       -3.345792691E-003        4.441678952E-002       -2.896928821E-001
      182       -1.153444419E-003        1.506062660E-002       -2.899525685E-001
      183        1.055508851E-003       -1.419960294E-002       -2.899548731E-001
      184        9.015245828E-003       -9.911798865E-003        5.706048784E-001
      185        3.079087916E-003       -3.359028354E-003        5.710462109E-001
      186       -2.867846792E-003        3.185775186E-003        5.710494883E-001
      187        2.853125775E-003       -6.789769870E-002       -9.807728509E-001
      188        9.548587331E-004       -2.315842503E-002       -9.809064488E-001
      189       -9.285796316E-004        2.162473748E-002       -9.808986685E-001
      190       -1.055508807E-003       -1.419960289E-002       -2.899548715E-001
      191       -3.307807560E-003       -4.331526895E-002       -2.897039387E-001
      192       -5.512472582E-003       -7.270619057E-002       -2.891990243E-001
      193        2.867846759E-003        3.185775218E-003        5.710494861E-001
      194        8.838994579E-003        9.707158609E-003        5.706216594E-001
      195        1.477912016E-002        1.625143276E-002        5.697639431E-001
      196        9.285795782E-004        2.162473749E-002       -9.808986722E-001
      197        2.780648591E-003        6.667036209E-002       -9.807696188E-001
      198        4.675402865E-003        1.115888421E-001       -9.805250302E-001
      199        2.217437102E-011       -1.349558321E-002       -2.682073155E-001
      200        6.195542728E-011       -4.042823033E-002       -2.679722021E-001
      201        1.018038134E-010       -6.826345438E-002       -2.675005422E-001
      202       -1.637927262E-011        3.252461623E-003        5.117817241E-001
      203       -7.133219236E-011        9.910794585E-003        5.113842764E-001
      204       -1.264207383E-010        1.659228472E-002        5.105868530E-001
      205       -2.669912356E-011        2.179667716E-002       -1.000000000E+000
      206       -1.182386551E-010        6.605593644E-002       -9.999183645E-001
      207       -2.098961573E-010        1.111087561E-001       -9.997657511E-001
      208        1.055508851E-003       -1.419960294E-002       -2.899548731E-001
      209        3.307807685E-003       -4.331526908E-002       -2.897039403E-001
      210        5.512472786E-003       -7.270619078E-002       -2.891990259E-001
      211       -2.867846792E-003        3.185775186E-003        5.710494883E-001
      212       -8.838994723E-003        9.707158523E-003        5.706216616E-001
      213       -1.477912042E-002        1.625143262E-002        5.697639453E-001
      214       -9.285796316E-004        2.162473748E-002       -9.808986685E-001
      215       -2.780648828E-003        6.667036207E-002       -9.807696151E-001
      216       -4.675403285E-003        1.115888420E-001       -9.805250266E-001
$EndDataNodes
$NodeData
 1
"[ 11]_F7543.01"
 1
 0.0
 3
 0
 3
         216
        1        7.856290494E-019       -9.392498396E-019       -2.981943145E-018
        2        4.660783114E-019       -5.416799467E-019       -5.212656567E-018
        3       -2.488171637E-019        3.091107451E-019       -2.977296461E-018
        4        5.171992672E-002       -2.159912154E-002       -6.809250821E-001
        5        1.766009453E-002       -7.240100927E-003       -6.810102151E-001
        6       -1.641009824E-002        7.017831726E-003       -6.810080228E-001
        7        6.998015909E-002        4.753079374E-003       -9.209790639E-001
        8        2.392701283E-002        1.797547017E-003       -9.210030730E-001
        9       -2.212922575E-002       -1.387085445E-003       -9.210011088E-001
       10        7.906213375E-019       -9.699233177E-028       -2.206295432E-027
       11        4.710131425E-019       -5.680105595E-028       -3.856758720E-027
       12       -2.500019896E-019        3.142213740E-028       -2.202075158E-027
       13        5.162725348E-002       -3.202614180E-012       -5.375414687E-010
       14        1.760206255E-002       -1.068288639E-012       -5.378102120E-010
       15       -1.640549714E-002        1.062455259E-012       -5.378123201E-010
       16        6.995134723E-002        3.852661589E-011        2.750521666E-010
       17        2.390903490E-002        1.324726281E-011        2.754413317E-010
       18       -2.212760862E-002       -1.218920938E-011        2.754450254E-010
       19        7.856290494E-019        9.392498376E-019        2.981943141E-018
       20        4.660783114E-019        5.416799455E-019        5.212656560E-018
       21       -2.488171637E-019       -3.091107445E-019        2.977296456E-018
       22        5.171992671E-002        2.159912153E-002        6.809250809E-001
       23        1.766009452E-002        7.240100924E-003        6.810102140E-001
       24       -1.641009823E-002       -7.017831724E-003        6.810080217E-001
       25        6.998015909E-002       -4.753079287E-003        9.209790645E-001
       26        2.392701283E-002       -1.797546988E-003        9.210030736E-001
       27       -2.212922575E-002        1.387085417E-003        9.210011094E-001
       28       -2.488171637E-019        3.091107451E-019       -2.977296461E-018
       29       -1.326923482E-018        1.557662189E-018       -5.193023563E-018
       30       -1.279493010E-018        1.502874128E-018       -2.972033328E-018
       31       -1.641009824E-002        7.017831726E-003       -6.810080228E-001
       32       -5.050062149E-002        2.096846940E-002       -6.809245035E-001
       33       -8.456112893E-002        3.520970895E-002       -6.807609734E-001
       34       -2.212922575E-002       -1.387085445E-003       -9.210011088E-001
       35       -6.819193588E-002       -5.101185701E-003       -9.209775942E-001
       36       -1.142455877E-001       -8.155656519E-003       -9.209311574E-001
       37       -2.500019896E-019        3.142213740E-028       -2.202075158E-027
       38       -1.341203920E-018        1.627769463E-027       -3.843367845E-027
       39       -1.289404922E-018        1.567193423E-027       -2.200135410E-027
       40       -1.640549714E-002        1.062455259E-012       -5.378123201E-010
       41       -5.035598433E-002        3.157043923E-012       -5.375490249E-010
       42       -8.435698033E-002        5.262173258E-012       -5.370242785E-010
       43       -2.212760862E-002       -1.218920938E-011        2.754450254E-010
       44       -6.814592340E-002       -3.790194176E-011        2.750610191E-010
       45       -1.141803816E-001       -6.316426592E-011        2.742995800E-010
       46       -2.488171637E-019       -3.091107445E-019        2.977296456E-018
       47       -1.326923482E-018       -1.557662186E-018        5.193023556E-018
       48       -1.279493010E-018       -1.502874124E-018        2.972033323E-018
       49       -1.641009823E-002       -7.017831724E-003        6.810080217E-001
       50       -5.050062148E-002       -2.096846939E-002        6.809245023E-001
       51       -8.456112891E-002       -3.520970894E-002        6.807609723E-001
       52       -2.212922575E-002        1.387085417E-003        9.210011094E-001
       53       -6.819193589E-002        5.101185617E-003        9.209775948E-001
       54       -1.142455877E-001        8.155656378E-003        9.209311580E-001
       55        6.998015909E-002        4.753079374E-003       -9.209790639E-001
       56        2.392701283E-002        1.797547017E-003       -9.210030730E-001
       57       -2.212922575E-002       -1.387085445E-003       -9.210011088E-001
       58        2.305697241E-002        2.739288672E-002       -3.016665858E-001
       59        7.963005586E-003        9.184974840E-003       -3.017330416E-001
       60       -7.139237348E-003       -8.871627608E-003       -3.017321661E-001
       61       -4.622342860E-002        2.260131405E-002        6.106654909E-001
       62       -1.567732442E-002        7.389582229E-003        6.107425975E-001
       63        1.487893641E-002       -7.446150474E-003        6.107423516E-001
       64        6.995134723E-002        3.852661589E-011        2.750521666E-010
       65        2.390903490E-002        1.324726281E-011        2.754413317E-010
       66       -2.212760862E-002       -1.218920938E-011        2.754450254E-010
       67        2.298867468E-002       -2.859290595E-011        2.455193070E-010
       68        7.921671752E-003       -9.624720602E-012        2.456177827E-010
       69       -7.131561799E-003        9.301123128E-012        2.456199524E-010
       70       -4.614152541E-002        1.490257267E-011       -4.027747934E-010
       71       -1.562692990E-002        4.958472954E-012       -4.033318020E-010
       72        1.487177201E-002       -4.698962065E-012       -4.033377116E-010
       73        6.998015909E-002       -4.753079287E-003        9.209790645E-001
       74        2.392701283E-002       -1.797546988E-003        9.210030736E-001
       75       -2.212922575E-002        1.387085417E-003        9.210011094E-001
       76        2.305697242E-002       -2.739288678E-002        3.016665863E-001
       77        7.963005589E-003       -9.184974861E-003        3.017330421E-001
       78       -7.139237351E-003        8.871627628E-003        3.017321667E-001
       79       -4.622342861E-002       -2.260131402E-002       -6.106654918E-001
       80       -1.567732442E-002       -7.389582220E-003       -6.107425984E-001
       81        1.487893642E-002        7.446150465E-003       -6.107423525E-001
       82       -2.212922575E-002       -1.387085445E-003       -9.210011088E-001
       83       -6.819193588E-002       -5.101185701E-003       -9.209775942E-001
       84       -1.142455877E-001       -8.155656519E-003       -9.209311574E-001
       85       -7.139237348E-003       -8.871627608E-003       -3.017321661E-001
       86       -2.225783742E-002       -2.649078050E-002       -3.016669448E-001
       87       -3.735249126E-002       -4.454501374E-002       -3.015379832E-001
       88        1.487893641E-002       -7.446150474E-003        6.107423516E-001
       89        4.545584217E-002       -2.139226778E-002        6.106678228E-001
       90        7.600345702E-002       -3.642106740E-002        6.105183006E-001
       91       -2.212760862E-002       -1.218920938E-011        2.754450254E-010
       92       -6.814592340E-002       -3.790194176E-011        2.750610191E-010
       93       -1.141803816E-001       -6.316426592E-011        2.742995800E-010
       94       -7.131561799E-003        9.301123128E-012        2.456199524E-010
       95       -2.214014453E-002        2.809149510E-011        2.455261159E-010
       96       -3.718819968E-002        4.700345412E-011        2.453317162E-010
       97        1.487177201E-002       -4.698962065E-012       -4.033377116E-010
       98        4.531866638E-002       -1.376944886E-011       -4.027963056E-010
       99        7.581120787E-002       -2.366237766E-011       -4.017082769E-010
      100       -2.212922575E-002        1.387085417E-003        9.210011094E-001
      101       -6.819193589E-002        5.101185617E-003        9.209775948E-001
      102       -1.142455877E-001        8.155656378E-003        9.209311580E-001
      103       -7.139237351E-003        8.871627628E-003        3.017321667E-001
      104       -2.225783743E-002        2.649078056E-002        3.016669453E-001
      105       -3.735249128E-002        4.454501384E-002        3.015379837E-001
      106        1.487893642E-002        7.446150465E-003       -6.107423525E-001
      107        4.545584218E-002        2.139226775E-002       -6.106678237E-001
      108        7.600345704E-002        3.642106736E-002       -6.105183015E-001
      109       -4.622342860E-002        2.260131405E-002        6.106654909E-001
      110       -1.567732442E-002        7.389582229E-003        6.107425975E-001
      111        1.487893641E-002       -7.446150474E-003        6.107423516E-001
      112       -7.200621391E-002       -3.484839448E-003        9.493499367E-001
      113       -2.451334370E-002       -1.184477624E-003        9.495062511E-001
      114        2.299922169E-002        1.095483885E-003        9.495036777E-001
      115       -3.189777940E-002       -2.582913296E-002        4.201750785E-001
      116       -1.087875885E-002       -8.512311409E-003        4.202641411E-001
      117        1.014729861E-002        8.419868363E-003        4.202612650E-001
      118       -4.614152541E-002        1.490257267E-011       -4.027747934E-010
      119       -1.562692990E-002        4.958472954E-012       -4.033318020E-010
      120        1.487177201E-002       -4.698962065E-012       -4.033377116E-010
      121       -7.184040563E-002        2.422806066E-011        6.562054280E-010
      122       -2.441114384E-002        8.324259350E-012        6.564950243E-010
      123        2.298590446E-002       -7.557872059E-012        6.564975687E-010
      124       -3.180388081E-002       -5.330151757E-011        2.323754150E-010
      125       -1.082122087E-002       -1.780232960E-011        2.326299792E-010
      126        1.013961909E-002        1.737817213E-011        2.326288426E-010
      127       -4.622342861E-002       -2.260131402E-002       -6.106654918E-001
      128       -1.567732442E-002       -7.389582220E-003       -6.107425984E-001
      129        1.487893642E-002        7.446150465E-003       -6.107423525E-001
      130       -7.200621390E-002        3.484839502E-003       -9.493499353E-001
      131       -2.451334370E-002        1.184477642E-003       -9.495062497E-001
      132        2.299922168E-002       -1.095483901E-003       -9.495036763E-001
      133       -3.189777939E-002        2.582913285E-002       -4.201750780E-001
      134       -1.087875885E-002        8.512311371E-003       -4.202641406E-001
      135        1.014729861E-002       -8.419868327E-003       -4.202612645E-001
      136        1.487893641E-002       -7.446150474E-003        6.107423516E-001
      137        4.545584217E-002       -2.139226778E-002        6.106678228E-001
      138        7.600345702E-002       -3.642106740E-002        6.105183006E-001
      139        2.299922169E-002        1.095483885E-003        9.495036777E-001
      140        7.055098583E-002        3.314620750E-003        9.493505262E-001
      141        1.180457671E-001        5.592390354E-003        9.490483976E-001
      142        1.014729861E-002        8.419868363E-003        4.202612650E-001
      143        3.118388794E-002        2.446158991E-002        4.201750079E-001
      144        5.220003161E-002        4.161120834E-002        4.200052153E-001
      145        1.487177201E-002       -4.698962065E-012       -4.033377116E-010
      146        4.531866638E-002       -1.376944886E-011       -4.027963056E-010
      147        7.581120787E-002       -2.366237766E-011       -4.017082769E-010
      148        2.298590446E-002       -7.557872059E-012        6.564975687E-010
      149        7.027839512E-002       -2.336752237E-011        6.562151347E-010
      150        1.176632296E-001       -3.923933274E-011        6.556458099E-010
      151        1.013961909E-002        1.737817213E-011        2.326288426E-010
      152        3.103135987E-002        5.193416377E-011        2.323806781E-010
      153        5.198566760E-002        8.740401861E-011        2.318879541E-010
      154        1.487893642E-002        7.446150465E-003       -6.107423525E-001
      155        4.545584218E-002        2.139226775E-002       -6.106678237E-001
      156        7.600345704E-002        3.642106736E-002       -6.105183015E-001
      157        2.299922168E-002       -1.095483901E-003       -9.495036763E-001
      158        7.055098582E-002       -3.314620801E-003       -9.493505248E-001
      159        1.180457671E-001       -5.592390440E-003       -9.490483962E-001
      160        1.014729861E-002       -8.419868327E-003       -4.202612645E-001
      161        3.118388793E-002       -2.446158980E-002       -4.201750074E-001
      162        5.220003160E-002       -4.161120815E-002       -4.200052148E-001
      163       -3.189777940E-002       -2.582913296E-002        4.201750785E-001
      164       -1.087875885E-002       -8.512311409E-003        4.202641411E-001
      165        1.014729861E-002        8.419868363E-003        4.202612650E-001
      166        3.828278427E-002       -2.401912997E-002       -5.050118261E-001
      167        1.301437091E-002       -8.068845187E-003       -5.051021197E-001
      168       -1.226860690E-002        7.746930375E-003       -5.051017217E-001
      169        7.564883807E-002       -5.363576990E-003       -9.999337490E-001
      170        2.567292736E-002       -2.027402137E-003       -9.999999978E-001
      171       -2.427936823E-002        1.572888252E-003       -9.999866986E-001
      172       -3.180388081E-002       -5.330151757E-011        2.323754150E-010
      173       -1.082122087E-002       -1.780232960E-011        2.326299792E-010
      174        1.013961909E-002        1.737817213E-011        2.326288426E-010
      175        3.818722415E-002        1.096777624E-011       -8.134948010E-010
      176        1.295533849E-002        3.853669412E-012       -8.140084459E-010
      177       -1.226071534E-002       -3.247892222E-012       -8.140138571E-010
      178        7.557786674E-002        9.151188835E-011        1.121651862E-009
      179        2.563102312E-002        3.112498595E-011        1.121721710E-009
      180       -2.427470509E-002       -2.898764985E-011        1.121726331E-009
      181       -3.189777939E-002        2.582913285E-002       -4.201750780E-001
      182       -1.087875885E-002        8.512311371E-003       -4.202641406E-001
      183        1.014729861E-002       -8.419868327E-003       -4.202612645E-001
      184        3.828278424E-002        2.401912999E-002        5.050118243E-001
      185        1.301437090E-002        8.068845194E-003        5.051021179E-001
      186       -1.226860689E-002       -7.746930381E-003        5.051017199E-001
      187        7.564883805E-002        5.363577180E-003        9.999337511E-001
      188        2.567292735E-002        2.027402201E-003        1.000000000E+000
      189       -2.427936822E-002       -1.572888312E-003        9.999867008E-001
      190        1.014729861E-002        8.419868363E-003        4.202612650E-001
      191        3.118388794E-002        2.446158991E-002        4.201750079E-001
      192        5.220003161E-002        4.161120834E-002        4.200052153E-001
      193       -1.226860690E-002        7.746930375E-003       -5.051017217E-001
      194       -3.758320145E-002        2.318134058E-002       -5.050123002E-001
      195       -6.285571952E-002        3.900260380E-002       -5.048359997E-001
      196       -2.427936823E-002        1.572888252E-003       -9.999866986E-001
      197       -7.415824624E-002        5.718772458E-003       -9.999300670E-001
      198       -1.241046963E-001        9.103165311E-003       -9.998196549E-001
      199        1.013961909E-002        1.737817213E-011        2.326288426E-010
      200        3.103135987E-002        5.193416377E-011        2.323806781E-010
      201        5.198566760E-002        8.740401861E-011        2.318879541E-010
      202       -1.226071534E-002       -3.247892222E-012       -8.140138571E-010
      203       -3.742408916E-002       -1.031155348E-011       -8.135103179E-010
      204       -6.263282902E-002       -1.741115625E-011       -8.125042392E-010
      205       -2.427470509E-002       -2.898764985E-011        1.121726331E-009
      206       -7.405999216E-002       -8.863263341E-011        1.121646719E-009
      207       -1.239631854E-001       -1.490647190E-010        1.121494755E-009
      208        1.014729861E-002       -8.419868327E-003       -4.202612645E-001
      209        3.118388793E-002       -2.446158980E-002       -4.201750074E-001
      210        5.220003160E-002       -4.161120815E-002       -4.200052148E-001
      211       -1.226860689E-002       -7.746930381E-003        5.051017199E-001
      212       -3.758320142E-002       -2.318134060E-002        5.050122984E-001
      213       -6.285571949E-002       -3.900260383E-002        5.048359979E-001
      214       -2.427936822E-002       -1.572888312E-003        9.999867008E-001
      215       -7.415824622E-002       -5.718772643E-003        9.999300691E-001
      216       -1.241046963E-001       -9.103165620E-003        9.998196571E-001
$EndDataNodes
$NodeData
 1
"[ 12]_F*******"
 1
 0.0
 3
 0
 3
         216
        1       -1.171734796E-019        2.492844311E-018        5.366783059E-018
        2       -6.716477677E-020        1.454995708E-018        9.379448917E-018
        3        3.852926280E-020       -8.082640491E-019        5.356691763E-018
        4       -6.464070373E-003       -7.340973869E-003        5.276919236E-001
        5       -2.217877349E-003       -2.487109357E-003        5.281108280E-001
        6        2.044979659E-003        2.370885875E-003        5.281111883E-001
        7        1.095041697E-002       -2.905080735E-002       -6.449692903E-001
        8        3.785831995E-003       -9.791945262E-003       -6.460151443E-001
        9       -3.443337067E-003        9.425794574E-003       -6.460196261E-001
       10       -2.119615850E-027        2.437648628E-018        5.274367816E-018
       11       -1.225027940E-027        1.422951019E-018        9.220290361E-018
       12        7.154126549E-028       -7.907754717E-019        5.264637513E-018
       13       -7.717994954E-011       -7.124153988E-003        4.854263973E-001
       14       -2.555529835E-011       -2.398690341E-003        4.857998238E-001
       15        2.600851904E-011        2.311111839E-003        4.858014695E-001
       16       -4.514405355E-011       -2.423431831E-002       -5.740741212E-001
       17       -1.385553083E-011       -8.400765994E-003       -5.749993233E-001
       18        1.743526017E-011        7.700299999E-003       -5.750079800E-001
       19        1.171734753E-019        2.492844305E-018        5.366783043E-018
       20        6.716477435E-020        1.454995704E-018        9.379448888E-018
       21       -3.852926137E-020       -8.082640472E-019        5.356691747E-018
       22        6.464070218E-003       -7.340973916E-003        5.276919216E-001
       23        2.217877298E-003       -2.487109373E-003        5.281108260E-001
       24       -2.044979607E-003        2.370885889E-003        5.281111862E-001
       25       -1.095041706E-002       -2.905080727E-002       -6.449692915E-001
       26       -3.785832023E-003       -9.791945236E-003       -6.460151456E-001
       27        3.443337102E-003        9.425794549E-003       -6.460196274E-001
       28        3.852926280E-020       -8.082640491E-019        5.356691763E-018
       29        1.913822229E-019       -4.163753676E-018        9.346807898E-018
       30        1.855829442E-019       -4.012582316E-018        5.352026213E-018
       31        2.044979659E-003        2.370885875E-003        5.281111883E-001
       32        6.346234022E-003        7.261063738E-003        5.277038259E-001
       33        1.059952158E-002        1.213930213E-002        5.268906196E-001
       34       -3.443337067E-003        9.425794574E-003       -6.460196261E-001
       35       -1.083176135E-002        2.833602143E-002       -6.450072670E-001
       36       -1.803458927E-002        4.736425098E-002       -6.429807041E-001
       37        7.154126549E-028       -7.907754717E-019        5.264637513E-018
       38        3.712662118E-027       -4.071454707E-018        9.187891682E-018
       39        3.546686592E-027       -3.921483661E-018        5.259533807E-018
       40        2.600851904E-011        2.311111839E-003        4.858014695E-001
       41        7.737539279E-011        7.002602195E-003        4.854368089E-001
       42        1.289162093E-010        1.173915621E-002        4.847086097E-001
       43        1.743526017E-011        7.700299999E-003       -5.750079800E-001
       44        4.873289093E-011        2.432059388E-002       -5.741056007E-001
       45        8.002452267E-011        4.017067220E-002       -5.723002242E-001
       46       -3.852926137E-020       -8.082640472E-019        5.356691747E-018
       47       -1.913822155E-019       -4.163753667E-018        9.346807870E-018
       48       -1.855829372E-019       -4.012582307E-018        5.352026196E-018
       49       -2.044979607E-003        2.370885889E-003        5.281111862E-001
       50       -6.346233866E-003        7.261063782E-003        5.277038239E-001
       51       -1.059952132E-002        1.213930220E-002        5.268906175E-001
       52        3.443337102E-003        9.425794549E-003       -6.460196274E-001
       53        1.083176145E-002        2.833602136E-002       -6.450072683E-001
       54        1.803458943E-002        4.736425085E-002       -6.429807053E-001
       55        1.095041697E-002       -2.905080735E-002       -6.449692903E-001
       56        3.785831995E-003       -9.791945262E-003       -6.460151443E-001
       57       -3.443337067E-003        9.425794574E-003       -6.460196261E-001
       58       -4.273065527E-003        3.732237168E-002        2.613698354E-001
       59       -1.467953565E-003        1.259080180E-002        2.616934987E-001
       60        1.352283507E-003       -1.198493266E-002        2.616948442E-001
       61       -3.153224793E-004       -5.924607943E-002        3.211247179E-002
       62       -1.154260294E-004       -1.988918612E-002        3.217121623E-002
       63        9.274937368E-005        1.915229401E-002        3.217083499E-002
       64       -4.514405355E-011       -2.423431831E-002       -5.740741212E-001
       65       -1.385553083E-011       -8.400765994E-003       -5.749993233E-001
       66        1.743526017E-011        7.700299999E-003       -5.750079800E-001
       67        6.449293289E-011        3.374589308E-002        2.334947945E-001
       68        2.326052290E-011        1.145306011E-002        2.337785476E-001
       69       -1.792258791E-011       -1.077596777E-002        2.337811143E-001
       70        7.009062916E-011       -5.568859364E-002        3.021122825E-002
       71        2.365060635E-011       -1.857480984E-002        3.027593330E-002
       72       -2.273159904E-011        1.807347939E-002        3.027513035E-002
       73       -1.095041706E-002       -2.905080727E-002       -6.449692915E-001
       74       -3.785832023E-003       -9.791945236E-003       -6.460151456E-001
       75        3.443337102E-003        9.425794549E-003       -6.460196274E-001
       76        4.273065657E-003        3.732237175E-002        2.613698371E-001
       77        1.467953612E-003        1.259080183E-002        2.616935003E-001
       78       -1.352283543E-003       -1.198493268E-002        2.616948459E-001
       79        3.153226201E-004       -5.924607949E-002        3.211247365E-002
       80        1.154260771E-004       -1.988918614E-002        3.217121809E-002
       81       -9.274941916E-005        1.915229403E-002        3.217083685E-002
       82       -3.443337067E-003        9.425794574E-003       -6.460196261E-001
       83       -1.083176135E-002        2.833602143E-002       -6.450072670E-001
       84       -1.803458927E-002        4.736425098E-002       -6.429807041E-001
       85        1.352283507E-003       -1.198493266E-002        2.616948442E-001
       86        4.207681971E-003       -3.608868643E-002        2.613808485E-001
       87        7.019542513E-003       -6.064041648E-002        2.607525201E-001
       88        9.274937368E-005        1.915229401E-002        3.217083499E-002
       89        3.251720422E-004        5.747986181E-002        3.211433606E-002
       90        5.339920561E-004        9.671437251E-002        3.200145193E-002
       91        1.743526017E-011        7.700299999E-003       -5.750079800E-001
       92        4.873289093E-011        2.432059388E-002       -5.741056007E-001
       93        8.002452267E-011        4.017067220E-002       -5.723002242E-001
       94       -1.792258791E-011       -1.077596777E-002        2.337811143E-001
       95       -5.894434763E-011       -3.279968475E-002        2.335045651E-001
       96       -1.001080494E-010       -5.500674241E-002        2.329506313E-001
       97       -2.273159904E-011        1.807347939E-002        3.027513035E-002
       98       -6.892545619E-011        5.367151245E-002        3.021099025E-002
       99       -1.152860024E-010        9.060925312E-002        3.008551981E-002
      100        3.443337102E-003        9.425794549E-003       -6.460196274E-001
      101        1.083176145E-002        2.833602136E-002       -6.450072683E-001
      102        1.803458943E-002        4.736425085E-002       -6.429807053E-001
      103       -1.352283543E-003       -1.198493268E-002        2.616948459E-001
      104       -4.207682090E-003       -3.608868649E-002        2.613808501E-001
      105       -7.019542715E-003       -6.064041659E-002        2.607525218E-001
      106       -9.274941916E-005        1.915229403E-002        3.217083685E-002
      107       -3.251721810E-004        5.747986186E-002        3.211433792E-002
      108       -5.339922880E-004        9.671437260E-002        3.200145379E-002
      109       -3.153224793E-004       -5.924607943E-002        3.211247179E-002
      110       -1.154260294E-004       -1.988918612E-002        3.217121623E-002
      111        9.274937368E-005        1.915229401E-002        3.217083499E-002
      112        4.965274576E-003        3.485481707E-002       -3.032861210E-001
      113        1.705005818E-003        1.176541970E-002       -3.036369548E-001
      114       -1.570348722E-003       -1.117310185E-002       -3.036384499E-001
      115       -1.136207957E-002       -2.249989209E-002        6.704948822E-001
      116       -3.904387493E-003       -7.527689417E-003        6.714066293E-001
      117        3.596078043E-003        7.383832106E-003        6.714110875E-001
      118        7.009062916E-011       -5.568859364E-002        3.021122825E-002
      119        2.365060635E-011       -1.857480984E-002        3.027593330E-002
      120       -2.273159904E-011        1.807347939E-002        3.027513035E-002
      121       -2.438526566E-011        3.169445174E-002       -2.708592971E-001
      122       -9.492646000E-012        1.076392200E-002       -2.711676700E-001
      123        5.355982676E-012       -1.010335766E-002       -2.711704429E-001
      124       -4.437896769E-011       -1.946453379E-002        5.964129925E-001
      125       -1.529204789E-011       -6.742480063E-003        5.971978013E-001
      126        1.375682725E-011        6.243326858E-003        5.972074029E-001
      127        3.153226201E-004       -5.924607949E-002        3.211247365E-002
      128        1.154260771E-004       -1.988918614E-002        3.217121809E-002
      129       -9.274941916E-005        1.915229403E-002        3.217083685E-002
      130       -4.965274625E-003        3.485481701E-002       -3.032861216E-001
      131       -1.705005837E-003        1.176541967E-002       -3.036369554E-001
      132        1.570348733E-003       -1.117310183E-002       -3.036384505E-001
      133        1.136207949E-002       -2.249989207E-002        6.704948811E-001
      134        3.904387462E-003       -7.527689410E-003        6.714066282E-001
      135       -3.596078015E-003        7.383832095E-003        6.714110863E-001
      136        9.274937368E-005        1.915229401E-002        3.217083499E-002
      137        3.251720422E-004        5.747986181E-002        3.211433606E-002
      138        5.339920561E-004        9.671437251E-002        3.200145193E-002
      139       -1.570348722E-003       -1.117310185E-002       -3.036384499E-001
      140       -4.880277741E-003       -3.365571558E-002       -3.032981160E-001
      141       -8.146780153E-003       -5.657205293E-002       -3.026170847E-001
      142        3.596078043E-003        7.383832106E-003        6.714110875E-001
      143        1.119356700E-002        2.192269176E-002        6.705268359E-001
      144        1.866780711E-002        3.663580849E-002        6.687574091E-001
      145       -2.273159904E-011        1.807347939E-002        3.027513035E-002
      146       -6.892545619E-011        5.367151245E-002        3.021099025E-002
      147       -1.152860024E-010        9.060925312E-002        3.008551981E-002
      148        5.355982676E-012       -1.010335766E-002       -2.711704429E-001
      149        2.006639094E-011       -3.075976152E-002       -2.708699312E-001
      150        3.489871165E-011       -5.159781432E-002       -2.702681284E-001
      151        1.375682725E-011        6.243326858E-003        5.972074029E-001
      152        4.268043768E-011        1.965541457E-002        5.964423777E-001
      153        7.171482801E-011        3.230719322E-002        5.949081321E-001
      154       -9.274941916E-005        1.915229403E-002        3.217083685E-002
      155       -3.251721810E-004        5.747986186E-002        3.211433792E-002
      156       -5.339922880E-004        9.671437260E-002        3.200145379E-002
      157        1.570348733E-003       -1.117310183E-002       -3.036384505E-001
      158        4.880277782E-003       -3.365571553E-002       -3.032981166E-001
      159        8.146780224E-003       -5.657205283E-002       -3.026170853E-001
      160       -3.596078015E-003        7.383832095E-003        6.714110863E-001
      161       -1.119356691E-002        2.192269173E-002        6.705268348E-001
      162       -1.866780697E-002        3.663580844E-002        6.687574080E-001
      163       -1.136207957E-002       -2.249989209E-002        6.704948822E-001
      164       -3.904387493E-003       -7.527689417E-003        6.714066293E-001
      165        3.596078043E-003        7.383832106E-003        6.714110875E-001
      166        1.003747442E-002       -8.719617816E-003       -5.103055380E-001
      167        3.433552044E-003       -2.872937653E-003       -5.108569527E-001
      168       -3.186151443E-003        2.915483573E-003       -5.108599090E-001
      169        6.625253757E-003        8.469401166E-002        9.557845689E-001
      170        2.228891102E-003        2.885217472E-002        9.558108456E-001
      171       -2.150855489E-003       -2.700518928E-002        9.558028037E-001
      172       -4.437896769E-011       -1.946453379E-002        5.964129925E-001
      173       -1.529204789E-011       -6.742480063E-003        5.971978013E-001
      174        1.375682725E-011        6.243326858E-003        5.972074029E-001
      175        9.385511262E-012       -6.818487835E-003       -4.444526463E-001
      176        5.491513999E-012       -2.261494531E-003       -4.449509652E-001
      177        1.612796728E-012        2.280269692E-003       -4.449544577E-001
      178        3.893855629E-011        8.396748969E-002        9.999572704E-001
      179        1.814686384E-011        2.876624290E-002        9.999370237E-001
      180       -2.623436847E-012       -2.666351342E-002        9.999203277E-001
      181        1.136207949E-002       -2.249989207E-002        6.704948811E-001
      182        3.904387462E-003       -7.527689410E-003        6.714066282E-001
      183       -3.596078015E-003        7.383832095E-003        6.714110863E-001
      184       -1.003747440E-002       -8.719617783E-003       -5.103055378E-001
      185       -3.433552033E-003       -2.872937644E-003       -5.108569526E-001
      186        3.186151446E-003        2.915483558E-003       -5.108599088E-001
      187       -6.625253679E-003        8.469401167E-002        9.557845697E-001
      188       -2.228891066E-003        2.885217472E-002        9.558108464E-001
      189        2.150855484E-003       -2.700518929E-002        9.558028046E-001
      190        3.596078043E-003        7.383832106E-003        6.714110875E-001
      191        1.119356700E-002        2.192269176E-002        6.705268359E-001
      192        1.866780711E-002        3.663580849E-002        6.687574091E-001
      193       -3.186151443E-003        2.915483573E-003       -5.108599090E-001
      194       -9.840302340E-003        8.531622316E-003       -5.103243611E-001
      195       -1.644894162E-002        1.431527472E-002       -5.092516992E-001
      196       -2.150855489E-003       -2.700518928E-002        9.558028037E-001
      197       -6.493535393E-003       -8.276823527E-002        9.557748794E-001
      198       -1.088392890E-002       -1.384857794E-001        9.557254238E-001
      199        1.375682725E-011        6.243326858E-003        5.972074029E-001
      200        4.268043768E-011        1.965541457E-002        5.964423777E-001
      201        7.171482801E-011        3.230719322E-002        5.949081321E-001
      202        1.612796728E-012        2.280269692E-003       -4.449544577E-001
      203       -2.214699252E-012        6.769292972E-003       -4.444704819E-001
      204       -6.086756354E-012        1.130205754E-002       -4.434997291E-001
      205       -2.623436847E-012       -2.666351342E-002        9.999203277E-001
      206       -2.332830459E-011       -8.247285233E-002        9.999446070E-001
      207       -4.409667309E-011       -1.376226207E-001        1.000000000E+000
      208       -3.596078015E-003        7.383832095E-003        6.714110863E-001
      209       -1.119356691E-002        2.192269173E-002        6.705268348E-001
      210       -1.866780697E-002        3.663580844E-002        6.687574080E-001
      211        3.186151446E-003        2.915483558E-003       -5.108599088E-001
      212        9.840302335E-003        8.531622277E-003       -5.103243610E-001
      213        1.644894160E-002        1.431527466E-002       -5.092516990E-001
      214        2.150855484E-003       -2.700518929E-002        9.558028046E-001
      215        6.493535346E-003       -8.276823528E-002        9.557748803E-001
      216        1.088392881E-002       -1.384857794E-001        9.557254247E-001
$EndDataNodes
$NodeData
 1
"[ 13]_F*******"
 1
 0.0
 3
 0
 3
         216
        1       -1.734828491E-018        2.339471948E-018        6.598184431E-018
        2       -1.025187692E-018        1.348698858E-018        1.153444603E-017
        3        5.540369028E-019       -7.687429530E-019        6.588154937E-018
        4       -6.042800136E-002        1.832020080E-002        7.963273361E-001
        5       -2.057676747E-002        6.172475464E-003        7.965454732E-001
        6        1.930119817E-002       -5.892680654E-003        7.965403339E-001
        7       -3.800878025E-002       -2.907072107E-002        5.026683952E-001
        8       -1.287356416E-002       -9.989663376E-003        5.026783265E-001
        9        1.226283110E-002        9.273407334E-003        5.026763674E-001
       10       -1.745441951E-018        8.168928772E-028        1.769544307E-027
       11       -1.035706233E-018        4.831418742E-028        3.093389054E-027
       12        5.565853823E-019       -2.588725576E-028        1.766200079E-027
       13       -6.019514361E-002       -1.811192595E-012        1.592438270E-010
       14       -2.043281066E-002       -5.484882873E-013        1.593673133E-010
       15        1.928417088E-002        7.119407599E-013        1.593671807E-010
       16       -3.799231005E-002       -7.875308776E-012       -1.710043136E-010
       17       -1.286230868E-002       -2.586922718E-012       -1.713004427E-010
       18        1.226475374E-002        2.767784369E-012       -1.713038133E-010
       19       -1.734828491E-018       -2.339471947E-018       -6.598184427E-018
       20       -1.025187692E-018       -1.348698857E-018       -1.153444602E-017
       21        5.540369027E-019        7.687429524E-019       -6.588154933E-018
       22       -6.042800136E-002       -1.832020081E-002       -7.963273357E-001
       23       -2.057676747E-002       -6.172475465E-003       -7.965454728E-001
       24        1.930119817E-002        5.892680656E-003       -7.965403336E-001
       25       -3.800878025E-002        2.907072105E-002       -5.026683956E-001
       26       -1.287356416E-002        9.989663370E-003       -5.026783269E-001
       27        1.226283110E-002       -9.273407327E-003       -5.026763678E-001
       28        5.540369028E-019       -7.687429530E-019        6.588154937E-018
       29        2.941803269E-018       -3.861391874E-018        1.149044255E-017
       30        2.834277774E-018       -3.728454898E-018        6.575646525E-018
       31        1.930119817E-002       -5.892680654E-003        7.965403339E-001
       32        5.923177005E-002       -1.769414860E-002        7.963260699E-001
       33        9.908488728E-002       -2.973289728E-002        7.959054067E-001
       34        1.226283110E-002        9.273407334E-003        5.026763674E-001
       35        3.740183444E-002        2.889048636E-002        5.026669967E-001
       36        6.253732086E-002        4.798315418E-002        5.026484099E-001
       37        5.565853823E-019       -2.588725576E-028        1.766200079E-027
       38        2.972172249E-018       -1.350800980E-027        3.082441353E-027
       39        2.855085916E-018       -1.304518530E-027        1.764395800E-027
       40        1.928417088E-002        7.119407599E-013        1.593671807E-010
       41        5.885430291E-002        1.973526764E-012        1.592457392E-010
       42        9.855434335E-002        3.241967385E-012        1.590036574E-010
       43        1.226475374E-002        2.767784369E-012       -1.713038133E-010
       44        3.738240355E-002        8.239977556E-012       -1.710180616E-010
       45        6.250838140E-002        1.352004377E-011       -1.704430136E-010
       46        5.540369027E-019        7.687429524E-019       -6.588154933E-018
       47        2.941803269E-018        3.861391871E-018       -1.149044254E-017
       48        2.834277774E-018        3.728454896E-018       -6.575646521E-018
       49        1.930119817E-002        5.892680656E-003       -7.965403336E-001
       50        5.923177005E-002        1.769414860E-002       -7.963260695E-001
       51        9.908488727E-002        2.973289729E-002       -7.959054063E-001
       52        1.226283110E-002       -9.273407327E-003       -5.026763678E-001
       53        3.740183444E-002       -2.889048634E-002       -5.026669971E-001
       54        6.253732087E-002       -4.798315415E-002       -5.026484102E-001
       55       -3.800878025E-002       -2.907072107E-002        5.026683952E-001
       56       -1.287356416E-002       -9.989663376E-003        5.026783265E-001
       57        1.226283110E-002        9.273407334E-003        5.026763674E-001
       58        4.941178423E-002       -2.642744379E-002       -6.488954936E-001
       59        1.693757368E-002       -8.865205452E-003       -6.490785957E-001
       60       -1.555929108E-002        8.541010673E-003       -6.490745165E-001
       61        5.696802349E-002        2.282731074E-002       -7.496742457E-001
       62        1.944486405E-002        7.852203475E-003       -7.499278011E-001
       63       -1.810902024E-002       -7.328193192E-003       -7.499253499E-001
       64       -3.799231005E-002       -7.875308776E-012       -1.710043136E-010
       65       -1.286230868E-002       -2.586922718E-012       -1.713004427E-010
       66        1.226475374E-002        2.767784369E-012       -1.713038133E-010
       67        4.921874434E-002        1.303177831E-011        1.151987395E-010
       68        1.681942938E-002        4.615324634E-012        1.152781160E-010
       69       -1.554161357E-002       -3.781068377E-012        1.152787800E-010
       70        5.670313658E-002       -1.846603539E-011        9.363597612E-011
       71        1.928300001E-002       -5.941326908E-012        9.369612220E-011
       72       -1.808338726E-002        6.465434533E-012        9.369564234E-011
       73       -3.800878025E-002        2.907072105E-002       -5.026683956E-001
       74       -1.287356416E-002        9.989663370E-003       -5.026783269E-001
       75        1.226283110E-002       -9.273407327E-003       -5.026763678E-001
       76        4.941178423E-002        2.642744382E-002        6.488954939E-001
       77        1.693757368E-002        8.865205462E-003        6.490785960E-001
       78       -1.555929108E-002       -8.541010682E-003        6.490745168E-001
       79        5.696802350E-002       -2.282731078E-002        7.496742459E-001
       80        1.944486405E-002       -7.852203489E-003        7.499278013E-001
       81       -1.810902024E-002        7.328193206E-003        7.499253501E-001
       82        1.226283110E-002        9.273407334E-003        5.026763674E-001
       83        3.740183444E-002        2.889048636E-002        5.026669967E-001
       84        6.253732086E-002        4.798315418E-002        5.026484099E-001
       85       -1.555929108E-002        8.541010673E-003       -6.490745165E-001
       86       -4.810095652E-002        2.549113919E-002       -6.488946105E-001
       87       -8.057697466E-002        4.288978139E-002       -6.485404152E-001
       88       -1.810902024E-002       -7.328193192E-003       -7.499253499E-001
       89       -5.572306571E-002       -2.286780153E-002       -7.496782015E-001
       90       -9.324832293E-002       -3.781542509E-002       -7.491869125E-001
       91        1.226475374E-002        2.767784369E-012       -1.713038133E-010
       92        3.738240355E-002        8.239977556E-012       -1.710180616E-010
       93        6.250838140E-002        1.352004377E-011       -1.704430136E-010
       94       -1.554161357E-002       -3.781068377E-012        1.152787800E-010
       95       -4.777866876E-002       -1.211144893E-011        1.152016851E-010
       96       -8.012534400E-002       -2.049939784E-011        1.150437840E-010
       97       -1.808338726E-002        6.465434533E-012        9.369564234E-011
       98       -5.527579983E-002        1.861428859E-011        9.363509703E-011
       99       -9.262243115E-002        3.110458140E-011        9.351753849E-011
      100        1.226283110E-002       -9.273407327E-003       -5.026763678E-001
      101        3.740183444E-002       -2.889048634E-002       -5.026669971E-001
      102        6.253732087E-002       -4.798315415E-002       -5.026484102E-001
      103       -1.555929108E-002       -8.541010682E-003        6.490745168E-001
      104       -4.810095652E-002       -2.549113922E-002        6.488946108E-001
      105       -8.057697467E-002       -4.288978144E-002        6.485404154E-001
      106       -1.810902024E-002        7.328193206E-003        7.499253501E-001
      107       -5.572306571E-002        2.286780157E-002        7.496782017E-001
      108       -9.324832293E-002        3.781542516E-002        7.491869127E-001
      109        5.696802349E-002        2.282731074E-002       -7.496742457E-001
      110        1.944486405E-002        7.852203475E-003       -7.499278011E-001
      111       -1.810902024E-002       -7.328193192E-003       -7.499253499E-001
      112       -3.161924505E-002        3.384988870E-002        4.145027963E-001
      113       -1.087322194E-002        1.131363822E-002        4.146279571E-001
      114        9.888924036E-003       -1.102161682E-002        4.146252388E-001
      115       -6.859810130E-002       -1.087705475E-002        9.009294050E-001
      116       -2.350307107E-002       -3.823375435E-003        9.012832135E-001
      117        2.162965712E-002        3.453747831E-003        9.012803987E-001
      118        5.670313658E-002       -1.846603539E-011        9.363597612E-011
      119        1.928300001E-002       -5.941326908E-012        9.369612220E-011
      120       -1.808338726E-002        6.465434533E-012        9.369564234E-011
      121       -3.148894444E-002        1.254534681E-011       -1.605088957E-011
      122       -1.079408895E-002        4.556429015E-012       -1.618394650E-011
      123        9.875292241E-003       -3.410744743E-012       -1.618573695E-011
      124       -6.823122646E-002       -1.100655296E-011        2.917458897E-010
      125       -2.327955095E-002       -3.426533480E-012        2.921613767E-010
      126        2.159175828E-002        4.208923117E-012        2.921638371E-010
      127        5.696802350E-002       -2.282731078E-002        7.496742459E-001
      128        1.944486405E-002       -7.852203489E-003        7.499278013E-001
      129       -1.810902024E-002        7.328193206E-003        7.499253501E-001
      130       -3.161924505E-002       -3.384988867E-002       -4.145027963E-001
      131       -1.087322194E-002       -1.131363821E-002       -4.146279572E-001
      132        9.888924037E-003        1.102161681E-002       -4.146252389E-001
      133       -6.859810129E-002        1.087705473E-002       -9.009294043E-001
      134       -2.350307107E-002        3.823375428E-003       -9.012832129E-001
      135        2.162965711E-002       -3.453747822E-003       -9.012803981E-001
      136       -1.810902024E-002       -7.328193192E-003       -7.499253499E-001
      137       -5.572306571E-002       -2.286780153E-002       -7.496782015E-001
      138       -9.324832293E-002       -3.781542509E-002       -7.491869125E-001
      139        9.888924036E-003       -1.102161682E-002        4.146252388E-001
      140        3.068345603E-002       -3.277849855E-002        4.145023365E-001
      141        5.143128287E-002       -5.511321690E-002        4.142600316E-001
      142        2.162965712E-002        3.453747831E-003        9.012803987E-001
      143        6.683173699E-002        1.114618885E-002        9.009330375E-001
      144        1.119247238E-001        1.819421358E-002        9.002448440E-001
      145       -1.808338726E-002        6.465434533E-012        9.369564234E-011
      146       -5.527579983E-002        1.861428859E-011        9.363509703E-011
      147       -9.262243115E-002        3.110458140E-011        9.351753849E-011
      148        9.875292241E-003       -3.410744743E-012       -1.618573695E-011
      149        3.046185800E-002       -1.130526675E-011       -1.605693183E-011
      150        5.112138158E-002       -1.926230190E-011       -1.580055860E-011
      151        2.159175828E-002        4.208923117E-012        2.921638371E-010
      152        6.620530256E-002        1.192050800E-011        2.917581004E-010
      153        1.110493917E-001        1.946976605E-011        2.909473152E-010
      154       -1.810902024E-002        7.328193206E-003        7.499253501E-001
      155       -5.572306571E-002        2.286780157E-002        7.496782017E-001
      156       -9.324832293E-002        3.781542516E-002        7.491869127E-001
      157        9.888924037E-003        1.102161681E-002       -4.146252389E-001
      158        3.068345604E-002        3.277849852E-002       -4.145023366E-001
      159        5.143128287E-002        5.511321686E-002       -4.142600316E-001
      160        2.162965711E-002       -3.453747822E-003       -9.012803981E-001
      161        6.683173698E-002       -1.114618882E-002       -9.009330368E-001
      162        1.119247238E-001       -1.819421354E-002       -9.002448433E-001
      163       -6.859810130E-002       -1.087705475E-002        9.009294050E-001
      164       -2.350307107E-002       -3.823375435E-003        9.012832135E-001
      165        2.162965712E-002        3.453747831E-003        9.012803987E-001
      166        9.878412940E-003       -3.708718830E-002       -1.296374578E-001
      167        3.380745344E-003       -1.236488938E-002       -1.296943045E-001
      168       -3.129337799E-003        1.213189579E-002       -1.296927925E-001
      169        7.596844783E-002       -1.039809660E-002       -9.998392452E-001
      170        2.601355833E-002       -3.338375008E-003       -9.999964606E-001
      171       -2.391061347E-002        3.501477914E-003       -9.999999989E-001
      172       -6.823122646E-002       -1.100655296E-011        2.917458897E-010
      173       -2.327955095E-002       -3.426533480E-012        2.921613767E-010
      174        2.159175828E-002        4.208923117E-012        2.921638371E-010
      175        9.818204965E-003       -3.355015535E-012       -3.227136405E-010
      176        3.343622984E-003       -7.557013334E-013       -3.230057388E-010
      177       -3.125204180E-003        1.836934971E-012       -3.230071353E-010
      178        7.579240028E-002        5.548473330E-011        5.950113257E-010
      179        2.590070709E-002        1.930238713E-011        5.949765080E-010
      180       -2.390320863E-002       -1.691395729E-011        5.949692675E-010
      181       -6.859810129E-002        1.087705473E-002       -9.009294043E-001
      182       -2.350307107E-002        3.823375428E-003       -9.012832129E-001
      183        2.162965711E-002       -3.453747822E-003       -9.012803981E-001
      184        9.878412928E-003        3.708718829E-002        1.296374571E-001
      185        3.380745340E-003        1.236488938E-002        1.296943038E-001
      186       -3.129337795E-003       -1.213189579E-002        1.296927917E-001
      187        7.596844781E-002        1.039809672E-002        9.998392463E-001
      188        2.601355833E-002        3.338375048E-003        9.999964617E-001
      189       -2.391061346E-002       -3.501477950E-003        1.000000000E+000
      190        2.162965712E-002        3.453747831E-003        9.012803987E-001
      191        6.683173699E-002        1.114618885E-002        9.009330375E-001
      192        1.119247238E-001        1.819421358E-002        9.002448440E-001
      193       -3.129337799E-003        1.213189579E-002       -1.296927925E-001
      194       -9.668370659E-003        3.598307018E-002       -1.296389263E-001
      195       -1.617163860E-002        6.048261393E-002       -1.295316258E-001
      196       -2.391061347E-002        3.501477914E-003       -9.999999989E-001
      197       -7.373266740E-002        9.927488233E-003       -9.998325218E-001
      198       -1.236423954E-001        1.698750314E-002       -9.995101238E-001
      199        2.159175828E-002        4.208923117E-012        2.921638371E-010
      200        6.620530256E-002        1.192050800E-011        2.917581004E-010
      201        1.110493917E-001        1.946976605E-011        2.909473152E-010
      202       -3.125204180E-003        1.836934971E-012       -3.230071353E-010
      203       -9.572920332E-003        4.405682259E-012       -3.227215171E-010
      204       -1.603714147E-002        6.993529207E-012       -3.221508474E-010
      205       -2.390320863E-002       -1.691395729E-011        5.949692675E-010
      206       -7.344516294E-002       -5.317717086E-011        5.950033165E-010
      207       -1.232389451E-001       -8.933963739E-011        5.950735287E-010
      208        2.162965711E-002       -3.453747822E-003       -9.012803981E-001
      209        6.683173698E-002       -1.114618882E-002       -9.009330368E-001
      210        1.119247238E-001       -1.819421354E-002       -9.002448433E-001
      211       -3.129337795E-003       -1.213189579E-002        1.296927917E-001
      212       -9.668370647E-003       -3.598307017E-002        1.296389256E-001
      213       -1.617163858E-002       -6.048261391E-002        1.295316251E-001
      214       -2.391061346E-002       -3.501477950E-003        1.000000000E+000
      215       -7.373266739E-002       -9.927488344E-003        9.998325229E-001
      216       -1.236423954E-001       -1.698750333E-002        9.995101249E-001
$EndDataNodes
$NodeData
 1
"[ 14]_F*******"
 1
 0.0
 3
 0
 3
         216
        1        2.322049422E-018        1.258712355E-017        6.390470817E-020
        2        4.034208956E-018        2.190263424E-017        4.586153527E-020
        3        2.319686771E-018        1.256109335E-017       -1.145134053E-020
        4        2.594638559E-002        1.872258290E-001        1.866620721E-003
        5        2.593804420E-002        1.872453092E-001        6.021723124E-004
        6        2.593471020E-002        1.872557296E-001       -6.624664631E-004
        7        2.206063193E-002        3.780000293E-001        1.996576822E-003
        8        2.207286693E-002        3.778497049E-001        7.124418309E-004
        9        2.207562303E-002        3.778078068E-001       -5.719078605E-004
       10       -1.863966083E-027        1.234966039E-017        6.376855416E-020
       11       -2.729358026E-028        2.150605301E-017        4.574167209E-020
       12        1.547086141E-027        1.232379464E-017       -1.146362618E-020
       13       -4.563283223E-011        1.862659312E-001        1.975842798E-003
       14       -5.599428314E-012        1.862842233E-001        6.609636984E-004
       15        3.435681676E-011        1.862940673E-001       -6.541743544E-004
       16        3.715448559E-011        3.761659030E-001        1.826322212E-003
       17        3.341823599E-011        3.760262076E-001        6.373965692E-004
       18        2.973160900E-011        3.759874322E-001       -5.514834842E-004
       19       -2.322049426E-018        1.258712354E-017        6.390468860E-020
       20       -4.034208957E-018        2.190263423E-017        4.586150107E-020
       21       -2.319686768E-018        1.256109335E-017       -1.145136007E-020
       22       -2.594638568E-002        1.872258290E-001        1.866619116E-003
       23       -2.593804421E-002        1.872453092E-001        6.021707067E-004
       24       -2.593471013E-002        1.872557296E-001       -6.624680687E-004
       25       -2.206063185E-002        3.780000294E-001        1.996576974E-003
       26       -2.207286686E-002        3.778497049E-001        7.124419830E-004
       27       -2.207562297E-002        3.778078068E-001       -5.719077084E-004
       28        2.319686771E-018        1.256109335E-017       -1.145134053E-020
       29        4.017242007E-018        2.181744655E-017       -8.559139529E-020
       30        2.312301237E-018        1.254273924E-017       -8.646405127E-020
       31        2.593471020E-002        1.872557296E-001       -6.624664631E-004
       32        2.593624857E-002        1.872618034E-001       -1.927051690E-003
       33        2.594287142E-002        1.872571754E-001       -3.191130356E-003
       34        2.207562303E-002        3.778078068E-001       -5.719078605E-004
       35        2.206910353E-002        3.778366203E-001       -1.855835553E-003
       36        2.205291555E-002        3.779880963E-001       -3.139796309E-003
       37        1.547086141E-027        1.232379464E-017       -1.146362618E-020
       38        5.662200041E-027        2.142266150E-017       -8.552409599E-020
       39        4.951401697E-027        1.230639991E-017       -8.635312666E-020
       40        3.435681676E-011        1.862940673E-001       -6.541743544E-004
       41        7.406416351E-011        1.862995832E-001       -1.969230981E-003
       42        1.139902055E-010        1.862950857E-001       -3.283713600E-003
       43        2.973160900E-011        3.759874322E-001       -5.514834842E-004
       44        2.620123918E-011        3.760169068E-001       -1.740080954E-003
       45        2.253650389E-011        3.761604341E-001       -2.929018514E-003
       46       -2.319686768E-018        1.256109335E-017       -1.145136007E-020
       47       -4.017241995E-018        2.181744657E-017       -8.559142936E-020
       48       -2.312301227E-018        1.254273925E-017       -8.646407076E-020
       49       -2.593471013E-002        1.872557296E-001       -6.624680687E-004
       50       -2.593624842E-002        1.872618034E-001       -1.927053295E-003
       51       -2.594287119E-002        1.872571754E-001       -3.191131959E-003
       52       -2.207562297E-002        3.778078068E-001       -5.719077084E-004
       53       -2.206910348E-002        3.778366202E-001       -1.855835402E-003
       54       -2.205291550E-002        3.779880962E-001       -3.139796158E-003
       55        2.206063193E-002        3.780000293E-001        1.996576822E-003
       56        2.207286693E-002        3.778497049E-001        7.124418309E-004
       57        2.207562303E-002        3.778078068E-001       -5.719078605E-004
       58        1.981230902E-002        5.509043831E-001        1.501057928E-003
       59        1.981084995E-002        5.509171022E-001        5.389786775E-004
       60        1.981082751E-002        5.509284016E-001       -4.231011306E-004
       61        1.698907221E-002        7.035011978E-001        1.078822726E-003
       62        1.698328248E-002        7.036346042E-001        2.741818266E-004
       63        1.698049805E-002        7.036398702E-001       -5.305739338E-004
       64        3.715448559E-011        3.761659030E-001        1.826322212E-003
       65        3.341823599E-011        3.760262076E-001        6.373965692E-004
       66        2.973160900E-011        3.759874322E-001       -5.514834842E-004
       67        9.343637521E-011        5.516023670E-001        1.522894481E-003
       68        4.905992420E-011        5.516157558E-001        5.464508286E-004
       69        4.776642946E-012        5.516262577E-001       -4.300196784E-004
       70       -3.052741753E-011        7.042917528E-001        1.152314236E-003
       71       -1.038253253E-011        7.044023583E-001        3.170666544E-004
       72        9.693565654E-012        7.044051774E-001       -5.184149328E-004
       73       -2.206063185E-002        3.780000294E-001        1.996576974E-003
       74       -2.207286686E-002        3.778497049E-001        7.124419830E-004
       75       -2.207562297E-002        3.778078068E-001       -5.719077084E-004
       76       -1.981230883E-002        5.509043831E-001        1.501059707E-003
       77       -1.981084985E-002        5.509171022E-001        5.389804578E-004
       78       -1.981082750E-002        5.509284016E-001       -4.230993505E-004
       79       -1.698907227E-002        7.035011977E-001        1.078821917E-003
       80       -1.698328250E-002        7.036346042E-001        2.741810170E-004
       81       -1.698049803E-002        7.036398702E-001       -5.305747433E-004
       82        2.207562303E-002        3.778078068E-001       -5.719078605E-004
       83        2.206910353E-002        3.778366203E-001       -1.855835553E-003
       84        2.205291555E-002        3.779880963E-001       -3.139796309E-003
       85        1.981082751E-002        5.509284016E-001       -4.231011306E-004
       86        1.981222912E-002        5.509346636E-001       -1.385295269E-003
       87        1.981506944E-002        5.509412662E-001       -2.347625294E-003
       88        1.698049805E-002        7.036398702E-001       -5.305739338E-004
       89        1.698054838E-002        7.035823711E-001       -1.335392104E-003
       90        1.698379067E-002        7.033709443E-001       -2.139286246E-003
       91        2.973160900E-011        3.759874322E-001       -5.514834842E-004
       92        2.620123918E-011        3.760169068E-001       -1.740080954E-003
       93        2.253650389E-011        3.761604341E-001       -2.929018514E-003
       94        4.776642946E-012        5.516262577E-001       -4.300196784E-004
       95       -3.920537938E-011        5.516309854E-001       -1.406584772E-003
       96       -8.344873117E-011        5.516341766E-001       -2.383228830E-003
       97        9.693565654E-012        7.044051774E-001       -5.184149328E-004
       98        2.955287225E-011        7.043552151E-001       -1.353897356E-003
       99        4.960451229E-011        7.041750932E-001       -2.188410074E-003
      100       -2.207562297E-002        3.778078068E-001       -5.719077084E-004
      101       -2.206910348E-002        3.778366202E-001       -1.855835402E-003
      102       -2.205291550E-002        3.779880962E-001       -3.139796158E-003
      103       -1.981082750E-002        5.509284016E-001       -4.230993505E-004
      104       -1.981222920E-002        5.509346637E-001       -1.385293490E-003
      105       -1.981506961E-002        5.509412662E-001       -2.347623517E-003
      106       -1.698049803E-002        7.036398702E-001       -5.305747433E-004
      107       -1.698054832E-002        7.035823712E-001       -1.335392913E-003
      108       -1.698379057E-002        7.033709445E-001       -2.139287054E-003
      109        1.698907221E-002        7.035011978E-001        1.078822726E-003
      110        1.698328248E-002        7.036346042E-001        2.741818266E-004
      111        1.698049805E-002        7.036398702E-001       -5.305739338E-004
      112        1.321055362E-002        8.289997511E-001        1.150100623E-003
      113        1.321258663E-002        8.290086166E-001        4.868228392E-004
      114        1.321433274E-002        8.290137563E-001       -1.767253499E-004
      115        9.113516302E-003        9.223253568E-001        4.307523840E-004
      116        9.110445248E-003        9.221885714E-001       -2.824513126E-005
      117        9.107107984E-003        9.221716812E-001       -4.860134071E-004
      118       -3.052741753E-011        7.042917528E-001        1.152314236E-003
      119       -1.038253253E-011        7.044023583E-001        3.170666544E-004
      120        9.693565654E-012        7.044051774E-001       -5.184149328E-004
      121       -6.605331482E-011        8.297757144E-001        1.128449882E-003
      122       -3.850629857E-011        8.297838275E-001        4.680748898E-004
      123       -1.106624126E-011        8.297884336E-001       -1.925108559E-004
      124        7.622675188E-011        9.231928789E-001        4.589517147E-004
      125        1.017366459E-011        9.230828940E-001        3.167088565E-006
      126       -5.568013813E-011        9.230699600E-001       -4.515778942E-004
      127       -1.698907227E-002        7.035011977E-001        1.078821917E-003
      128       -1.698328250E-002        7.036346042E-001        2.741810170E-004
      129       -1.698049803E-002        7.036398702E-001       -5.305747433E-004
      130       -1.321055375E-002        8.289997512E-001        1.150099517E-003
      131       -1.321258670E-002        8.290086167E-001        4.868217316E-004
      132       -1.321433276E-002        8.290137563E-001       -1.767264574E-004
      133       -9.113516146E-003        9.223253568E-001        4.307550356E-004
      134       -9.110445225E-003        9.221885714E-001       -2.824247777E-005
      135       -9.107108094E-003        9.221716812E-001       -4.860107535E-004
      136        1.698049805E-002        7.036398702E-001       -5.305739338E-004
      137        1.698054838E-002        7.035823711E-001       -1.335392104E-003
      138        1.698379067E-002        7.033709443E-001       -2.139286246E-003
      139        1.321433274E-002        8.290137563E-001       -1.767253499E-004
      140        1.321580660E-002        8.290168588E-001       -8.404540388E-004
      141        1.321695275E-002        8.290158369E-001       -1.504295697E-003
      142        9.107107984E-003        9.221716812E-001       -4.860134071E-004
      143        9.103623570E-003        9.221944769E-001       -9.432983661E-004
      144        9.099849215E-003        9.223685385E-001       -1.401460870E-003
      145        9.693565654E-012        7.044051774E-001       -5.184149328E-004
      146        2.955287225E-011        7.043552151E-001       -1.353897356E-003
      147        4.960451229E-011        7.041750932E-001       -2.188410074E-003
      148       -1.106624126E-011        8.297884336E-001       -1.925108559E-004
      149        1.603865666E-011        8.297909212E-001       -8.532602466E-004
      150        4.343617244E-011        8.297895253E-001       -1.514135565E-003
      151       -5.568013813E-011        9.230699600E-001       -4.515778942E-004
      152       -1.208922436E-010        9.230869297E-001       -9.059304097E-004
      153       -1.866853597E-010        9.232281893E-001       -1.361015645E-003
      154       -1.698049803E-002        7.036398702E-001       -5.305747433E-004
      155       -1.698054832E-002        7.035823712E-001       -1.335392913E-003
      156       -1.698379057E-002        7.033709445E-001       -2.139287054E-003
      157       -1.321433276E-002        8.290137563E-001       -1.767264574E-004
      158       -1.321580657E-002        8.290168587E-001       -8.404551453E-004
      159       -1.321695266E-002        8.290158368E-001       -1.504296802E-003
      160       -9.107108094E-003        9.221716812E-001       -4.860107535E-004
      161       -9.103623813E-003        9.221944768E-001       -9.432957141E-004
      162       -9.099849592E-003        9.223685384E-001       -1.401458221E-003
      163        9.113516302E-003        9.223253568E-001        4.307523840E-004
      164        9.110445248E-003        9.221885714E-001       -2.824513126E-005
      165        9.107107984E-003        9.221716812E-001       -4.860134071E-004
      166        4.647210133E-003        9.796244677E-001        5.297102027E-004
      167        4.649684946E-003        9.796276196E-001        2.984551009E-004
      168        4.652277946E-003        9.796260501E-001        6.747411296E-005
      169       -1.194472359E-005        9.988786720E-001       -4.397115720E-004
      170       -9.612552023E-006        9.990400579E-001       -4.367365732E-004
      171       -7.632586661E-006        9.990734720E-001       -4.386464664E-004
      172        7.622675188E-011        9.231928789E-001        4.589517147E-004
      173        1.017366459E-011        9.230828940E-001        3.167088565E-006
      174       -5.568013813E-011        9.230699600E-001       -4.515778942E-004
      175        2.546174945E-011        9.805376948E-001        5.048640734E-004
      176        1.188012956E-011        9.805413598E-001        2.728817331E-004
      177       -1.649888843E-012        9.805402886E-001        4.108970458E-005
      178       -9.545708613E-011        9.998340730E-001       -4.578369497E-004
      179       -3.197470220E-012        9.999695942E-001       -4.554616119E-004
      180        8.879550073E-011        1.000000000E+000       -4.569983478E-004
      181       -9.113516146E-003        9.223253568E-001        4.307550356E-004
      182       -9.110445225E-003        9.221885714E-001       -2.824247777E-005
      183       -9.107108094E-003        9.221716812E-001       -4.860107535E-004
      184       -4.647210081E-003        9.796244675E-001        5.297107485E-004
      185       -4.649684922E-003        9.796276196E-001        2.984556472E-004
      186       -4.652277949E-003        9.796260501E-001        6.747465926E-005
      187        1.194453128E-005        9.988786719E-001       -4.397152751E-004
      188        9.612544750E-006        9.990400578E-001       -4.367402775E-004
      189        7.632764268E-006        9.990734720E-001       -4.386501706E-004
      190        9.107107984E-003        9.221716812E-001       -4.860134071E-004
      191        9.103623570E-003        9.221944769E-001       -9.432983661E-004
      192        9.099849215E-003        9.223685385E-001       -1.401460870E-003
      193        4.652277946E-003        9.796260501E-001        6.747411296E-005
      194        4.655070778E-003        9.796191876E-001       -1.637799499E-004
      195        4.657926920E-003        9.796078987E-001       -3.959784622E-004
      196       -7.632586661E-006        9.990734720E-001       -4.386464664E-004
      197       -6.768693354E-006        9.990637821E-001       -4.402706738E-004
      198       -5.868604580E-006        9.988930205E-001       -4.346264152E-004
      199       -5.568013813E-011        9.230699600E-001       -4.515778942E-004
      200       -1.208922436E-010        9.230869297E-001       -9.059304097E-004
      201       -1.866853597E-010        9.232281893E-001       -1.361015645E-003
      202       -1.649888843E-012        9.805402886E-001        4.108970458E-005
      203       -1.501425467E-011        9.805339759E-001       -1.909514587E-004
      204       -2.853307226E-011        9.805232584E-001       -4.237655020E-004
      205        8.879550073E-011        1.000000000E+000       -4.569983478E-004
      206        1.799862871E-010        9.999961447E-001       -4.582471137E-004
      207        2.719393338E-010        9.998586854E-001       -4.536654087E-004
      208       -9.107108094E-003        9.221716812E-001       -4.860107535E-004
      209       -9.103623813E-003        9.221944768E-001       -9.432957141E-004
      210       -9.099849592E-003        9.223685384E-001       -1.401458221E-003
      211       -4.652277949E-003        9.796260501E-001        6.747465926E-005
      212       -4.655070808E-003        9.796191877E-001       -1.637794039E-004
      213       -4.657926977E-003        9.796078989E-001       -3.959779169E-004
      214        7.632764268E-006        9.990734720E-001       -4.386501706E-004
      215        6.769055290E-006        9.990637821E-001       -4.402743769E-004
      216        5.869151276E-006        9.988930205E-001       -4.346301160E-004
$EndDataNodes
$NodeData
 1
"[ 15]_F*******"
 1
 0.0
 3
 0
 3
         216
        1       -1.930352198E-017       -1.196148774E-017       -6.735888767E-020
        2       -3.354810802E-017       -2.080824837E-017       -6.137951598E-020
        3       -1.929470021E-017       -1.193026139E-017       -2.823608920E-021
        4       -3.746541076E-001       -1.616616457E-001       -1.201660381E-003
        5       -3.747055824E-001       -1.617179792E-001       -8.553148081E-004
        6       -3.747397081E-001       -1.617273322E-001       -5.083970085E-004
        7       -7.663749743E-001       -5.643286622E-002        1.830013903E-003
        8       -7.663107075E-001       -5.629453830E-002        7.400853860E-004
        9       -7.663008978E-001       -5.627392256E-002       -3.503685137E-004
       10       -1.895064525E-017       -7.261837701E-028       -1.576517318E-027
       11       -3.302584350E-017       -4.303605720E-028       -2.756341981E-027
       12       -1.894223269E-017        2.239783440E-028       -1.574375374E-027
       13       -3.712770376E-001        2.197472356E-012       -5.831972169E-011
       14       -3.713283430E-001        6.067365349E-013       -5.837406204E-011
       15       -3.713622669E-001       -9.737184678E-013       -5.837290936E-011
       16       -7.775041551E-001       -1.070441668E-012        9.638282840E-011
       17       -7.774399430E-001       -5.639515434E-013        9.656642329E-011
       18       -7.774303503E-001       -1.483453981E-013        9.656902947E-011
       19       -1.930352198E-017        1.196148774E-017        6.735888442E-020
       20       -3.354810802E-017        2.080824837E-017        6.137951030E-020
       21       -1.929470021E-017        1.193026139E-017        2.823605678E-021
       22       -3.746541076E-001        1.616616457E-001        1.201660249E-003
       23       -3.747055824E-001        1.617179792E-001        8.553146765E-004
       24       -3.747397081E-001        1.617273322E-001        5.083968769E-004
       25       -7.663749743E-001        5.643286622E-002       -1.830013678E-003
       26       -7.663107075E-001        5.629453830E-002       -7.400851602E-004
       27       -7.663008978E-001        5.627392256E-002        3.503687395E-004
       28       -1.929470021E-017       -1.193026139E-017       -2.823608920E-021
       29       -3.340843058E-017       -2.071579075E-017        5.124826370E-020
       30       -1.922414236E-017       -1.190609466E-017        6.139992308E-020
       31       -3.747397081E-001       -1.617273322E-001       -5.083970085E-004
       32       -3.747564255E-001       -1.616956398E-001       -1.612358145E-004
       33       -3.747557922E-001       -1.616146260E-001        1.857007782E-004
       34       -7.663008978E-001       -5.627392256E-002       -3.503685137E-004
       35       -7.663455000E-001       -5.632804148E-002       -1.441776429E-003
       36       -7.664447136E-001       -5.651571468E-002       -2.533281504E-003
       37       -1.894223269E-017        2.239783440E-028       -1.574375374E-027
       38       -3.288842610E-017        1.161596719E-027       -2.746222950E-027
       39       -1.887280772E-017        1.124839909E-027       -1.572773969E-027
       40       -3.713622669E-001       -9.737184678E-013       -5.837290936E-011
       41       -3.713787432E-001       -2.529216367E-012       -5.831485560E-011
       42       -3.713780597E-001       -4.113984161E-012       -5.820289065E-011
       43       -7.774303503E-001       -1.483453981E-013        9.656902947E-011
       44       -7.774756736E-001        5.747455529E-014        9.638908356E-011
       45       -7.775753856E-001        5.234043156E-013        9.603369380E-011
       46       -1.929470021E-017        1.193026139E-017        2.823605678E-021
       47       -3.340843058E-017        2.071579075E-017       -5.124826936E-020
       48       -1.922414235E-017        1.190609466E-017       -6.139992632E-020
       49       -3.747397081E-001        1.617273322E-001        5.083968769E-004
       50       -3.747564255E-001        1.616956398E-001        1.612356830E-004
       51       -3.747557922E-001        1.616146260E-001       -1.857009094E-004
       52       -7.663008978E-001        5.627392256E-002        3.503687395E-004
       53       -7.663455000E-001        5.632804148E-002        1.441776654E-003
       54       -7.664447136E-001        5.651571468E-002        2.533281728E-003
       55       -7.663749743E-001       -5.643286622E-002        1.830013903E-003
       56       -7.663107075E-001       -5.629453830E-002        7.400853860E-004
       57       -7.663008978E-001       -5.627392256E-002       -3.503685137E-004
       58       -6.278297458E-001        1.572580549E-001        1.641126818E-003
       59       -6.277761744E-001        1.572865597E-001        4.999470359E-004
       60       -6.277796595E-001        1.573004263E-001       -6.414950177E-004
       61       -1.274273619E-002        2.555529263E-001       -8.307154740E-004
       62       -1.278245759E-002        2.554317490E-001       -7.555330508E-004
       63       -1.281839060E-002        2.554127886E-001       -6.794282579E-004
       64       -7.775041551E-001       -1.070441668E-012        9.638282840E-011
       65       -7.774399430E-001       -5.639515434E-013        9.656642329E-011
       66       -7.774303503E-001       -1.483453981E-013        9.656902947E-011
       67       -6.391483930E-001       -1.567603763E-012       -4.516464254E-011
       68       -6.390948943E-001       -9.146424399E-013       -4.528442872E-011
       69       -6.390984041E-001       -2.693796498E-013       -4.528315462E-011
       70       -1.191101587E-002        5.206137792E-012        1.116008840E-010
       71       -1.195053191E-002        1.192197985E-012        1.117222850E-010
       72       -1.198615582E-002       -2.694965924E-012        1.117241892E-010
       73       -7.663749743E-001        5.643286622E-002       -1.830013678E-003
       74       -7.663107075E-001        5.629453830E-002       -7.400851602E-004
       75       -7.663008978E-001        5.627392256E-002        3.503687395E-004
       76       -6.278297458E-001       -1.572580549E-001       -1.641126899E-003
       77       -6.277761744E-001       -1.572865597E-001       -4.999471166E-004
       78       -6.277796595E-001       -1.573004263E-001        6.414949370E-004
       79       -1.274273618E-002       -2.555529263E-001        8.307157290E-004
       80       -1.278245759E-002       -2.554317490E-001        7.555333061E-004
       81       -1.281839060E-002       -2.554127886E-001        6.794285132E-004
       82       -7.663008978E-001       -5.627392256E-002       -3.503685137E-004
       83       -7.663455000E-001       -5.632804148E-002       -1.441776429E-003
       84       -7.664447136E-001       -5.651571468E-002       -2.533281504E-003
       85       -6.277796595E-001        1.573004263E-001       -6.414950177E-004
       86       -6.278401911E-001        1.573032572E-001       -1.782882397E-003
       87       -6.279578691E-001        1.572903791E-001       -2.923904777E-003
       88       -1.281839060E-002        2.554127886E-001       -6.794282579E-004
       89       -1.285046256E-002        2.554240297E-001       -6.025453090E-004
       90       -1.287870634E-002        2.555642256E-001       -5.259812886E-004
       91       -7.774303503E-001       -1.483453981E-013        9.656902947E-011
       92       -7.774756736E-001        5.747455529E-014        9.638908356E-011
       93       -7.775753856E-001        5.234043156E-013        9.603369380E-011
       94       -6.390984041E-001       -2.693796498E-013       -4.528315462E-011
       95       -6.391587829E-001        3.541022364E-013       -4.516300533E-011
       96       -6.392763259E-001        9.995654574E-013       -4.492861769E-011
       97       -1.198615582E-002       -2.694965924E-012        1.117241892E-010
       98       -1.201765011E-002       -6.283320266E-012        1.116073097E-010
       99       -1.204560476E-002       -1.023435973E-011        1.113746298E-010
      100       -7.663008978E-001        5.627392256E-002        3.503687395E-004
      101       -7.663455000E-001        5.632804148E-002        1.441776654E-003
      102       -7.664447136E-001        5.651571468E-002        2.533281728E-003
      103       -6.277796595E-001       -1.573004263E-001        6.414949370E-004
      104       -6.278401911E-001       -1.573032572E-001        1.782882316E-003
      105       -6.279578691E-001       -1.572903791E-001        2.923904697E-003
      106       -1.281839060E-002       -2.554127886E-001        6.794285132E-004
      107       -1.285046256E-002       -2.554240297E-001        6.025455640E-004
      108       -1.287870635E-002       -2.555642256E-001        5.259815431E-004
      109       -1.274273619E-002        2.555529263E-001       -8.307154740E-004
      110       -1.278245759E-002        2.554317490E-001       -7.555330508E-004
      111       -1.281839060E-002        2.554127886E-001       -6.794282579E-004
      112        5.661714256E-001        1.268611335E-001       -1.731772863E-003
      113        5.661178242E-001        1.268506099E-001       -4.110638784E-004
      114        5.661302604E-001        1.268243117E-001        9.097432800E-004
      115        5.849872503E-001       -1.313766204E-001       -1.369848048E-003
      116        5.849597736E-001       -1.312309979E-001        2.643708405E-004
      117        5.850139139E-001       -1.312142312E-001        1.897463415E-003
      118       -1.191101587E-002        5.206137792E-012        1.116008840E-010
      119       -1.195053191E-002        1.192197985E-012        1.117222850E-010
      120       -1.198615582E-002       -2.694965924E-012        1.117241892E-010
      121        5.793402200E-001       -2.824211812E-012        5.228242172E-011
      122        5.792866408E-001       -1.508305226E-012        5.222357398E-011
      123        5.792990418E-001       -2.025984175E-013        5.222328594E-011
      124        6.011231668E-001        1.915581509E-013        1.020240944E-010
      125        6.010953396E-001       -4.816101558E-013        1.022061381E-010
      126        6.011490163E-001       -1.232945275E-012        1.022056088E-010
      127       -1.274273618E-002       -2.555529263E-001        8.307157290E-004
      128       -1.278245759E-002       -2.554317490E-001        7.555333061E-004
      129       -1.281839060E-002       -2.554127886E-001        6.794285132E-004
      130        5.661714256E-001       -1.268611335E-001        1.731772958E-003
      131        5.661178242E-001       -1.268506099E-001        4.110639727E-004
      132        5.661302604E-001       -1.268243117E-001       -9.097431856E-004
      133        5.849872503E-001        1.313766204E-001        1.369848278E-003
      134        5.849597736E-001        1.312309979E-001       -2.643706099E-004
      135        5.850139139E-001        1.312142312E-001       -1.897463184E-003
      136       -1.281839060E-002        2.554127886E-001       -6.794282579E-004
      137       -1.285046256E-002        2.554240297E-001       -6.025453090E-004
      138       -1.287870634E-002        2.555642256E-001       -5.259812886E-004
      139        5.661302604E-001        1.268243117E-001        9.097432800E-004
      140        5.662087338E-001        1.267808561E-001        2.230453087E-003
      141        5.663532937E-001        1.267212490E-001        3.550857637E-003
      142        5.850139139E-001       -1.312142312E-001        1.897463415E-003
      143        5.851494690E-001       -1.312371514E-001        3.529799044E-003
      144        5.853666315E-001       -1.314223401E-001        5.162361030E-003
      145       -1.198615582E-002       -2.694965924E-012        1.117241892E-010
      146       -1.201765011E-002       -6.283320266E-012        1.116073097E-010
      147       -1.204560476E-002       -1.023435973E-011        1.113746298E-010
      148        5.792990418E-001       -2.025984175E-013        5.222328594E-011
      149        5.793773053E-001        1.069224827E-012        5.228172857E-011
      150        5.795217226E-001        2.370546980E-012        5.239500550E-011
      151        6.011490163E-001       -1.232945275E-012        1.022056088E-010
      152        6.012837521E-001       -2.116654409E-012        1.020287850E-010
      153        6.015006609E-001       -2.777148262E-012        1.016776509E-010
      154       -1.281839060E-002       -2.554127886E-001        6.794285132E-004
      155       -1.285046256E-002       -2.554240297E-001        6.025455640E-004
      156       -1.287870635E-002       -2.555642256E-001        5.259815431E-004
      157        5.661302604E-001       -1.268243117E-001       -9.097431856E-004
      158        5.662087338E-001       -1.267808561E-001       -2.230452992E-003
      159        5.663532937E-001       -1.267212490E-001       -3.550857542E-003
      160        5.850139139E-001        1.312142312E-001       -1.897463184E-003
      161        5.851494690E-001        1.312371514E-001       -3.529798814E-003
      162        5.853666314E-001        1.314223401E-001       -5.162360801E-003
      163        5.849872503E-001       -1.313766204E-001       -1.369848048E-003
      164        5.849597736E-001       -1.312309979E-001        2.643708405E-004
      165        5.850139139E-001       -1.312142312E-001        1.897463415E-003
      166       -5.957821826E-002       -3.273463082E-001       -1.177939229E-003
      167       -5.961901979E-002       -3.273319362E-001       -4.589924494E-004
      168       -5.962398650E-002       -3.272999461E-001        2.593563608E-004
      169       -9.989713163E-001       -3.762856126E-001       -1.055428621E-003
      170       -9.990280034E-001       -3.764549004E-001       -1.167661925E-003
      171       -9.990892599E-001       -3.764635813E-001       -1.273856638E-003
      172        6.011231668E-001        1.915581509E-013        1.020240944E-010
      173        6.010953396E-001       -4.816101558E-013        1.022061381E-010
      174        6.011490163E-001       -1.232945275E-012        1.022056088E-010
      175       -5.239468796E-002       -5.122090982E-012       -1.440937918E-010
      176       -5.243566591E-002       -2.347896713E-012       -1.442061580E-010
      177       -5.244066335E-002        4.183866563E-013       -1.442060105E-010
      178       -9.997462384E-001        2.842402466E-011        2.522207948E-010
      179       -9.998011578E-001        8.995107428E-012        2.521591331E-010
      180       -9.998616704E-001       -1.031952291E-011        2.521578080E-010
      181        5.849872503E-001        1.313766204E-001        1.369848278E-003
      182        5.849597736E-001        1.312309979E-001       -2.643706099E-004
      183        5.850139139E-001        1.312142312E-001       -1.897463184E-003
      184       -5.957821827E-002        3.273463082E-001        1.177938908E-003
      185       -5.961901979E-002        3.273319361E-001        4.589921279E-004
      186       -5.962398650E-002        3.272999461E-001       -2.593566823E-004
      187       -9.989713163E-001        3.762856127E-001        1.055429060E-003
      188       -9.990280034E-001        3.764549004E-001        1.167662364E-003
      189       -9.990892599E-001        3.764635813E-001        1.273857077E-003
      190        5.850139139E-001       -1.312142312E-001        1.897463415E-003
      191        5.851494690E-001       -1.312371514E-001        3.529799044E-003
      192        5.853666315E-001       -1.314223401E-001        5.162361030E-003
      193       -5.962398650E-002       -3.272999461E-001        2.593563608E-004
      194       -5.959333210E-002       -3.272505152E-001        9.778486150E-004
      195       -5.952671648E-002       -3.271823174E-001        1.697317527E-003
      196       -9.990892599E-001       -3.764635813E-001       -1.273856638E-003
      197       -9.991530928E-001       -3.764066274E-001       -1.380142156E-003
      198       -9.992226686E-001       -3.761535677E-001       -1.494472107E-003
      199        6.011490163E-001       -1.232945275E-012        1.022056088E-010
      200        6.012837521E-001       -2.116654409E-012        1.020287850E-010
      201        6.015006609E-001       -2.777148262E-012        1.016776509E-010
      202       -5.244066335E-002        4.183866563E-013       -1.442060105E-010
      203       -5.240960770E-002        3.157724383E-012       -1.440931154E-010
      204       -5.234260981E-002        5.919935165E-012       -1.438717628E-010
      205       -9.998616704E-001       -1.031952291E-011        2.521578080E-010
      206       -9.999277369E-001       -2.940874608E-011        2.522131684E-010
      207       -1.000000000E+000       -4.882659105E-011        2.523270654E-010
      208        5.850139139E-001        1.312142312E-001       -1.897463184E-003
      209        5.851494690E-001        1.312371514E-001       -3.529798814E-003
      210        5.853666314E-001        1.314223401E-001       -5.162360801E-003
      211       -5.962398650E-002        3.272999461E-001       -2.593566823E-004
      212       -5.959333210E-002        3.272505152E-001       -9.778489363E-004
      213       -5.952671648E-002        3.271823174E-001       -1.697317848E-003
      214       -9.990892599E-001        3.764635813E-001        1.273857077E-003
      215       -9.991530928E-001        3.764066273E-001        1.380142595E-003
      216       -9.992226686E-001        3.761535676E-001        1.494472547E-003
$EndDataNodes
$NodeData
 1
"[ 16]_F*******"
 1
 0.0
 3
 0
 3
         216
        1       -3.270526465E-018        5.012445635E-018        1.240199228E-017
        2       -1.943856858E-018        2.875763968E-018        2.168028142E-017
        3        1.031644999E-018       -1.659452649E-018        1.238316838E-017
        4       -6.291754810E-002        8.134097411E-003        8.260788226E-001
        5       -2.154904016E-002        2.715153336E-003        8.264834686E-001
        6        1.986900443E-002       -2.682931413E-003        8.264744101E-001
        7        1.109779538E-002       -4.700165116E-002       -1.473780671E-001
        8        3.675888950E-003       -1.608372286E-002       -1.477152822E-001
        9       -3.787223876E-003        1.501090358E-002       -1.477124941E-001
       10       -3.290070654E-018        9.254437146E-028        2.030604917E-027
       11       -1.963078982E-018        5.464641690E-028        3.550364501E-027
       12        1.036692356E-018       -2.914309213E-028        2.027109239E-027
       13       -6.248494574E-002       -2.831613517E-012        6.174072446E-011
       14       -2.128113686E-002       -8.870216986E-013        6.180223342E-011
       15        1.983863715E-002        1.045444734E-012        6.180196002E-011
       16        1.074709259E-002        1.937920748E-012       -1.079285344E-010
       17        3.460188054E-003        7.147906179E-013       -1.081432448E-010
       18       -3.757867674E-003       -4.053023484E-013       -1.081453644E-010
       19       -3.270526465E-018       -5.012445633E-018       -1.240199227E-017
       20       -1.943856858E-018       -2.875763967E-018       -2.168028141E-017
       21        1.031644999E-018        1.659452648E-018       -1.238316837E-017
       22       -6.291754810E-002       -8.134097417E-003       -8.260788224E-001
       23       -2.154904016E-002       -2.715153338E-003       -8.264834684E-001
       24        1.986900443E-002        2.682931415E-003       -8.264744100E-001
       25        1.109779538E-002        4.700165116E-002        1.473780669E-001
       26        3.675888948E-003        1.608372286E-002        1.477152820E-001
       27       -3.787223875E-003       -1.501090358E-002        1.477124938E-001
       28        1.031644999E-018       -1.659452649E-018        1.238316838E-017
       29        5.512525393E-018       -8.276211428E-018        2.159747800E-017
       30        5.317571281E-018       -7.989724235E-018        1.235956344E-017
       31        1.986900443E-002       -2.682931413E-003        8.264744101E-001
       32        6.138446514E-002       -7.982429752E-003        8.260774107E-001
       33        1.027564495E-001       -1.334158389E-002        8.252974992E-001
       34       -3.787223876E-003        1.501090358E-002       -1.477124941E-001
       35       -1.133075045E-002        4.635491087E-002       -1.473824436E-001
       36       -1.875526295E-002        7.718869730E-002       -1.467315151E-001
       37        1.036692356E-018       -2.914309213E-028        2.027109239E-027
       38        5.569685558E-018       -1.506577673E-027        3.536708090E-027
       39        5.356629372E-018       -1.459839188E-027        2.023235117E-027
       40        1.983863715E-002        1.045444734E-012        6.180196002E-011
       41        6.068628405E-002        2.947616795E-012        6.173876208E-011
       42        1.017747028E-001        4.884485786E-012        6.161540788E-011
       43       -3.757867674E-003       -4.053023484E-013       -1.081453644E-010
       44       -1.075277347E-002       -1.285313102E-012       -1.079343477E-010
       45       -1.794526634E-002       -2.460150668E-012       -1.075168628E-010
       46        1.031644999E-018        1.659452648E-018       -1.238316837E-017
       47        5.512525393E-018        8.276211425E-018       -2.159747799E-017
       48        5.317571281E-018        7.989724232E-018       -1.235956344E-017
       49        1.986900443E-002        2.682931415E-003       -8.264744100E-001
       50        6.138446513E-002        7.982429759E-003       -8.260774106E-001
       51        1.027564495E-001        1.334158390E-002       -8.252974990E-001
       52       -3.787223875E-003       -1.501090358E-002        1.477124938E-001
       53       -1.133075045E-002       -4.635491088E-002        1.473824434E-001
       54       -1.875526294E-002       -7.718869731E-002        1.467315148E-001
       55        1.109779538E-002       -4.700165116E-002       -1.473780671E-001
       56        3.675888950E-003       -1.608372286E-002       -1.477152822E-001
       57       -3.787223876E-003        1.501090358E-002       -1.477124941E-001
       58        6.049260625E-002        1.632015455E-002       -7.980381637E-001
       59        2.052533925E-002        5.480114001E-003       -7.984484548E-001
       60       -1.949224876E-002       -5.258614034E-003       -7.984405377E-001
       61       -3.982643757E-002        4.175409692E-002        5.219496972E-001
       62       -1.366471933E-002        1.436243834E-002        5.223626334E-001
       63        1.254624576E-002       -1.326970356E-002        5.223548132E-001
       64        1.074709259E-002        1.937920748E-012       -1.079285344E-010
       65        3.460188054E-003        7.147906179E-013       -1.081432448E-010
       66       -3.757867674E-003       -4.053023484E-013       -1.081453644E-010
       67        6.005436199E-002        8.486716796E-013        5.706065708E-011
       68        2.025420237E-002        4.678718791E-013        5.719695961E-011
       69       -1.946037420E-002        9.256865836E-014        5.719643036E-011
       70       -3.939475424E-002       -4.829633623E-012       -1.207816188E-010
       71       -1.340006181E-002       -1.329009780E-012       -1.209350328E-010
       72        1.250842713E-002        2.042759900E-012       -1.209364063E-010
       73        1.109779538E-002        4.700165116E-002        1.473780669E-001
       74        3.675888948E-003        1.608372286E-002        1.477152820E-001
       75       -3.787223875E-003       -1.501090358E-002        1.477124938E-001
       76        6.049260625E-002       -1.632015455E-002        7.980381638E-001
       77        2.052533925E-002       -5.480114000E-003        7.984484549E-001
       78       -1.949224876E-002        5.258614035E-003        7.984405378E-001
       79       -3.982643757E-002       -4.175409693E-002       -5.219496975E-001
       80       -1.366471933E-002       -1.436243834E-002       -5.223626337E-001
       81        1.254624576E-002        1.326970356E-002       -5.223548135E-001
       82       -3.787223876E-003        1.501090358E-002       -1.477124941E-001
       83       -1.133075045E-002        4.635491087E-002       -1.473824436E-001
       84       -1.875526295E-002        7.718869730E-002       -1.467315151E-001
       85       -1.949224876E-002       -5.258614034E-003       -7.984405377E-001
       86       -5.960891572E-002       -1.571767089E-002       -7.980390563E-001
       87       -9.957994233E-002       -2.646807429E-002       -7.972477864E-001
       88        1.254624576E-002       -1.326970356E-002        5.223548132E-001
       89        3.885262383E-002       -4.119372828E-002        5.219491233E-001
       90        6.501639762E-002       -6.842280735E-002        5.211520682E-001
       91       -3.757867674E-003       -4.053023484E-013       -1.081453644E-010
       92       -1.075277347E-002       -1.285313102E-012       -1.079343477E-010
       93       -1.794526634E-002       -2.460150668E-012       -1.075168628E-010
       94       -1.946037420E-002        9.256865836E-014        5.719643036E-011
       95       -5.889773402E-002       -2.677884960E-013        5.706148709E-011
       96       -9.858041116E-002       -6.439524096E-013        5.679624524E-011
       97        1.250842713E-002        2.042759900E-012       -1.209364063E-010
       98        3.813826011E-002        5.116003042E-012       -1.207872983E-010
       99        6.401514415E-002        8.558654878E-012       -1.204905128E-010
      100       -3.787223875E-003       -1.501090358E-002        1.477124938E-001
      101       -1.133075045E-002       -4.635491088E-002        1.473824434E-001
      102       -1.875526294E-002       -7.718869731E-002        1.467315148E-001
      103       -1.949224876E-002        5.258614035E-003        7.984405378E-001
      104       -5.960891572E-002        1.571767089E-002        7.980390564E-001
      105       -9.957994232E-002        2.646807429E-002        7.972477865E-001
      106        1.254624576E-002        1.326970356E-002       -5.223548135E-001
      107        3.885262383E-002        4.119372829E-002       -5.219491236E-001
      108        6.501639763E-002        6.842280737E-002       -5.211520685E-001
      109       -3.982643757E-002        4.175409692E-002        5.219496972E-001
      110       -1.366471933E-002        1.436243834E-002        5.223626334E-001
      111        1.254624576E-002       -1.326970356E-002        5.223548132E-001
      112       -4.349626219E-002       -3.392463441E-002        5.734861882E-001
      113       -1.477269436E-002       -1.130593348E-002        5.738025433E-001
      114        1.398867316E-002        1.109679213E-002        5.737969566E-001
      115        6.217669147E-002       -2.509298116E-002       -8.142120325E-001
      116        2.138183878E-002       -8.783904935E-003       -8.148103050E-001
      117       -1.947596903E-002        7.921417054E-003       -8.147980842E-001
      118       -3.939475424E-002       -4.829633623E-012       -1.207816188E-010
      119       -1.340006181E-002       -1.329009780E-012       -1.209350328E-010
      120        1.250842713E-002        2.042759900E-012       -1.209364063E-010
      121       -4.315930427E-002        2.558774161E-012       -1.901986165E-011
      122       -1.456441892E-002        1.100877849E-012       -1.893811017E-011
      123        1.396364504E-002       -3.463599883E-013       -1.893755744E-011
      124        6.155754441E-002       -2.641506909E-012       -1.143177915E-010
      125        2.100556650E-002       -6.998064481E-013       -1.145227009E-010
      126       -1.941323649E-002        1.320598506E-012       -1.145221848E-010
      127       -3.982643757E-002       -4.175409693E-002       -5.219496975E-001
      128       -1.366471933E-002       -1.436243834E-002       -5.223626337E-001
      129        1.254624576E-002        1.326970356E-002       -5.223548135E-001
      130       -4.349626219E-002        3.392463441E-002       -5.734861882E-001
      131       -1.477269436E-002        1.130593348E-002       -5.738025433E-001
      132        1.398867315E-002       -1.109679213E-002       -5.737969566E-001
      133        6.217669146E-002        2.509298115E-002        8.142120322E-001
      134        2.138183878E-002        8.783904933E-003        8.148103048E-001
      135       -1.947596903E-002       -7.921417051E-003        8.147980839E-001
      136        1.254624576E-002       -1.326970356E-002        5.223548132E-001
      137        3.885262383E-002       -4.119372828E-002        5.219491233E-001
      138        6.501639762E-002       -6.842280735E-002        5.211520682E-001
      139        1.398867316E-002        1.109679213E-002        5.737969566E-001
      140        4.282358556E-002        3.288138689E-002        5.734881726E-001
      141        7.154914629E-002        5.528680608E-002        5.728784526E-001
      142       -1.947596903E-002        7.921417054E-003       -8.147980842E-001
      143       -6.044852160E-002        2.526946274E-002       -8.142140512E-001
      144       -1.012386947E-001        4.147376369E-002       -8.130611435E-001
      145        1.250842713E-002        2.042759900E-012       -1.209364063E-010
      146        3.813826011E-002        5.116003042E-012       -1.207872983E-010
      147        6.401514415E-002        8.558654878E-012       -1.204905128E-010
      148        1.396364504E-002       -3.463599883E-013       -1.893755744E-011
      149        4.227563069E-002       -1.758111282E-012       -1.901785245E-011
      150        7.077922962E-002       -3.200693136E-012       -1.917554886E-011
      151       -1.941323649E-002        1.320598506E-012       -1.145221848E-010
      152       -5.940488829E-002        3.467712441E-012       -1.143224831E-010
      153       -9.977837094E-002        5.390300617E-012       -1.139254234E-010
      154        1.254624576E-002        1.326970356E-002       -5.223548135E-001
      155        3.885262383E-002        4.119372829E-002       -5.219491236E-001
      156        6.501639763E-002        6.842280737E-002       -5.211520685E-001
      157        1.398867315E-002       -1.109679213E-002       -5.737969566E-001
      158        4.282358556E-002       -3.288138689E-002       -5.734881726E-001
      159        7.154914629E-002       -5.528680609E-002       -5.728784527E-001
      160       -1.947596903E-002       -7.921417051E-003        8.147980839E-001
      161       -6.044852160E-002       -2.526946273E-002        8.142140509E-001
      162       -1.012386947E-001       -4.147376367E-002        8.130611432E-001
      163        6.217669147E-002       -2.509298116E-002       -8.142120325E-001
      164        2.138183878E-002       -8.783904935E-003       -8.148103050E-001
      165       -1.947596903E-002        7.921417054E-003       -8.147980842E-001
      166        1.739024416E-002        4.300170058E-002       -2.288557008E-001
      167        5.940590350E-003        1.429529683E-002       -2.289578815E-001
      168       -5.512234500E-003       -1.412314744E-002       -2.289526187E-001
      169       -7.605772341E-002        1.470840198E-002        9.996350717E-001
      170       -2.610534817E-002        5.385231318E-003        9.999999995E-001
      171        2.380441778E-002       -4.615978596E-003        9.999637059E-001
      172        6.155754441E-002       -2.641506909E-012       -1.143177915E-010
      173        2.100556650E-002       -6.998064481E-013       -1.145227009E-010
      174       -1.941323649E-002        1.320598506E-012       -1.145221848E-010
      175        1.728519105E-002        5.378377597E-012        1.294249664E-010
      176        5.877899348E-003        2.069350702E-012        1.295380464E-010
      177       -5.499679130E-003       -1.228526903E-012        1.295381590E-010
      178       -7.567547876E-002       -2.969216269E-011       -2.579355987E-010
      179       -2.587588113E-002       -9.784205076E-012       -2.578635921E-010
      180        2.377247466E-002        9.997940629E-012       -2.578624715E-010
      181        6.217669146E-002        2.509298115E-002        8.142120322E-001
      182        2.138183878E-002        8.783904933E-003        8.148103048E-001
      183       -1.947596903E-002       -7.921417051E-003        8.147980839E-001
      184        1.739024416E-002       -4.300170056E-002        2.288557011E-001
      185        5.940590352E-003       -1.429529683E-002        2.289578818E-001
      186       -5.512234501E-003        1.412314744E-002        2.289526190E-001
      187       -7.605772340E-002       -1.470840205E-002       -9.996350722E-001
      188       -2.610534816E-002       -5.385231339E-003       -1.000000000E+000
      189        2.380441778E-002        4.615978618E-003       -9.999637063E-001
      190       -1.947596903E-002        7.921417054E-003       -8.147980842E-001
      191       -6.044852160E-002        2.526946274E-002       -8.142140512E-001
      192       -1.012386947E-001        4.147376369E-002       -8.130611435E-001
      193       -5.512234500E-003       -1.412314744E-002       -2.289526187E-001
      194       -1.696338218E-002       -4.171325968E-002       -2.288543854E-001
      195       -2.840508044E-002       -7.013108003E-002       -2.286606579E-001
      196        2.380441778E-002       -4.615978596E-003        9.999637059E-001
      197        7.355599989E-002       -1.601612431E-002        9.996271457E-001
      198        1.234288660E-001       -2.546147901E-002        9.989661151E-001
      199       -1.941323649E-002        1.320598506E-012       -1.145221848E-010
      200       -5.940488829E-002        3.467712441E-012       -1.143224831E-010
      201       -9.977837094E-002        5.390300617E-012       -1.139254234E-010
      202       -5.499679130E-003       -1.228526903E-012        1.295381590E-010
      203       -1.678483755E-002       -4.489065547E-012        1.294248509E-010
      204       -2.815514271E-002       -7.781840000E-012        1.292024154E-010
      205        2.377247466E-002        9.997940629E-012       -2.578624715E-010
      206        7.296605204E-002        2.952908355E-011       -2.579275552E-010
      207        1.225933974E-001        4.942104949E-011       -2.580621411E-010
      208       -1.947596903E-002       -7.921417051E-003        8.147980839E-001
      209       -6.044852160E-002       -2.526946273E-002        8.142140509E-001
      210       -1.012386947E-001       -4.147376367E-002        8.130611432E-001
      211       -5.512234501E-003        1.412314744E-002        2.289526190E-001
      212       -1.696338219E-002        4.171325967E-002        2.288543857E-001
      213       -2.840508044E-002        7.013108001E-002        2.286606582E-001
      214        2.380441778E-002        4.615978618E-003       -9.999637063E-001
      215        7.355599988E-002        1.601612437E-002       -9.996271461E-001
      216        1.234288660E-001        2.546147911E-002       -9.989661155E-001
$EndDataNodes
$NodeData
 1
"[ 17]_F*******"
 1
 0.0
 3
 0
 3
         216
        1        5.869851248E-019       -6.564236251E-018       -1.462972034E-017
        2        3.445333240E-019       -3.793884068E-018       -2.557569773E-017
        3       -1.874134239E-019        2.152726149E-018       -1.460832089E-017
        4        4.854566075E-003        1.876536369E-002       -3.251914746E-001
        5        1.676515940E-003        6.294724891E-003       -3.255840636E-001
        6       -1.520364731E-003       -6.081698642E-003       -3.255818053E-001
        7       -1.305281853E-002       -1.843695415E-002        6.232437498E-001
        8       -4.523817136E-003       -5.984361548E-003        6.246216152E-001
        9        4.089286708E-003        6.079746777E-003        6.246213775E-001
       10       -1.784962661E-028       -6.344364992E-018       -1.417849625E-017
       11       -1.044933259E-028       -3.670846232E-018       -2.479290844E-017
       12        5.899830254E-029        2.079305786E-018       -1.415803281E-017
       13       -2.454701945E-012        1.712217913E-002       -2.936344560E-001
       14       -8.085035986E-013        5.760738932E-003       -2.939752898E-001
       15        8.338271212E-013       -5.532136158E-003       -2.939747590E-001
       16        9.321806249E-013       -1.869309249E-002        5.389365687E-001
       17        3.145130896E-013       -5.959916254E-003        5.401279341E-001
       18       -2.978819872E-013        6.237348184E-003        5.401340700E-001
       19       -5.869851252E-019       -6.564236252E-018       -1.462972034E-017
       20       -3.445333242E-019       -3.793884068E-018       -2.557569773E-017
       21        1.874134240E-019        2.152726149E-018       -1.460832090E-017
       22       -4.854566080E-003        1.876536369E-002       -3.251914747E-001
       23       -1.676515942E-003        6.294724890E-003       -3.255840637E-001
       24        1.520364732E-003       -6.081698642E-003       -3.255818053E-001
       25        1.305281853E-002       -1.843695415E-002        6.232437499E-001
       26        4.523817136E-003       -5.984361547E-003        6.246216153E-001
       27       -4.089286708E-003        6.079746776E-003        6.246213775E-001
       28       -1.874134239E-019        2.152726149E-018       -1.460832089E-017
       29       -9.727878553E-019        1.086857091E-017       -2.547612991E-017
       30       -9.408918425E-019        1.048537703E-017       -1.457760522E-017
       31       -1.520364731E-003       -6.081698642E-003       -3.255818053E-001
       32       -4.760558201E-003       -1.820090339E-002       -3.251992021E-001
       33       -7.946497059E-003       -3.059080358E-002       -3.244391252E-001
       34        4.089286708E-003        6.079746777E-003        6.246213775E-001
       35        1.290425261E-002        1.724170110E-002        6.232835881E-001
       36        2.147724730E-002        2.952116341E-002        6.206149315E-001
       37        5.899830254E-029        2.079305786E-018       -1.415803281E-017
       38        3.085078610E-028        1.051282673E-017       -2.469594690E-017
       39        2.952504452E-028        1.013549460E-017       -1.412752916E-017
       40        8.338271212E-013       -5.532136158E-003       -2.939747590E-001
       41        2.463303560E-012       -1.664604945E-002       -2.936409714E-001
       42        4.104073032E-012       -2.795697166E-002       -2.929776766E-001
       43       -2.978819872E-013        6.237348184E-003        5.401340700E-001
       44       -8.934740661E-013        1.715671947E-002        5.389693657E-001
       45       -1.503943831E-012        2.961807158E-002        5.366463999E-001
       46        1.874134240E-019        2.152726149E-018       -1.460832090E-017
       47        9.727878559E-019        1.086857091E-017       -2.547612991E-017
       48        9.408918431E-019        1.048537703E-017       -1.457760522E-017
       49        1.520364732E-003       -6.081698642E-003       -3.255818053E-001
       50        4.760558206E-003       -1.820090339E-002       -3.251992022E-001
       51        7.946497067E-003       -3.059080357E-002       -3.244391252E-001
       52       -4.089286708E-003        6.079746776E-003        6.246213775E-001
       53       -1.290425261E-002        1.724170110E-002        6.232835881E-001
       54       -2.147724730E-002        2.952116340E-002        6.206149315E-001
       55       -1.305281853E-002       -1.843695415E-002        6.232437498E-001
       56       -4.523817136E-003       -5.984361548E-003        6.246216152E-001
       57        4.089286708E-003        6.079746777E-003        6.246213775E-001
       58        7.731879825E-003        3.170091736E-003       -3.692910212E-001
       59        2.666216706E-003        1.063189312E-003       -3.699701285E-001
       60       -2.432113008E-003       -1.016138074E-003       -3.699702358E-001
       61       -1.412384200E-002        7.490621183E-003        6.411121443E-001
       62       -4.850257893E-003        2.391176566E-003        6.422654248E-001
       63        4.467085477E-003       -2.444836987E-003        6.422671588E-001
       64        9.321806249E-013       -1.869309249E-002        5.389365687E-001
       65        3.145130896E-013       -5.959916254E-003        5.401279341E-001
       66       -2.978819872E-013        6.237348184E-003        5.401340700E-001
       67        1.376246285E-012        3.001047755E-003       -3.190168492E-001
       68        4.074221823E-013        1.016993547E-003       -3.195940261E-001
       69       -5.592274456E-013       -9.540885957E-004       -3.195971509E-001
       70       -2.131472006E-012        7.590263119E-003        5.488869725E-001
       71       -7.460809606E-013        2.256486166E-003        5.498399899E-001
       72        6.350230081E-013       -2.587801936E-003        5.498469851E-001
       73        1.305281853E-002       -1.843695415E-002        6.232437499E-001
       74        4.523817136E-003       -5.984361547E-003        6.246216153E-001
       75       -4.089286708E-003        6.079746776E-003        6.246213775E-001
       76       -7.731879822E-003        3.170091734E-003       -3.692910211E-001
       77       -2.666216705E-003        1.063189311E-003       -3.699701284E-001
       78        2.432113007E-003       -1.016138073E-003       -3.699702358E-001
       79        1.412384200E-002        7.490621181E-003        6.411121442E-001
       80        4.850257892E-003        2.391176565E-003        6.422654248E-001
       81       -4.467085476E-003       -2.444836987E-003        6.422671587E-001
       82        4.089286708E-003        6.079746777E-003        6.246213775E-001
       83        1.290425261E-002        1.724170110E-002        6.232835881E-001
       84        2.147724730E-002        2.952116341E-002        6.206149315E-001
       85       -2.432113008E-003       -1.016138074E-003       -3.699702358E-001
       86       -7.603434542E-003       -3.010071310E-003       -3.693101467E-001
       87       -1.268059476E-002       -5.083239232E-003       -3.679933305E-001
       88        4.467085477E-003       -2.444836987E-003        6.422671588E-001
       89        1.387056829E-002       -6.785172001E-003        6.411448644E-001
       90        2.314755092E-002       -1.188373005E-002        6.389045625E-001
       91       -2.978819872E-013        6.237348184E-003        5.401340700E-001
       92       -8.934740661E-013        1.715671947E-002        5.389693657E-001
       93       -1.503943831E-012        2.961807158E-002        5.366463999E-001
       94       -5.592274456E-013       -9.540885957E-004       -3.195971509E-001
       95       -1.518971527E-012       -2.874228829E-003       -3.190338239E-001
       96       -2.484953197E-012       -4.831527065E-003       -3.179085610E-001
       97        6.350230081E-013       -2.587801936E-003        5.498469851E-001
       98        2.002274130E-012       -6.392380162E-003        5.489180357E-001
       99        3.381848216E-012       -1.160645476E-002        5.470577213E-001
      100       -4.089286708E-003        6.079746776E-003        6.246213775E-001
      101       -1.290425261E-002        1.724170110E-002        6.232835881E-001
      102       -2.147724730E-002        2.952116340E-002        6.206149315E-001
      103        2.432113007E-003       -1.016138073E-003       -3.699702358E-001
      104        7.603434539E-003       -3.010071308E-003       -3.693101467E-001
      105        1.268059476E-002       -5.083239228E-003       -3.679933305E-001
      106       -4.467085476E-003       -2.444836987E-003        6.422671587E-001
      107       -1.387056829E-002       -6.785172000E-003        6.411448644E-001
      108       -2.314755091E-002       -1.188373005E-002        6.389045625E-001
      109       -1.412384200E-002        7.490621183E-003        6.411121443E-001
      110       -4.850257893E-003        2.391176566E-003        6.422654248E-001
      111        4.467085477E-003       -2.444836987E-003        6.422671588E-001
      112        7.500018391E-003       -1.173891405E-002       -3.589214402E-001
      113        2.582935846E-003       -3.897686114E-003       -3.595493474E-001
      114       -2.362348588E-003        3.862997405E-003       -3.595492739E-001
      115       -1.164680631E-002        3.317343561E-002        5.687760108E-001
      116       -4.022226426E-003        1.122393980E-002        5.698655138E-001
      117        3.661459514E-003       -1.068128982E-002        5.698639232E-001
      118       -2.131472006E-012        7.590263119E-003        5.488869725E-001
      119       -7.460809606E-013        2.256486166E-003        5.498399899E-001
      120        6.350230081E-013       -2.587801936E-003        5.498469851E-001
      121       -7.059442037E-013       -1.052666345E-002       -3.100818560E-001
      122       -1.976339054E-013       -3.520394595E-003       -3.106144308E-001
      123        3.107377326E-013        3.446851108E-003       -3.106168773E-001
      124        9.704845803E-013        2.972136724E-002        4.932281897E-001
      125        3.687338882E-013        1.034051586E-002        4.941676347E-001
      126       -2.305628515E-013       -9.371187151E-003        4.941690815E-001
      127        1.412384200E-002        7.490621181E-003        6.411121442E-001
      128        4.850257892E-003        2.391176565E-003        6.422654248E-001
      129       -4.467085476E-003       -2.444836987E-003        6.422671587E-001
      130       -7.500018393E-003       -1.173891405E-002       -3.589214403E-001
      131       -2.582935847E-003       -3.897686113E-003       -3.595493474E-001
      132        2.362348588E-003        3.862997405E-003       -3.595492739E-001
      133        1.164680631E-002        3.317343561E-002        5.687760109E-001
      134        4.022226427E-003        1.122393980E-002        5.698655138E-001
      135       -3.661459514E-003       -1.068128982E-002        5.698639232E-001
      136        4.467085477E-003       -2.444836987E-003        6.422671588E-001
      137        1.387056829E-002       -6.785172001E-003        6.411448644E-001
      138        2.314755092E-002       -1.188373005E-002        6.389045625E-001
      139       -2.362348588E-003        3.862997405E-003       -3.595492739E-001
      140       -7.369255488E-003        1.138026772E-002       -3.589389188E-001
      141       -1.229482308E-002        1.912899202E-002       -3.577211649E-001
      142        3.661459514E-003       -1.068128982E-002        5.698639232E-001
      143        1.148313809E-002       -3.216097931E-002        5.688068799E-001
      144        1.913462726E-002       -5.376669553E-002        5.666971542E-001
      145        6.350230081E-013       -2.587801936E-003        5.498469851E-001
      146        2.002274130E-012       -6.392380162E-003        5.489180357E-001
      147        3.381848216E-012       -1.160645476E-002        5.470577213E-001
      148        3.107377326E-013        3.446851108E-003       -3.106168773E-001
      149        8.193716828E-013        1.028411084E-002       -3.100976313E-001
      150        1.327807315E-012        1.723336442E-002       -3.090599724E-001
      151       -2.305628515E-013       -9.371187151E-003        4.941690815E-001
      152       -8.224373413E-013       -2.958665024E-002        4.932544949E-001
      153       -1.421020781E-012       -4.884774080E-002        4.914283961E-001
      154       -4.467085476E-003       -2.444836987E-003        6.422671587E-001
      155       -1.387056829E-002       -6.785172000E-003        6.411448644E-001
      156       -2.314755091E-002       -1.188373005E-002        6.389045625E-001
      157        2.362348588E-003        3.862997405E-003       -3.595492739E-001
      158        7.369255490E-003        1.138026771E-002       -3.589389188E-001
      159        1.229482308E-002        1.912899202E-002       -3.577211650E-001
      160       -3.661459514E-003       -1.068128982E-002        5.698639232E-001
      161       -1.148313809E-002       -3.216097931E-002        5.688068799E-001
      162       -1.913462727E-002       -5.376669553E-002        5.666971543E-001
      163       -1.164680631E-002        3.317343561E-002        5.687760108E-001
      164       -4.022226426E-003        1.122393980E-002        5.698655138E-001
      165        3.661459514E-003       -1.068128982E-002        5.698639232E-001
      166        8.300320319E-003       -2.800272886E-002       -3.407580348E-001
      167        2.842909262E-003       -9.321838317E-003       -3.411916428E-001
      168       -2.625913084E-003        9.165324130E-003       -3.411915691E-001
      169        1.567370086E-002        1.102624264E-001        8.953177031E-001
      170        5.287036033E-003        3.736638566E-002        8.950182513E-001
      171       -5.079196593E-003       -3.524473771E-002        8.950040373E-001
      172        9.704845803E-013        2.972136724E-002        4.932281897E-001
      173        3.687338882E-013        1.034051586E-002        4.941676347E-001
      174       -2.305628515E-013       -9.371187151E-003        4.941690815E-001
      175       -2.960763813E-013       -2.344105028E-002       -2.863165102E-001
      176       -1.244654255E-013       -7.871073641E-003       -2.867093110E-001
      177        4.629053571E-014        7.623649647E-003       -2.867125077E-001
      178       -5.477662485E-013        1.105179003E-001        9.993906590E-001
      179       -2.544178062E-013        3.723123567E-002        9.990344490E-001
      180        3.946757241E-014       -3.544184410E-002        9.990346346E-001
      181        1.164680631E-002        3.317343561E-002        5.687760109E-001
      182        4.022226427E-003        1.122393980E-002        5.698655138E-001
      183       -3.661459514E-003       -1.068128982E-002        5.698639232E-001
      184       -8.300320320E-003       -2.800272886E-002       -3.407580348E-001
      185       -2.842909263E-003       -9.321838317E-003       -3.411916428E-001
      186        2.625913084E-003        9.165324130E-003       -3.411915691E-001
      187       -1.567370086E-002        1.102624264E-001        8.953177031E-001
      188       -5.287036033E-003        3.736638566E-002        8.950182513E-001
      189        5.079196593E-003       -3.524473771E-002        8.950040373E-001
      190        3.661459514E-003       -1.068128982E-002        5.698639232E-001
      191        1.148313809E-002       -3.216097931E-002        5.688068799E-001
      192        1.913462726E-002       -5.376669553E-002        5.666971542E-001
      193       -2.625913084E-003        9.165324130E-003       -3.411915691E-001
      194       -8.119565952E-003        2.707137506E-002       -3.407672685E-001
      195       -1.358021841E-002        4.553416315E-002       -3.399236010E-001
      196       -5.079196593E-003       -3.524473771E-002        8.950040373E-001
      197       -1.539563135E-002       -1.073596967E-001        8.952751998E-001
      198       -2.577045940E-002       -1.802929221E-001        8.958553123E-001
      199       -2.305628515E-013       -9.371187151E-003        4.941690815E-001
      200       -8.224373413E-013       -2.958665024E-002        4.932544949E-001
      201       -1.421020781E-012       -4.884774080E-002        4.914283961E-001
      202        4.629053571E-014        7.623649647E-003       -2.867125077E-001
      203        2.142243038E-013        2.287281965E-002       -2.863259402E-001
      204        3.845703599E-013        3.833804646E-002       -2.855559763E-001
      205        3.946757241E-014       -3.544184410E-002        9.990346346E-001
      206        3.340981974E-013       -1.068314973E-001        9.993440603E-001
      207        6.282351880E-013       -1.799864116E-001        1.000000000E+000
      208       -3.661459514E-003       -1.068128982E-002        5.698639232E-001
      209       -1.148313809E-002       -3.216097931E-002        5.688068799E-001
      210       -1.913462727E-002       -5.376669553E-002        5.666971543E-001
      211        2.625913084E-003        9.165324130E-003       -3.411915691E-001
      212        8.119565952E-003        2.707137506E-002       -3.407672685E-001
      213        1.358021841E-002        4.553416315E-002       -3.399236010E-001
      214        5.079196593E-003       -3.524473771E-002        8.950040373E-001
      215        1.539563135E-002       -1.073596967E-001        8.952751998E-001
      216        2.577045940E-002       -1.802929221E-001        8.958553123E-001
$EndDataNodes
$NodeData
 1
"[ 18]_F*******"
 1
 0.0
 3
 0
 3
         216
        1        5.503038269E-018       -9.229908640E-018       -2.089846461E-017
        2        3.261615930E-018       -5.282584087E-018       -3.653267672E-017
        3       -1.746343336E-018        3.059995717E-018       -2.086620076E-017
        4        5.237641021E-002        6.563796706E-003       -6.875775060E-001
        5        1.791089923E-002        2.162797112E-003       -6.881203187E-001
        6       -1.662103851E-002       -2.149572760E-003       -6.881078837E-001
        7       -5.311549093E-002        3.719882813E-002        6.955244876E-001
        8       -1.817799621E-002        1.290447890E-002        6.965399618E-001
        9        1.688450406E-002       -1.177628335E-002        6.965267488E-001
       10        5.536175322E-018       -2.031030684E-028       -4.536384929E-028
       11        3.294042317E-018       -1.160725249E-028       -7.932773652E-028
       12       -1.755048036E-018        6.940606272E-029       -4.531943061E-028
       13        5.179793589E-002        4.442324047E-013       -8.061401538E-012
       14        1.755319857E-002        1.580001753E-013       -8.072234681E-012
       15       -1.657904575E-002       -1.263884744E-013       -8.072340318E-012
       16       -5.205812681E-002       -3.522802666E-013        1.470984864E-011
       17       -1.753021952E-002       -9.656793504E-014        1.474389137E-011
       18        1.678899997E-002        1.472007260E-013        1.474378791E-011
       19        5.503038269E-018        9.229908640E-018        2.089846461E-017
       20        3.261615930E-018        5.282584087E-018        3.653267672E-017
       21       -1.746343336E-018       -3.059995717E-018        2.086620075E-017
       22        5.237641021E-002       -6.563796705E-003        6.875775060E-001
       23        1.791089923E-002       -2.162797112E-003        6.881203187E-001
       24       -1.662103851E-002        2.149572759E-003        6.881078837E-001
       25       -5.311549093E-002       -3.719882813E-002       -6.955244875E-001
       26       -1.817799621E-002       -1.290447891E-002       -6.965399617E-001
       27        1.688450406E-002        1.177628335E-002       -6.965267488E-001
       28       -1.746343336E-018        3.059995717E-018       -2.086620076E-017
       29       -9.302602795E-018        1.516495040E-017       -3.639339983E-017
       30       -8.968317204E-018        1.465199810E-017       -2.082740310E-017
       31       -1.662103851E-002       -2.149572760E-003       -6.881078837E-001
       32       -5.128353885E-002       -6.253481468E-003       -6.875748916E-001
       33       -8.575360546E-002       -1.061241779E-002       -6.865284717E-001
       34        1.688450406E-002       -1.177628335E-002        6.965267488E-001
       35        5.219243054E-002       -3.719806193E-002        6.955316342E-001
       36        8.713888413E-002       -6.150582067E-002        6.935689748E-001
       37       -1.755048036E-018        6.940606272E-029       -4.531943061E-028
       38       -9.400294508E-018        3.439852246E-028       -7.902805343E-028
       39       -9.035234102E-018        3.284815074E-028       -4.523915886E-028
       40       -1.657904575E-002       -1.263884744E-013       -8.072340318E-012
       41       -5.034702463E-002       -4.060184498E-013       -8.062008653E-012
       42       -8.443727319E-002       -6.908074406E-013       -8.041342316E-012
       43        1.678899997E-002        1.472007260E-013        1.474378791E-011
       44        5.043177368E-002        3.633911370E-013        1.471109978E-011
       45        8.467302251E-002        6.135906227E-013        1.464497941E-011
       46       -1.746343336E-018       -3.059995717E-018        2.086620075E-017
       47       -9.302602795E-018       -1.516495040E-017        3.639339983E-017
       48       -8.968317204E-018       -1.465199810E-017        2.082740310E-017
       49       -1.662103851E-002        2.149572759E-003        6.881078837E-001
       50       -5.128353885E-002        6.253481467E-003        6.875748916E-001
       51       -8.575360546E-002        1.061241779E-002        6.865284717E-001
       52        1.688450406E-002        1.177628335E-002       -6.965267488E-001
       53        5.219243054E-002        3.719806193E-002       -6.955316342E-001
       54        8.713888412E-002        6.150582067E-002       -6.935689748E-001
       55       -5.311549093E-002        3.719882813E-002        6.955244876E-001
       56       -1.817799621E-002        1.290447890E-002        6.965399618E-001
       57        1.688450406E-002       -1.177628335E-002        6.965267488E-001
       58       -4.335868762E-003       -5.022297527E-002        5.829248174E-002
       59       -1.418959086E-003       -1.675794636E-002        5.830488441E-002
       60        1.499609649E-003        1.634640364E-002        5.830394145E-002
       61        5.744486955E-002        3.445958654E-002       -7.521513229E-001
       62        1.970231448E-002        1.092140630E-002       -7.529865032E-001
       63       -1.814430863E-002       -1.158136419E-002       -7.529707995E-001
       64       -5.205812681E-002       -3.522802666E-013        1.470984864E-011
       65       -1.753021952E-002       -9.656793504E-014        1.474389137E-011
       66        1.678899997E-002        1.472007260E-013        1.474378791E-011
       67       -4.319110311E-003       -8.393874384E-014       -9.455166853E-012
       68       -1.407519254E-003       -9.503573835E-015       -9.466237891E-012
       69        1.501558124E-003        6.494958500E-014       -9.466424192E-012
       70        5.656989836E-002        2.081150748E-013        7.442967031E-012
       71        1.916571597E-002        8.812372463E-014        7.461208474E-012
       72       -1.806781233E-002       -2.262733516E-014        7.461535180E-012
       73       -5.311549093E-002       -3.719882813E-002       -6.955244875E-001
       74       -1.817799621E-002       -1.290447891E-002       -6.965399617E-001
       75        1.688450406E-002        1.177628335E-002       -6.965267488E-001
       76       -4.335868762E-003        5.022297527E-002       -5.829248176E-002
       77       -1.418959086E-003        1.675794636E-002       -5.830488443E-002
       78        1.499609649E-003       -1.634640364E-002       -5.830394148E-002
       79        5.744486955E-002       -3.445958654E-002        7.521513229E-001
       80        1.970231448E-002       -1.092140630E-002        7.529865032E-001
       81       -1.814430863E-002        1.158136419E-002        7.529707995E-001
       82        1.688450406E-002       -1.177628335E-002        6.965267488E-001
       83        5.219243054E-002       -3.719806193E-002        6.955316342E-001
       84        8.713888413E-002       -6.150582067E-002        6.935689748E-001
       85        1.499609649E-003        1.634640364E-002        5.830394145E-002
       86        4.421638232E-003        4.841383189E-002        5.829199773E-002
       87        7.338845059E-003        8.151773408E-002        5.826900738E-002
       88       -1.814430863E-002       -1.158136419E-002       -7.529707995E-001
       89       -5.619657898E-002       -3.167772183E-002       -7.521506953E-001
       90       -9.394758473E-002       -5.475512298E-002       -7.505378969E-001
       91        1.678899997E-002        1.472007260E-013        1.474378791E-011
       92        5.043177368E-002        3.633911370E-013        1.471109978E-011
       93        8.467302251E-002        6.135906227E-013        1.464497941E-011
       94        1.501558124E-003        6.494958500E-014       -9.466424192E-012
       95        4.402438647E-003        1.397913716E-013       -9.455843957E-012
       96        7.310501041E-003        2.144137083E-013       -9.434199517E-012
       97       -1.806781233E-002       -2.262733516E-014        7.461535180E-012
       98       -5.474779928E-002       -1.176128842E-013        7.443763905E-012
       99       -9.191682493E-002       -2.374151030E-013        7.407753477E-012
      100        1.688450406E-002        1.177628335E-002       -6.965267488E-001
      101        5.219243054E-002        3.719806193E-002       -6.955316342E-001
      102        8.713888412E-002        6.150582067E-002       -6.935689748E-001
      103        1.499609649E-003       -1.634640364E-002       -5.830394148E-002
      104        4.421638232E-003       -4.841383189E-002       -5.829199775E-002
      105        7.338845060E-003       -8.151773407E-002       -5.826900740E-002
      106       -1.814430863E-002        1.158136419E-002        7.529707995E-001
      107       -5.619657898E-002        3.167772183E-002        7.521506953E-001
      108       -9.394758473E-002        5.475512298E-002        7.505378969E-001
      109        5.744486955E-002        3.445958654E-002       -7.521513229E-001
      110        1.970231448E-002        1.092140630E-002       -7.529865032E-001
      111       -1.814430863E-002       -1.158136419E-002       -7.529707995E-001
      112       -5.258530300E-002        1.884936970E-002        6.891257195E-001
      113       -1.803210602E-002        6.275323707E-003        6.897450780E-001
      114        1.659577733E-002       -6.167913577E-003        6.897335230E-001
      115        1.791197354E-002       -6.402329475E-002       -2.363098196E-001
      116        6.069761032E-003       -2.081808365E-002       -2.365870165E-001
      117       -5.793552059E-003        2.114858574E-002       -2.365894979E-001
      118        5.656989836E-002        2.081150748E-013        7.442967031E-012
      119        1.916571597E-002        8.812372463E-014        7.461208474E-012
      120       -1.806781233E-002       -2.262733516E-014        7.461535180E-012
      121       -5.193339574E-002       -1.182631072E-013       -1.004843466E-011
      122       -1.763196648E-002       -1.136785709E-014       -1.005752687E-011
      123        1.653918019E-002        9.500878716E-014       -1.005770750E-011
      124        1.762199264E-002        7.541404523E-013        1.005230208E-011
      125        5.891145783E-003        2.905880144E-013        1.006957907E-011
      126       -5.767240765E-003       -1.789893399E-013        1.006969920E-011
      127        5.744486955E-002       -3.445958654E-002        7.521513229E-001
      128        1.970231448E-002       -1.092140630E-002        7.529865032E-001
      129       -1.814430863E-002        1.158136419E-002        7.529707995E-001
      130       -5.258530300E-002       -1.884936970E-002       -6.891257195E-001
      131       -1.803210603E-002       -6.275323707E-003       -6.897450780E-001
      132        1.659577734E-002        6.167913578E-003       -6.897335230E-001
      133        1.791197354E-002        6.402329475E-002        2.363098196E-001
      134        6.069761032E-003        2.081808365E-002        2.365870166E-001
      135       -5.793552059E-003       -2.114858574E-002        2.365894979E-001
      136       -1.814430863E-002       -1.158136419E-002       -7.529707995E-001
      137       -5.619657898E-002       -3.167772183E-002       -7.521506953E-001
      138       -9.394758473E-002       -5.475512298E-002       -7.505378969E-001
      139        1.659577733E-002       -6.167913577E-003        6.897335230E-001
      140        5.136947914E-002       -1.823328765E-002        6.891253789E-001
      141        8.592689789E-002       -3.067457502E-002        6.879278365E-001
      142       -5.793552059E-003        2.114858574E-002       -2.365894979E-001
      143       -1.768756019E-002        6.018199627E-002       -2.363168679E-001
      144       -2.952059396E-002        1.027811503E-001       -2.357740542E-001
      145       -1.806781233E-002       -2.262733516E-014        7.461535180E-012
      146       -5.474779928E-002       -1.176128842E-013        7.443763905E-012
      147       -9.191682493E-002       -2.374151030E-013        7.407753477E-012
      148        1.653918019E-002        9.500878716E-014       -1.005770750E-011
      149        5.028896688E-002        1.994537893E-013       -1.004921805E-011
      150        8.441211032E-002        3.056464949E-013       -1.003151275E-011
      151       -5.767240765E-003       -1.789893399E-013        1.006969920E-011
      152       -1.719666890E-002       -6.538281146E-013        1.005269662E-011
      153       -2.883427296E-002       -1.113299471E-012        1.001915168E-011
      154       -1.814430863E-002        1.158136419E-002        7.529707995E-001
      155       -5.619657898E-002        3.167772183E-002        7.521506953E-001
      156       -9.394758473E-002        5.475512298E-002        7.505378969E-001
      157        1.659577734E-002        6.167913578E-003       -6.897335230E-001
      158        5.136947914E-002        1.823328765E-002       -6.891253789E-001
      159        8.592689790E-002        3.067457502E-002       -6.879278365E-001
      160       -5.793552059E-003       -2.114858574E-002        2.365894979E-001
      161       -1.768756019E-002       -6.018199628E-002        2.363168680E-001
      162       -2.952059397E-002       -1.027811503E-001        2.357740542E-001
      163        1.791197354E-002       -6.402329475E-002       -2.363098196E-001
      164        6.069761032E-003       -2.081808365E-002       -2.365870165E-001
      165       -5.793552059E-003        2.114858574E-002       -2.365894979E-001
      166        3.628865829E-002        3.789236227E-002       -4.767003837E-001
      167        1.240802008E-002        1.264917960E-002       -4.770801549E-001
      168       -1.150745359E-002       -1.229969445E-002       -4.770746652E-001
      169       -7.557829614E-002        2.327216184E-002        9.994749965E-001
      170       -2.566009497E-002        7.545238531E-003        9.999918330E-001
      171        2.421229327E-002       -7.572996245E-003        1.000000000E+000
      172        1.762199264E-002        7.541404523E-013        1.005230208E-011
      173        5.891145783E-003        2.905880144E-013        1.006957907E-011
      174       -5.767240765E-003       -1.789893399E-013        1.006969920E-011
      175        3.588384796E-002       -3.370259487E-013       -2.098757322E-013
      176        1.215753294E-002       -8.354809834E-014       -2.156885818E-013
      177       -1.147648412E-002        1.682152653E-013       -2.157962504E-013
      178       -7.501143317E-002        1.628628723E-012        1.844268026E-011
      179       -2.530047391E-002        5.736738852E-013        1.843938673E-011
      180        2.418134614E-002       -4.692995420E-013        1.843930654E-011
      181        1.791197354E-002        6.402329475E-002        2.363098196E-001
      182        6.069761032E-003        2.081808365E-002        2.365870166E-001
      183       -5.793552059E-003       -2.114858574E-002        2.365894979E-001
      184        3.628865829E-002       -3.789236227E-002        4.767003837E-001
      185        1.240802008E-002       -1.264917960E-002        4.770801549E-001
      186       -1.150745359E-002        1.229969445E-002        4.770746652E-001
      187       -7.557829614E-002       -2.327216184E-002       -9.994749965E-001
      188       -2.566009497E-002       -7.545238530E-003       -9.999918330E-001
      189        2.421229327E-002        7.572996244E-003       -1.000000000E+000
      190       -5.793552059E-003        2.114858574E-002       -2.365894979E-001
      191       -1.768756019E-002        6.018199627E-002       -2.363168679E-001
      192       -2.952059396E-002        1.027811503E-001       -2.357740542E-001
      193       -1.150745359E-002       -1.229969445E-002       -4.770746652E-001
      194       -3.548168462E-002       -3.639144947E-002       -4.766984693E-001
      195       -5.935474999E-002       -6.132884376E-002       -4.759599111E-001
      196        2.421229327E-002       -7.572996245E-003        1.000000000E+000
      197        7.390320521E-002       -2.156340365E-002        9.994580689E-001
      198        1.237239402E-001       -3.730897724E-002        9.984117429E-001
      199       -5.767240765E-003       -1.789893399E-013        1.006969920E-011
      200       -1.719666890E-002       -6.538281146E-013        1.005269662E-011
      201       -2.883427296E-002       -1.113299471E-012        1.001915168E-011
      202       -1.147648412E-002        1.682152653E-013       -2.157962504E-013
      203       -3.481690064E-002        4.144361444E-013       -2.105698658E-013
      204       -5.842188240E-002        6.654770882E-013       -1.996811084E-013
      205        2.418134614E-002       -4.692995420E-013        1.843930654E-011
      206        7.297035761E-002       -1.489777959E-012        1.844174972E-011
      207        1.224165976E-001       -2.542471127E-012        1.844738911E-011
      208       -5.793552059E-003       -2.114858574E-002        2.365894979E-001
      209       -1.768756019E-002       -6.018199628E-002        2.363168680E-001
      210       -2.952059397E-002       -1.027811503E-001        2.357740542E-001
      211       -1.150745359E-002        1.229969445E-002        4.770746652E-001
      212       -3.548168462E-002        3.639144947E-002        4.766984693E-001
      213       -5.935474999E-002        6.132884376E-002        4.759599111E-001
      214        2.421229327E-002        7.572996244E-003       -1.000000000E+000
      215        7.390320521E-002        2.156340364E-002       -9.994580689E-001
      216        1.237239402E-001        3.730897723E-002       -9.984117429E-001
$EndDataNodes
$NodeData
 1
"[ 19]_F*******"
 1
 0.0
 3
 0
 3
         216
        1        2.341278947E-018       -1.772421867E-017       -4.255676688E-017
        2        1.390156882E-018       -1.011419209E-017       -7.442829143E-017
        3       -7.360011292E-019        5.889642247E-018       -4.251908042E-017
        4        3.366298843E-003        3.012187502E-002       -2.309230344E-001
        5        1.174703260E-003        9.991564467E-003       -2.312615476E-001
        6       -1.035877069E-003       -9.873512295E-003       -2.312550899E-001
        7       -1.088560335E-002       -7.816596853E-002        4.565387252E-001
        8       -3.807019648E-003       -2.549926062E-002        4.579914588E-001
        9        3.367830659E-003        2.579601777E-002        4.579813156E-001
       10        8.881373072E-026       -1.698849471E-017       -4.078150488E-017
       11        5.238590867E-026       -9.713316883E-018       -7.134003715E-017
       12       -2.866556327E-026        5.636173066E-018       -4.074552413E-017
       13        3.251528770E-010        2.682457605E-002       -2.092358411E-001
       14        1.080932765E-010        8.948318973E-003       -2.095260548E-001
       15       -1.079064723E-010       -8.746658426E-003       -2.095217838E-001
       16       -5.895372513E-010       -7.063648334E-002        3.868853683E-001
       17       -2.000891581E-010       -2.307412224E-002        3.881207210E-001
       18        1.863634126E-010        2.325490693E-002        3.881198231E-001
       19       -2.341278771E-018       -1.772421837E-017       -4.255676621E-017
       20       -1.390156778E-018       -1.011419192E-017       -7.442829025E-017
       21        7.360010721E-019        5.889642147E-018       -4.251907974E-017
       22       -3.366298182E-003        3.012187466E-002       -2.309230257E-001
       23       -1.174703037E-003        9.991564347E-003       -2.312615389E-001
       24        1.035876852E-003       -9.873512172E-003       -2.312550811E-001
       25        1.088560214E-002       -7.816596849E-002        4.565387095E-001
       26        3.807019229E-003       -2.549926062E-002        4.579914431E-001
       27       -3.367830283E-003        2.579601775E-002        4.579812999E-001
       28       -7.360011292E-019        5.889642247E-018       -4.251908042E-017
       29       -3.901797056E-018        2.894591025E-017       -7.409531009E-017
       30       -3.769833274E-018        2.798110850E-017       -4.235666192E-017
       31       -1.035877069E-003       -9.873512295E-003       -2.312550899E-001
       32       -3.290820425E-003       -2.899026367E-002       -2.309231206E-001
       33       -5.491006740E-003       -4.886894340E-002       -2.302702661E-001
       34        3.367830659E-003        2.579601777E-002        4.579813156E-001
       35        1.077292558E-002        7.344360311E-002        4.565651101E-001
       36        1.790069951E-002        1.250342707E-001        4.537573615E-001
       37       -2.866556327E-026        5.636173066E-018       -4.074552413E-017
       38       -1.519146004E-025        2.778276124E-017       -7.102073255E-017
       39       -1.457757678E-025        2.683611102E-017       -4.058964073E-017
       40       -1.079064723E-010       -8.746658426E-003       -2.095217838E-001
       41       -3.204765856E-010       -2.593590334E-002       -2.092354806E-001
       42       -5.360812280E-010       -4.364577363E-002       -2.086724662E-001
       43        1.863634126E-010        2.325490693E-002        3.881198231E-001
       44        5.631150263E-010        6.635363719E-002        3.869071395E-001
       45        9.484503274E-010        1.129987761E-001        3.845023339E-001
       46        7.360010721E-019        5.889642147E-018       -4.251907974E-017
       47        3.901796755E-018        2.894590976E-017       -7.409530891E-017
       48        3.769832984E-018        2.798110803E-017       -4.235666125E-017
       49        1.035876852E-003       -9.873512172E-003       -2.312550811E-001
       50        3.290819766E-003       -2.899026332E-002       -2.309231119E-001
       51        5.491005643E-003       -4.886894280E-002       -2.302702574E-001
       52       -3.367830283E-003        2.579601775E-002        4.579812999E-001
       53       -1.077292441E-002        7.344360310E-002        4.565650944E-001
       54       -1.790069754E-002        1.250342706E-001        4.537573458E-001
       55       -1.088560335E-002       -7.816596853E-002        4.565387252E-001
       56       -3.807019648E-003       -2.549926062E-002        4.579914588E-001
       57        3.367830659E-003        2.579601777E-002        4.579813156E-001
       58        3.542082686E-003        3.446643090E-002       -1.470805546E-001
       59        1.231764482E-003        1.142308527E-002       -1.474763256E-001
       60       -1.100966818E-003       -1.127986206E-002       -1.474742404E-001
       61       -4.377841614E-003       -8.498618241E-002        1.715932852E-001
       62       -1.497882373E-003       -2.856607393E-002        1.719425436E-001
       63        1.392175664E-003        2.763104838E-002        1.719435052E-001
       64       -5.895372513E-010       -7.063648334E-002        3.868853683E-001
       65       -2.000891581E-010       -2.307412224E-002        3.881207210E-001
       66        1.863634126E-010        2.325490693E-002        3.881198231E-001
       67        3.473880714E-010        3.010091385E-002       -1.242410894E-001
       68        1.182673047E-010        1.007604766E-002       -1.245733705E-001
       69       -1.095119048E-010       -9.765929720E-003       -1.245737700E-001
       70       -2.508302632E-010       -7.183020954E-002        1.429101676E-001
       71       -8.204633185E-011       -2.463403842E-002        1.431879981E-001
       72        8.589325122E-011        2.298131152E-002        1.431913161E-001
       73        1.088560214E-002       -7.816596849E-002        4.565387095E-001
       74        3.807019229E-003       -2.549926062E-002        4.579914431E-001
       75       -3.367830283E-003        2.579601775E-002        4.579812999E-001
       76       -3.542081977E-003        3.446643142E-002       -1.470805454E-001
       77       -1.231764237E-003        1.142308544E-002       -1.474763164E-001
       78        1.100966598E-003       -1.127986223E-002       -1.474742311E-001
       79        4.377841104E-003       -8.498618376E-002        1.715932784E-001
       80        1.497882203E-003       -2.856607436E-002        1.719425368E-001
       81       -1.392175492E-003        2.763104883E-002        1.719434984E-001
       82        3.367830659E-003        2.579601777E-002        4.579813156E-001
       83        1.077292558E-002        7.344360311E-002        4.565651101E-001
       84        1.790069951E-002        1.250342707E-001        4.537573615E-001
       85       -1.100966818E-003       -1.127986206E-002       -1.474742404E-001
       86       -3.484967628E-003       -3.293225503E-002       -1.470888047E-001
       87       -5.804307564E-003       -5.556228053E-002       -1.463231682E-001
       88        1.392175664E-003        2.763104838E-002        1.719435052E-001
       89        4.297642582E-003        8.246420449E-002        1.716040418E-001
       90        7.173653574E-003        1.379327683E-001        1.709237829E-001
       91        1.863634126E-010        2.325490693E-002        3.881198231E-001
       92        5.631150263E-010        6.635363719E-002        3.869071395E-001
       93        9.484503274E-010        1.129987761E-001        3.845023339E-001
       94       -1.095119048E-010       -9.765929720E-003       -1.245737700E-001
       95       -3.329479042E-010       -2.900385997E-002       -1.242486692E-001
       96       -5.602253198E-010       -4.876651923E-002       -1.236018801E-001
       97        8.589325122E-011        2.298131152E-002        1.431913161E-001
       98        2.510776827E-010        7.101756257E-002        1.429221393E-001
       99        4.186903990E-010        1.178421261E-001        1.423784191E-001
      100       -3.367830283E-003        2.579601775E-002        4.579812999E-001
      101       -1.077292441E-002        7.344360310E-002        4.565650944E-001
      102       -1.790069754E-002        1.250342706E-001        4.537573458E-001
      103        1.100966598E-003       -1.127986223E-002       -1.474742311E-001
      104        3.484966939E-003       -3.293225554E-002       -1.470887955E-001
      105        5.804306412E-003       -5.556228139E-002       -1.463231589E-001
      106       -1.392175492E-003        2.763104883E-002        1.719434984E-001
      107       -4.297642065E-003        8.246420575E-002        1.716040350E-001
      108       -7.173652716E-003        1.379327704E-001        1.709237761E-001
      109       -4.377841614E-003       -8.498618241E-002        1.715932852E-001
      110       -1.497882373E-003       -2.856607393E-002        1.719425436E-001
      111        1.392175664E-003        2.763104838E-002        1.719435052E-001
      112        5.204156987E-004        3.586991315E-002       -1.504061946E-002
      113        1.778255138E-004        1.193298468E-002       -1.506307325E-002
      114       -1.635591876E-004       -1.166869176E-002       -1.506328043E-002
      115        1.796153497E-003       -8.154579599E-002       -9.151425976E-002
      116        6.318904048E-004       -2.668144688E-002       -9.185049613E-002
      117       -5.577869741E-004        2.688191668E-002       -9.185176133E-002
      118       -2.508302632E-010       -7.183020954E-002        1.429101676E-001
      119       -8.204633185E-011       -2.463403842E-002        1.431879981E-001
      120        8.589325122E-011        2.298131152E-002        1.431913161E-001
      121       -2.833172473E-011        3.116999804E-002       -1.160110379E-002
      122       -9.336546215E-012        1.047491492E-002       -1.161664819E-002
      123        9.595615480E-012       -1.004332567E-002       -1.161671593E-002
      124        2.944084613E-010       -7.259296305E-002       -8.016228500E-002
      125        9.668280416E-011       -2.375655591E-002       -8.044261605E-002
      126       -1.001378397E-010        2.388366798E-002       -8.044794038E-002
      127        4.377841104E-003       -8.498618376E-002        1.715932784E-001
      128        1.497882203E-003       -2.856607436E-002        1.719425368E-001
      129       -1.392175492E-003        2.763104883E-002        1.719434984E-001
      130       -5.204157563E-004        3.586991413E-002       -1.504062022E-002
      131       -1.778255331E-004        1.193298501E-002       -1.506307402E-002
      132        1.635592068E-004       -1.166869207E-002       -1.506328119E-002
      133       -1.796152897E-003       -8.154579724E-002       -9.151425180E-002
      134       -6.318902043E-004       -2.668144730E-002       -9.185048817E-002
      135        5.577867731E-004        2.688191709E-002       -9.185175337E-002
      136        1.392175664E-003        2.763104838E-002        1.719435052E-001
      137        4.297642582E-003        8.246420449E-002        1.716040418E-001
      138        7.173653574E-003        1.379327683E-001        1.709237829E-001
      139       -1.635591876E-004       -1.166869176E-002       -1.506328043E-002
      140       -5.002841728E-004       -3.425151967E-002       -1.504166408E-002
      141       -8.404301768E-004       -5.779737925E-002       -1.499783811E-002
      142       -5.577869741E-004        2.688191668E-002       -9.185176133E-002
      143       -1.808773426E-003        7.716483315E-002       -9.152553294E-002
      144       -2.986487569E-003        1.311902179E-001       -9.087466255E-002
      145        8.589325122E-011        2.298131152E-002        1.431913161E-001
      146        2.510776827E-010        7.101756257E-002        1.429221393E-001
      147        4.186903990E-010        1.178421261E-001        1.423784191E-001
      148        9.595615480E-012       -1.004332567E-002       -1.161671593E-002
      149        2.831331600E-011       -2.999913986E-002       -1.160226222E-002
      150        4.721272988E-011       -5.046259077E-002       -1.157249383E-002
      151       -1.001378397E-010        2.388366798E-002       -8.044794038E-002
      152       -2.939358790E-010        6.862271450E-002       -8.017345381E-002
      153       -4.903318594E-010        1.168040602E-001       -7.962323110E-002
      154       -1.392175492E-003        2.763104883E-002        1.719434984E-001
      155       -4.297642065E-003        8.246420575E-002        1.716040350E-001
      156       -7.173652716E-003        1.379327704E-001        1.709237761E-001
      157        1.635592068E-004       -1.166869207E-002       -1.506328119E-002
      158        5.002842308E-004       -3.425152061E-002       -1.504166485E-002
      159        8.404302732E-004       -5.779738083E-002       -1.499783887E-002
      160        5.577867731E-004        2.688191709E-002       -9.185175337E-002
      161        1.808772820E-003        7.716483438E-002       -9.152552499E-002
      162        2.986486563E-003        1.311902199E-001       -9.087465462E-002
      163        1.796153497E-003       -8.154579599E-002       -9.151425976E-002
      164        6.318904048E-004       -2.668144688E-002       -9.185049613E-002
      165       -5.577869741E-004        2.688191668E-002       -9.185176133E-002
      166       -5.262528825E-003        3.943200945E-002        1.753990335E-001
      167       -1.793241544E-003        1.314070533E-002        1.754688390E-001
      168        1.666223367E-003       -1.278782103E-002        1.754635342E-001
      169       -3.067773887E-002       -1.408779147E-001       -7.948095025E-001
      170       -1.035310903E-002       -4.793653858E-002       -7.939036614E-001
      171        9.947079357E-003        4.520402046E-002       -7.938517401E-001
      172        2.944084613E-010       -7.259296305E-002       -8.016228500E-002
      173        9.668280416E-011       -2.375655591E-002       -8.044261605E-002
      174       -1.001378397E-010        2.388366798E-002       -8.044794038E-002
      175       -3.730187742E-010        3.249157945E-002        1.406026799E-001
      176       -1.272427194E-010        1.094972330E-002        1.406976973E-001
      177        1.171279532E-010       -1.042387687E-002        1.406923215E-001
      178        6.713558431E-010       -1.402079760E-001       -9.984027543E-001
      179        2.309429534E-010       -4.790804712E-002       -9.975518565E-001
      180       -2.068091553E-010        4.477696494E-002       -9.974870727E-001
      181       -1.796152897E-003       -8.154579724E-002       -9.151425180E-002
      182       -6.318902043E-004       -2.668144730E-002       -9.185048817E-002
      183        5.577867731E-004        2.688191709E-002       -9.185175337E-002
      184        5.262528066E-003        3.943200982E-002        1.753990236E-001
      185        1.793241282E-003        1.314070545E-002        1.754688291E-001
      186       -1.666223131E-003       -1.278782116E-002        1.754635243E-001
      187        3.067774022E-002       -1.408779141E-001       -7.948094848E-001
      188        1.035310950E-002       -4.793653837E-002       -7.939036436E-001
      189       -9.947079771E-003        4.520402026E-002       -7.938517223E-001
      190       -5.577869741E-004        2.688191668E-002       -9.185176133E-002
      191       -1.808773426E-003        7.716483315E-002       -9.152553294E-002
      192       -2.986487569E-003        1.311902179E-001       -9.087466255E-002
      193        1.666223367E-003       -1.278782103E-002        1.754635342E-001
      194        5.102702017E-003       -3.762944348E-002        1.753928034E-001
      195        8.567213850E-003       -6.351302685E-002        1.752573981E-001
      196        9.947079357E-003        4.520402046E-002       -7.938517401E-001
      197        3.016897874E-002        1.383889287E-001       -7.947253981E-001
      198        5.045970193E-002        2.309917954E-001       -7.965152850E-001
      199       -1.001378397E-010        2.388366798E-002       -8.044794038E-002
      200       -2.939358790E-010        6.862271450E-002       -8.017345381E-002
      201       -4.903318594E-010        1.168040602E-001       -7.962323110E-002
      202        1.171279532E-010       -1.042387687E-002        1.406923215E-001
      203        3.570227535E-010       -3.126049969E-002        1.405995869E-001
      204        6.009425754E-010       -5.257986280E-002        1.404183436E-001
      205       -2.068091553E-010        4.477696494E-002       -9.974870727E-001
      206       -6.366388963E-010        1.379513130E-001       -9.983070230E-001
      207       -1.074094967E-009        2.300079951E-001       -1.000000000E+000
      208        5.577867731E-004        2.688191709E-002       -9.185175337E-002
      209        1.808772820E-003        7.716483438E-002       -9.152552499E-002
      210        2.986486563E-003        1.311902199E-001       -9.087465462E-002
      211       -1.666223131E-003       -1.278782116E-002        1.754635243E-001
      212       -5.102701282E-003       -3.762944385E-002        1.753927935E-001
      213       -8.567212619E-003       -6.351302748E-002        1.752573882E-001
      214       -9.947079771E-003        4.520402026E-002       -7.938517223E-001
      215       -3.016898003E-002        1.383889281E-001       -7.947253803E-001
      216       -5.045970411E-002        2.309917944E-001       -7.965152673E-001
$EndDataNodes
$NodeData
 1
"[ 20]_F*******"
 1
 0.0
 3
 0
 3
         216
        1        9.795067408E-018       -1.659123593E-017       -3.730732014E-017
        2        5.773238643E-018       -9.456811392E-018       -6.522640246E-017
        3       -3.145295174E-018        5.515035709E-018       -3.725704413E-017
        4        3.674302587E-002        2.025899718E-002       -4.840153657E-001
        5        1.245203622E-002        6.660755983E-003       -4.845812275E-001
        6       -1.190787957E-002       -6.710460520E-003       -4.845668493E-001
        7       -6.654215542E-002       -2.300903021E-003        8.661809532E-001
        8       -2.297902089E-002       -5.483063306E-005        8.677823963E-001
        9        2.078022176E-002        1.273999314E-003        8.677551145E-001
       10        9.841551460E-018       -8.581879322E-027       -2.058471117E-026
       11        5.818719634E-018       -4.912732648E-027       -3.600998613E-026
       12       -3.160083474E-018        2.845138786E-027       -2.056659687E-026
       13        3.613711163E-002        1.356673595E-011       -1.054289319E-010
       14        1.207619409E-002        4.525457575E-012       -1.055756302E-010
       15       -1.186766104E-002       -4.424062185E-012       -1.055735311E-010
       16       -6.487254259E-002       -3.554136504E-011        1.977940216E-010
       17       -2.195712715E-002       -1.160969820E-011        1.984234302E-010
       18        2.062780764E-002        1.170037290E-011        1.984230896E-010
       19        9.795067405E-018        1.659123591E-017        3.730732010E-017
       20        5.773238641E-018        9.456811382E-018        6.522640238E-017
       21       -3.145295174E-018       -5.515035703E-018        3.725704409E-017
       22        3.674302586E-002       -2.025899715E-002        4.840153654E-001
       23        1.245203622E-002       -6.660755973E-003        4.845812273E-001
       24       -1.190787957E-002        6.710460510E-003        4.845668490E-001
       25       -6.654215541E-002        2.300902942E-003       -8.661809527E-001
       26       -2.297902089E-002        5.483060742E-005       -8.677823958E-001
       27        2.078022176E-002       -1.273999288E-003       -8.677551140E-001
       28       -3.145295174E-018        5.515035709E-018       -3.725704413E-017
       29       -1.664801715E-017        2.704273091E-017       -6.496348819E-017
       30       -1.603021279E-017        2.616025961E-017       -3.716478243E-017
       31       -1.190787957E-002       -6.710460520E-003       -4.845668493E-001
       32       -3.640300146E-002       -1.947519763E-002       -4.840106706E-001
       33       -6.069835997E-002       -3.289237485E-002       -4.829211665E-001
       34        2.078022176E-002        1.273999314E-003        8.677551145E-001
       35        6.492397592E-002        4.212903882E-004        8.661821908E-001
       36        1.085000815E-001        2.208749333E-003        8.630869195E-001
       37       -3.160083474E-018        2.845138786E-027       -2.056659687E-026
       38       -1.679148563E-017        1.403376894E-026       -3.584850858E-026
       39       -1.612099831E-017        1.355991505E-026       -2.048773928E-026
       40       -1.186766104E-002       -4.424062185E-012       -1.055735311E-010
       41       -3.543260561E-002       -1.311747545E-011       -1.054288729E-010
       42       -5.933282666E-002       -2.207441023E-011       -1.051443108E-010
       43        2.062780764E-002        1.170037290E-011        1.984230896E-010
       44        6.214229996E-002        3.338267137E-011        1.978054234E-010
       45        1.046040031E-001        5.685223934E-011        1.965804367E-010
       46       -3.145295174E-018       -5.515035703E-018        3.725704409E-017
       47       -1.664801714E-017       -2.704273088E-017        6.496348811E-017
       48       -1.603021278E-017       -2.616025958E-017        3.716478238E-017
       49       -1.190787957E-002        6.710460510E-003        4.845668490E-001
       50       -3.640300145E-002        1.947519760E-002        4.840106703E-001
       51       -6.069835997E-002        3.289237480E-002        4.829211663E-001
       52        2.078022176E-002       -1.273999288E-003       -8.677551140E-001
       53        6.492397591E-002       -4.212903144E-004       -8.661821904E-001
       54        1.085000815E-001       -2.208749207E-003       -8.630869191E-001
       55       -6.654215542E-002       -2.300903021E-003        8.661809532E-001
       56       -2.297902089E-002       -5.483063306E-005        8.677823963E-001
       57        2.078022176E-002        1.273999314E-003        8.677551145E-001
       58        3.899512284E-002       -2.892289917E-002       -5.088647505E-001
       59        1.343751744E-002       -9.559289266E-003       -5.095800453E-001
       60       -1.220818683E-002        9.564553687E-003       -5.095657660E-001
       61       -2.841306162E-002        7.456184469E-002        3.752359977E-001
       62       -9.574455783E-003        2.410173655E-002        3.756986011E-001
       63        9.324318343E-003       -2.476513738E-002        3.756943571E-001
       64       -6.487254259E-002       -3.554136504E-011        1.977940216E-010
       65       -2.195712715E-002       -1.160969820E-011        1.984234302E-010
       66        2.062780764E-002        1.170037290E-011        1.984230896E-010
       67        3.824471590E-002        1.508119397E-011       -6.314404711E-011
       68        1.297767185E-002        5.045830831E-012       -6.331185001E-011
       69       -1.214140256E-002       -4.897722628E-012       -6.331215147E-011
       70       -2.792215319E-002       -3.599339297E-011        7.406679441E-011
       71       -9.271335799E-003       -1.235017820E-011        7.421150928E-011
       72        9.285778404E-003        1.150521026E-011        7.421320235E-011
       73       -6.654215541E-002        2.300902942E-003       -8.661809527E-001
       74       -2.297902089E-002        5.483060742E-005       -8.677823958E-001
       75        2.078022176E-002       -1.273999288E-003       -8.677551140E-001
       76        3.899512284E-002        2.892289921E-002        5.088647503E-001
       77        1.343751743E-002        9.559289278E-003        5.095800452E-001
       78       -1.220818683E-002       -9.564553698E-003        5.095657659E-001
       79       -2.841306161E-002       -7.456184477E-002       -3.752359976E-001
       80       -9.574455782E-003       -2.410173658E-002       -3.756986010E-001
       81        9.324318342E-003        2.476513741E-002       -3.756943570E-001
       82        2.078022176E-002        1.273999314E-003        8.677551145E-001
       83        6.492397592E-002        4.212903882E-004        8.661821908E-001
       84        1.085000815E-001        2.208749333E-003        8.630869195E-001
       85       -1.220818683E-002        9.564553687E-003       -5.095657660E-001
       86       -3.802738156E-002        2.799953910E-002       -5.088632129E-001
       87       -6.359143083E-002        4.712326127E-002       -5.074808188E-001
       88        9.324318343E-003       -2.476513738E-002        3.756943571E-001
       89        2.834444641E-002       -6.967521169E-002        3.752451598E-001
       90        4.719087439E-002       -1.191694483E-001        3.743512380E-001
       91        2.062780764E-002        1.170037290E-011        1.984230896E-010
       92        6.214229996E-002        3.338267137E-011        1.978054234E-010
       93        1.046040031E-001        5.685223934E-011        1.965804367E-010
       94       -1.214140256E-002       -4.897722628E-012       -6.331215147E-011
       95       -3.678108888E-002       -1.453798476E-011       -6.314809069E-011
       96       -6.184473538E-002       -2.444170950E-011       -6.282147137E-011
       97        9.285778404E-003        1.150521026E-011        7.421320235E-011
       98        2.753769299E-002        3.557561983E-011        7.407267805E-011
       99        4.605854998E-002        5.903275618E-011        7.378934816E-011
      100        2.078022176E-002       -1.273999288E-003       -8.677551140E-001
      101        6.492397591E-002       -4.212903144E-004       -8.661821904E-001
      102        1.085000815E-001       -2.208749207E-003       -8.630869191E-001
      103       -1.220818683E-002       -9.564553698E-003        5.095657659E-001
      104       -3.802738155E-002       -2.799953914E-002        5.088632127E-001
      105       -6.359143083E-002       -4.712326133E-002        5.074808187E-001
      106        9.324318342E-003        2.476513741E-002       -3.756943570E-001
      107        2.834444640E-002        6.967521178E-002       -3.752451597E-001
      108        4.719087438E-002        1.191694484E-001       -3.743512378E-001
      109       -2.841306162E-002        7.456184469E-002        3.752359977E-001
      110       -9.574455783E-003        2.410173655E-002        3.756986011E-001
      111        9.324318343E-003       -2.476513738E-002        3.756943571E-001
      112       -2.404039475E-003       -5.452337740E-002        3.169483715E-002
      113       -8.099103216E-004       -1.819341692E-002        3.173676363E-002
      114        7.918016714E-004        1.767206250E-002        3.173591159E-002
      115        3.353803019E-002        7.056727369E-002       -4.409127075E-001
      116        1.137346633E-002        2.401821228E-002       -4.415034496E-001
      117       -1.088691685E-002       -2.276616198E-002       -4.414984412E-001
      118       -2.792215319E-002       -3.599339297E-011        7.406679441E-011
      119       -9.271335799E-003       -1.235017820E-011        7.421150928E-011
      120        9.285778404E-003        1.150521026E-011        7.421320235E-011
      121       -2.358879950E-003        1.554422228E-011       -5.684494338E-012
      122       -7.816866996E-004        5.216848542E-012       -5.690969948E-012
      123        7.892191777E-004       -5.022256942E-012       -5.690990243E-012
      124        3.291041896E-002       -3.642661175E-011       -4.094739470E-011
      125        1.098469992E-002       -1.192811676E-011       -4.109021033E-011
      126       -1.084009023E-002        1.196832421E-011       -4.109272033E-011
      127       -2.841306161E-002       -7.456184477E-002       -3.752359976E-001
      128       -9.574455782E-003       -2.410173658E-002       -3.756986010E-001
      129        9.324318342E-003        2.476513741E-002       -3.756943570E-001
      130       -2.404039475E-003        5.452337744E-002       -3.169483716E-002
      131       -8.099103219E-004        1.819341693E-002       -3.173676364E-002
      132        7.918016716E-004       -1.767206251E-002       -3.173591160E-002
      133        3.353803019E-002       -7.056727377E-002        4.409127074E-001
      134        1.137346633E-002       -2.401821231E-002        4.415034495E-001
      135       -1.088691685E-002        2.276616201E-002        4.414984411E-001
      136        9.324318343E-003       -2.476513738E-002        3.756943571E-001
      137        2.834444641E-002       -6.967521169E-002        3.752451598E-001
      138        4.719087439E-002       -1.191694483E-001        3.743512380E-001
      139        7.918016714E-004        1.767206250E-002        3.173591159E-002
      140        2.410459538E-003        5.215174599E-002        3.169403403E-002
      141        4.007177056E-003        8.796530224E-002        3.161270900E-002
      142       -1.088691685E-002       -2.276616198E-002       -4.414984412E-001
      143       -3.335537532E-002       -6.945648902E-002       -4.409183067E-001
      144       -5.554715413E-002       -1.154618014E-001       -4.397721887E-001
      145        9.285778404E-003        1.150521026E-011        7.421320235E-011
      146        2.753769299E-002        3.557561983E-011        7.407267805E-011
      147        4.605854998E-002        5.903275618E-011        7.378934816E-011
      148        7.892191777E-004       -5.022256942E-012       -5.690990243E-012
      149        2.338749165E-003       -1.498065276E-011       -5.685062029E-012
      150        3.906240474E-003       -2.519240434E-011       -5.672556418E-012
      151       -1.084009023E-002        1.196832421E-011       -4.109272033E-011
      152       -3.232801848E-002        3.440523004E-011       -4.095247285E-011
      153       -5.410526008E-002        5.857445923E-011       -4.067197958E-011
      154        9.324318342E-003        2.476513741E-002       -3.756943570E-001
      155        2.834444640E-002        6.967521178E-002       -3.752451597E-001
      156        4.719087438E-002        1.191694484E-001       -3.743512378E-001
      157        7.918016716E-004       -1.767206251E-002       -3.173591160E-002
      158        2.410459538E-003       -5.215174602E-002       -3.169403405E-002
      159        4.007177057E-003       -8.796530230E-002       -3.161270902E-002
      160       -1.088691685E-002        2.276616201E-002        4.414984411E-001
      161       -3.335537532E-002        6.945648910E-002        4.409183066E-001
      162       -5.554715412E-002        1.154618015E-001        4.397721886E-001
      163        3.353803019E-002        7.056727369E-002       -4.409127075E-001
      164        1.137346633E-002        2.401821228E-002       -4.415034496E-001
      165       -1.088691685E-002       -2.276616198E-002       -4.414984412E-001
      166       -4.264341184E-002       -2.166580591E-002        5.582087586E-001
      167       -1.464789552E-002       -7.102966467E-003        5.588770860E-001
      168        1.340919142E-002        7.250557159E-003        5.588574262E-001
      169        7.587427909E-002       -3.361763391E-002       -9.993933304E-001
      170        2.600695012E-002       -1.196407942E-002       -1.000000000E+000
      171       -2.374520017E-002        1.061063139E-002       -9.999350946E-001
      172        3.291041896E-002       -3.642661175E-011       -4.094739470E-011
      173        1.098469992E-002       -1.192811676E-011       -4.109021033E-011
      174       -1.084009023E-002        1.196832421E-011       -4.109272033E-011
      175       -4.194180612E-002        1.630523230E-011        7.128734147E-011
      176       -1.421938391E-002        5.484506395E-012        7.133553944E-011
      177        1.334511049E-002       -5.251810238E-012        7.133277340E-011
      178        7.521668885E-002       -7.068287249E-011       -5.042534587E-010
      179        2.560447367E-002       -2.416385311E-011       -5.038277993E-010
      180       -2.370816911E-002        2.254954433E-011       -5.037949901E-010
      181        3.353803019E-002       -7.056727377E-002        4.409127074E-001
      182        1.137346633E-002       -2.401821231E-002        4.415034495E-001
      183       -1.088691685E-002        2.276616201E-002        4.414984411E-001
      184       -4.264341183E-002        2.166580595E-002       -5.582087584E-001
      185       -1.464789551E-002        7.102966480E-003       -5.588770859E-001
      186        1.340919142E-002       -7.250557172E-003       -5.588574260E-001
      187        7.587427912E-002        3.361763377E-002        9.993933296E-001
      188        2.600695013E-002        1.196407937E-002        9.999999992E-001
      189       -2.374520018E-002       -1.061063135E-002        9.999350938E-001
      190       -1.088691685E-002       -2.276616198E-002       -4.414984412E-001
      191       -3.335537532E-002       -6.945648902E-002       -4.409183067E-001
      192       -5.554715413E-002       -1.154618014E-001       -4.397721887E-001
      193        1.340919142E-002        7.250557159E-003        5.588574262E-001
      194        4.157021457E-002        2.099090016E-002        5.582026939E-001
      195        6.955224316E-002        3.533250475E-002        5.569164224E-001
      196       -2.374520017E-002        1.061063139E-002       -9.999350946E-001
      197       -7.311068987E-002        3.511033754E-002       -9.993579351E-001
      198       -1.228042575E-001        5.695289671E-002       -9.982454396E-001
      199       -1.084009023E-002        1.196832421E-011       -4.109272033E-011
      200       -3.232801848E-002        3.440523004E-011       -4.095247285E-011
      201       -5.410526008E-002        5.857445923E-011       -4.067197958E-011
      202        1.334511049E-002       -5.251810238E-012        7.133277340E-011
      203        4.040667052E-002       -1.571870645E-011        7.128561358E-011
      204        6.792066998E-002       -2.642780174E-011        7.119360822E-011
      205       -2.370816911E-002        2.254954433E-011       -5.037949901E-010
      206       -7.212904232E-002        6.951040486E-011       -5.042049228E-010
      207       -1.214084136E-001        1.159073949E-010       -5.050518254E-010
      208       -1.088691685E-002        2.276616201E-002        4.414984411E-001
      209       -3.335537532E-002        6.945648910E-002        4.409183066E-001
      210       -5.554715412E-002        1.154618015E-001        4.397721886E-001
      211        1.340919142E-002       -7.250557172E-003       -5.588574260E-001
      212        4.157021457E-002       -2.099090019E-002       -5.582026937E-001
      213        6.955224315E-002       -3.533250481E-002       -5.569164223E-001
      214       -2.374520018E-002       -1.061063135E-002        9.999350938E-001
      215       -7.311068990E-002       -3.511033740E-002        9.993579343E-001
      216       -1.228042575E-001       -5.695289648E-002        9.982454388E-001
$EndDataNodes
