           1           1  2.101367046533713E+019
           1           2  0.000000000000000E+000
           1           3  0.000000000000000E+000
           1           4  0.000000000000000E+000
           1           5  0.000000000000000E+000
           1           6  0.000000000000000E+000
           1          10  0.000000000000000E+000
           1          11  0.000000000000000E+000
           1          12  0.000000000000000E+000
           1          13  0.000000000000000E+000
           1          14  0.000000000000000E+000
           1          15  0.000000000000000E+000
           1          19  0.000000000000000E+000
           1          20  0.000000000000000E+000
           1          21  0.000000000000000E+000
           1          22  0.000000000000000E+000
           1          23  0.000000000000000E+000
           1          24  0.000000000000000E+000
           1          28  0.000000000000000E+000
           1          29  0.000000000000000E+000
           1          30  0.000000000000000E+000
           1          31  0.000000000000000E+000
           1          32  0.000000000000000E+000
           1          33  0.000000000000000E+000
           1          37  0.000000000000000E+000
           1          38  0.000000000000000E+000
           1          39  0.000000000000000E+000
           1          40  0.000000000000000E+000
           1          41  0.000000000000000E+000
           1          42  0.000000000000000E+000
           1          46  0.000000000000000E+000
           1          47  0.000000000000000E+000
           1          48  0.000000000000000E+000
           1          49  0.000000000000000E+000
           1          50  0.000000000000000E+000
           1          51  0.000000000000000E+000
           1          55  0.000000000000000E+000
           1          56  0.000000000000000E+000
           1          57  0.000000000000000E+000
           1          58  0.000000000000000E+000
           1          59  0.000000000000000E+000
           1          60  0.000000000000000E+000
           1          64  0.000000000000000E+000
           1          65  0.000000000000000E+000
           1          66  0.000000000000000E+000
           1          67  0.000000000000000E+000
           1          68  0.000000000000000E+000
           1          69  0.000000000000000E+000
           1          73  0.000000000000000E+000
           1          74  0.000000000000000E+000
           1          75  0.000000000000000E+000
           1          76  0.000000000000000E+000
           1          77  0.000000000000000E+000
           1          78  0.000000000000000E+000
           2           1  0.000000000000000E+000
           2           2  2.089720322886989E+019
           2           3  0.000000000000000E+000
           2           4  0.000000000000000E+000
           2           5  0.000000000000000E+000
           2           6  0.000000000000000E+000
           2          10  0.000000000000000E+000
           2          11  0.000000000000000E+000
           2          12  0.000000000000000E+000
           2          13  0.000000000000000E+000
           2          14  0.000000000000000E+000
           2          15  0.000000000000000E+000
           2          19  0.000000000000000E+000
           2          20  0.000000000000000E+000
           2          21  0.000000000000000E+000
           2          22  0.000000000000000E+000
           2          23  0.000000000000000E+000
           2          24  0.000000000000000E+000
           2          28  0.000000000000000E+000
           2          29  0.000000000000000E+000
           2          30  0.000000000000000E+000
           2          31  0.000000000000000E+000
           2          32  0.000000000000000E+000
           2          33  0.000000000000000E+000
           2          37  0.000000000000000E+000
           2          38  0.000000000000000E+000
           2          39  0.000000000000000E+000
           2          40  0.000000000000000E+000
           2          41  0.000000000000000E+000
           2          42  0.000000000000000E+000
           2          46  0.000000000000000E+000
           2          47  0.000000000000000E+000
           2          48  0.000000000000000E+000
           2          49  0.000000000000000E+000
           2          50  0.000000000000000E+000
           2          51  0.000000000000000E+000
           2          55  0.000000000000000E+000
           2          56  0.000000000000000E+000
           2          57  0.000000000000000E+000
           2          58  0.000000000000000E+000
           2          59  0.000000000000000E+000
           2          60  0.000000000000000E+000
           2          64  0.000000000000000E+000
           2          65  0.000000000000000E+000
           2          66  0.000000000000000E+000
           2          67  0.000000000000000E+000
           2          68  0.000000000000000E+000
           2          69  0.000000000000000E+000
           2          73  0.000000000000000E+000
           2          74  0.000000000000000E+000
           2          75  0.000000000000000E+000
           2          76  0.000000000000000E+000
           2          77  0.000000000000000E+000
           2          78  0.000000000000000E+000
           3           1  0.000000000000000E+000
           3           2  0.000000000000000E+000
           3           3  8.742321937321923E+019
           3           4  0.000000000000000E+000
           3           5  0.000000000000000E+000
           3           6  0.000000000000000E+000
           3          10  0.000000000000000E+000
           3          11  0.000000000000000E+000
           3          12  0.000000000000000E+000
           3          13  0.000000000000000E+000
           3          14  0.000000000000000E+000
           3          15  0.000000000000000E+000
           3          19  0.000000000000000E+000
           3          20  0.000000000000000E+000
           3          21  0.000000000000000E+000
           3          22  0.000000000000000E+000
           3          23  0.000000000000000E+000
           3          24  0.000000000000000E+000
           3          28  0.000000000000000E+000
           3          29  0.000000000000000E+000
           3          30  0.000000000000000E+000
           3          31  0.000000000000000E+000
           3          32  0.000000000000000E+000
           3          33  0.000000000000000E+000
           3          37  0.000000000000000E+000
           3          38  0.000000000000000E+000
           3          39  0.000000000000000E+000
           3          40  0.000000000000000E+000
           3          41  0.000000000000000E+000
           3          42  0.000000000000000E+000
           3          46  0.000000000000000E+000
           3          47  0.000000000000000E+000
           3          48  0.000000000000000E+000
           3          49  0.000000000000000E+000
           3          50  0.000000000000000E+000
           3          51  0.000000000000000E+000
           3          55  0.000000000000000E+000
           3          56  0.000000000000000E+000
           3          57  0.000000000000000E+000
           3          58  0.000000000000000E+000
           3          59  0.000000000000000E+000
           3          60  0.000000000000000E+000
           3          64  0.000000000000000E+000
           3          65  0.000000000000000E+000
           3          66  0.000000000000000E+000
           3          67  0.000000000000000E+000
           3          68  0.000000000000000E+000
           3          69  0.000000000000000E+000
           3          73  0.000000000000000E+000
           3          74  0.000000000000000E+000
           3          75  0.000000000000000E+000
           3          76  0.000000000000000E+000
           3          77  0.000000000000000E+000
           3          78  0.000000000000000E+000
           4           1  0.000000000000000E+000
           4           2  0.000000000000000E+000
           4           3  0.000000000000000E+000
           4           4  4.202734093067425E+019
           4           5  0.000000000000000E+000
           4           6  0.000000000000000E+000
           4           7  0.000000000000000E+000
           4           8  0.000000000000000E+000
           4           9  0.000000000000000E+000
           4          10  0.000000000000000E+000
           4          11  0.000000000000000E+000
           4          12  0.000000000000000E+000
           4          13  0.000000000000000E+000
           4          14  0.000000000000000E+000
           4          15  0.000000000000000E+000
           4          16  0.000000000000000E+000
           4          17  0.000000000000000E+000
           4          18  0.000000000000000E+000
           4          19  0.000000000000000E+000
           4          20  0.000000000000000E+000
           4          21  0.000000000000000E+000
           4          22  0.000000000000000E+000
           4          23  0.000000000000000E+000
           4          24  0.000000000000000E+000
           4          25  0.000000000000000E+000
           4          26  0.000000000000000E+000
           4          27  0.000000000000000E+000
           4          28  0.000000000000000E+000
           4          29  0.000000000000000E+000
           4          30  0.000000000000000E+000
           4          31  0.000000000000000E+000
           4          32  0.000000000000000E+000
           4          33  0.000000000000000E+000
           4          34  0.000000000000000E+000
           4          35  0.000000000000000E+000
           4          36  0.000000000000000E+000
           4          37  0.000000000000000E+000
           4          38  0.000000000000000E+000
           4          39  0.000000000000000E+000
           4          40  0.000000000000000E+000
           4          41  0.000000000000000E+000
           4          42  0.000000000000000E+000
           4          43  0.000000000000000E+000
           4          44  0.000000000000000E+000
           4          45  0.000000000000000E+000
           4          46  0.000000000000000E+000
           4          47  0.000000000000000E+000
           4          48  0.000000000000000E+000
           4          49  0.000000000000000E+000
           4          50  0.000000000000000E+000
           4          51  0.000000000000000E+000
           4          52  0.000000000000000E+000
           4          53  0.000000000000000E+000
           4          54  0.000000000000000E+000
           4          55  0.000000000000000E+000
           4          56  0.000000000000000E+000
           4          57  0.000000000000000E+000
           4          58  0.000000000000000E+000
           4          59  0.000000000000000E+000
           4          60  0.000000000000000E+000
           4          61  0.000000000000000E+000
           4          62  0.000000000000000E+000
           4          63  0.000000000000000E+000
           4          64  0.000000000000000E+000
           4          65  0.000000000000000E+000
           4          66  0.000000000000000E+000
           4          67  0.000000000000000E+000
           4          68  0.000000000000000E+000
           4          69  0.000000000000000E+000
           4          70  0.000000000000000E+000
           4          71  0.000000000000000E+000
           4          72  0.000000000000000E+000
           4          73  0.000000000000000E+000
           4          74  0.000000000000000E+000
           4          75  0.000000000000000E+000
           4          76  0.000000000000000E+000
           4          77  0.000000000000000E+000
           4          78  0.000000000000000E+000
           4          79  0.000000000000000E+000
           4          80  0.000000000000000E+000
           4          81  0.000000000000000E+000
           5           1  0.000000000000000E+000
           5           2  0.000000000000000E+000
           5           3  0.000000000000000E+000
           5           4  0.000000000000000E+000
           5           5  4.179440645773979E+019
           5           6  0.000000000000000E+000
           5           7  0.000000000000000E+000
           5           8  0.000000000000000E+000
           5           9  0.000000000000000E+000
           5          10  0.000000000000000E+000
           5          11  0.000000000000000E+000
           5          12  0.000000000000000E+000
           5          13  0.000000000000000E+000
           5          14  0.000000000000000E+000
           5          15  0.000000000000000E+000
           5          16  0.000000000000000E+000
           5          17  0.000000000000000E+000
           5          18  0.000000000000000E+000
           5          19  0.000000000000000E+000
           5          20  0.000000000000000E+000
           5          21  0.000000000000000E+000
           5          22  0.000000000000000E+000
           5          23  0.000000000000000E+000
           5          24  0.000000000000000E+000
           5          25  0.000000000000000E+000
           5          26  0.000000000000000E+000
           5          27  0.000000000000000E+000
           5          28  0.000000000000000E+000
           5          29  0.000000000000000E+000
           5          30  0.000000000000000E+000
           5          31  0.000000000000000E+000
           5          32  0.000000000000000E+000
           5          33  0.000000000000000E+000
           5          34  0.000000000000000E+000
           5          35  0.000000000000000E+000
           5          36  0.000000000000000E+000
           5          37  0.000000000000000E+000
           5          38  0.000000000000000E+000
           5          39  0.000000000000000E+000
           5          40  0.000000000000000E+000
           5          41  0.000000000000000E+000
           5          42  0.000000000000000E+000
           5          43  0.000000000000000E+000
           5          44  0.000000000000000E+000
           5          45  0.000000000000000E+000
           5          46  0.000000000000000E+000
           5          47  0.000000000000000E+000
           5          48  0.000000000000000E+000
           5          49  0.000000000000000E+000
           5          50  0.000000000000000E+000
           5          51  0.000000000000000E+000
           5          52  0.000000000000000E+000
           5          53  0.000000000000000E+000
           5          54  0.000000000000000E+000
           5          55  0.000000000000000E+000
           5          56  0.000000000000000E+000
           5          57  0.000000000000000E+000
           5          58  0.000000000000000E+000
           5          59  0.000000000000000E+000
           5          60  0.000000000000000E+000
           5          61  0.000000000000000E+000
           5          62  0.000000000000000E+000
           5          63  0.000000000000000E+000
           5          64  0.000000000000000E+000
           5          65  0.000000000000000E+000
           5          66  0.000000000000000E+000
           5          67  0.000000000000000E+000
           5          68  0.000000000000000E+000
           5          69  0.000000000000000E+000
           5          70  0.000000000000000E+000
           5          71  0.000000000000000E+000
           5          72  0.000000000000000E+000
           5          73  0.000000000000000E+000
           5          74  0.000000000000000E+000
           5          75  0.000000000000000E+000
           5          76  0.000000000000000E+000
           5          77  0.000000000000000E+000
           5          78  0.000000000000000E+000
           5          79  0.000000000000000E+000
           5          80  0.000000000000000E+000
           5          81  0.000000000000000E+000
           6           1  0.000000000000000E+000
           6           2  0.000000000000000E+000
           6           3  0.000000000000000E+000
           6           4  0.000000000000000E+000
           6           5  0.000000000000000E+000
           6           6  1.748464387464385E+020
           6           7  0.000000000000000E+000
           6           8  0.000000000000000E+000
           6           9  0.000000000000000E+000
           6          10  0.000000000000000E+000
           6          11  0.000000000000000E+000
           6          12  0.000000000000000E+000
           6          13  0.000000000000000E+000
           6          14  0.000000000000000E+000
           6          15  0.000000000000000E+000
           6          16  0.000000000000000E+000
           6          17  0.000000000000000E+000
           6          18  0.000000000000000E+000
           6          19  0.000000000000000E+000
           6          20  0.000000000000000E+000
           6          21  0.000000000000000E+000
           6          22  0.000000000000000E+000
           6          23  0.000000000000000E+000
           6          24  0.000000000000000E+000
           6          25  0.000000000000000E+000
           6          26  0.000000000000000E+000
           6          27  0.000000000000000E+000
           6          28  0.000000000000000E+000
           6          29  0.000000000000000E+000
           6          30  0.000000000000000E+000
           6          31  0.000000000000000E+000
           6          32  0.000000000000000E+000
           6          33  0.000000000000000E+000
           6          34  0.000000000000000E+000
           6          35  0.000000000000000E+000
           6          36  0.000000000000000E+000
           6          37  0.000000000000000E+000
           6          38  0.000000000000000E+000
           6          39  0.000000000000000E+000
           6          40  0.000000000000000E+000
           6          41  0.000000000000000E+000
           6          42  0.000000000000000E+000
           6          43  0.000000000000000E+000
           6          44  0.000000000000000E+000
           6          45  0.000000000000000E+000
           6          46  0.000000000000000E+000
           6          47  0.000000000000000E+000
           6          48  0.000000000000000E+000
           6          49  0.000000000000000E+000
           6          50  0.000000000000000E+000
           6          51  0.000000000000000E+000
           6          52  0.000000000000000E+000
           6          53  0.000000000000000E+000
           6          54  0.000000000000000E+000
           6          55  0.000000000000000E+000
           6          56  0.000000000000000E+000
           6          57  0.000000000000000E+000
           6          58  0.000000000000000E+000
           6          59  0.000000000000000E+000
           6          60  0.000000000000000E+000
           6          61  0.000000000000000E+000
           6          62  0.000000000000000E+000
           6          63  0.000000000000000E+000
           6          64  0.000000000000000E+000
           6          65  0.000000000000000E+000
           6          66  0.000000000000000E+000
           6          67  0.000000000000000E+000
           6          68  0.000000000000000E+000
           6          69  0.000000000000000E+000
           6          70  0.000000000000000E+000
           6          71  0.000000000000000E+000
           6          72  0.000000000000000E+000
           6          73  0.000000000000000E+000
           6          74  0.000000000000000E+000
           6          75  0.000000000000000E+000
           6          76  0.000000000000000E+000
           6          77  0.000000000000000E+000
           6          78  0.000000000000000E+000
           6          79  0.000000000000000E+000
           6          80  0.000000000000000E+000
           6          81  0.000000000000000E+000
           7           4  0.000000000000000E+000
           7           5  0.000000000000000E+000
           7           6  0.000000000000000E+000
           7           7  2.101367046533713E+019
           7           8  0.000000000000000E+000
           7           9  0.000000000000000E+000
           7          13  0.000000000000000E+000
           7          14  0.000000000000000E+000
           7          15  0.000000000000000E+000
           7          16  0.000000000000000E+000
           7          17  0.000000000000000E+000
           7          18  0.000000000000000E+000
           7          22  0.000000000000000E+000
           7          23  0.000000000000000E+000
           7          24  0.000000000000000E+000
           7          25  0.000000000000000E+000
           7          26  0.000000000000000E+000
           7          27  0.000000000000000E+000
           7          31  0.000000000000000E+000
           7          32  0.000000000000000E+000
           7          33  0.000000000000000E+000
           7          34  0.000000000000000E+000
           7          35  0.000000000000000E+000
           7          36  0.000000000000000E+000
           7          40  0.000000000000000E+000
           7          41  0.000000000000000E+000
           7          42  0.000000000000000E+000
           7          43  0.000000000000000E+000
           7          44  0.000000000000000E+000
           7          45  0.000000000000000E+000
           7          49  0.000000000000000E+000
           7          50  0.000000000000000E+000
           7          51  0.000000000000000E+000
           7          52  0.000000000000000E+000
           7          53  0.000000000000000E+000
           7          54  0.000000000000000E+000
           7          58  0.000000000000000E+000
           7          59  0.000000000000000E+000
           7          60  0.000000000000000E+000
           7          61  0.000000000000000E+000
           7          62  0.000000000000000E+000
           7          63  0.000000000000000E+000
           7          67  0.000000000000000E+000
           7          68  0.000000000000000E+000
           7          69  0.000000000000000E+000
           7          70  0.000000000000000E+000
           7          71  0.000000000000000E+000
           7          72  0.000000000000000E+000
           7          76  0.000000000000000E+000
           7          77  0.000000000000000E+000
           7          78  0.000000000000000E+000
           7          79  0.000000000000000E+000
           7          80  0.000000000000000E+000
           7          81  0.000000000000000E+000
           8           4  0.000000000000000E+000
           8           5  0.000000000000000E+000
           8           6  0.000000000000000E+000
           8           7  0.000000000000000E+000
           8           8  2.089720322886989E+019
           8           9  0.000000000000000E+000
           8          13  0.000000000000000E+000
           8          14  0.000000000000000E+000
           8          15  0.000000000000000E+000
           8          16  0.000000000000000E+000
           8          17  0.000000000000000E+000
           8          18  0.000000000000000E+000
           8          22  0.000000000000000E+000
           8          23  0.000000000000000E+000
           8          24  0.000000000000000E+000
           8          25  0.000000000000000E+000
           8          26  0.000000000000000E+000
           8          27  0.000000000000000E+000
           8          31  0.000000000000000E+000
           8          32  0.000000000000000E+000
           8          33  0.000000000000000E+000
           8          34  0.000000000000000E+000
           8          35  0.000000000000000E+000
           8          36  0.000000000000000E+000
           8          40  0.000000000000000E+000
           8          41  0.000000000000000E+000
           8          42  0.000000000000000E+000
           8          43  0.000000000000000E+000
           8          44  0.000000000000000E+000
           8          45  0.000000000000000E+000
           8          49  0.000000000000000E+000
           8          50  0.000000000000000E+000
           8          51  0.000000000000000E+000
           8          52  0.000000000000000E+000
           8          53  0.000000000000000E+000
           8          54  0.000000000000000E+000
           8          58  0.000000000000000E+000
           8          59  0.000000000000000E+000
           8          60  0.000000000000000E+000
           8          61  0.000000000000000E+000
           8          62  0.000000000000000E+000
           8          63  0.000000000000000E+000
           8          67  0.000000000000000E+000
           8          68  0.000000000000000E+000
           8          69  0.000000000000000E+000
           8          70  0.000000000000000E+000
           8          71  0.000000000000000E+000
           8          72  0.000000000000000E+000
           8          76  0.000000000000000E+000
           8          77  0.000000000000000E+000
           8          78  0.000000000000000E+000
           8          79  0.000000000000000E+000
           8          80  0.000000000000000E+000
           8          81  0.000000000000000E+000
           9           4  0.000000000000000E+000
           9           5  0.000000000000000E+000
           9           6  0.000000000000000E+000
           9           7  0.000000000000000E+000
           9           8  0.000000000000000E+000
           9           9  8.742321937321923E+019
           9          13  0.000000000000000E+000
           9          14  0.000000000000000E+000
           9          15  0.000000000000000E+000
           9          16  0.000000000000000E+000
           9          17  0.000000000000000E+000
           9          18  0.000000000000000E+000
           9          22  0.000000000000000E+000
           9          23  0.000000000000000E+000
           9          24  0.000000000000000E+000
           9          25  0.000000000000000E+000
           9          26  0.000000000000000E+000
           9          27  0.000000000000000E+000
           9          31  0.000000000000000E+000
           9          32  0.000000000000000E+000
           9          33  0.000000000000000E+000
           9          34  0.000000000000000E+000
           9          35  0.000000000000000E+000
           9          36  0.000000000000000E+000
           9          40  0.000000000000000E+000
           9          41  0.000000000000000E+000
           9          42  0.000000000000000E+000
           9          43  0.000000000000000E+000
           9          44  0.000000000000000E+000
           9          45  0.000000000000000E+000
           9          49  0.000000000000000E+000
           9          50  0.000000000000000E+000
           9          51  0.000000000000000E+000
           9          52  0.000000000000000E+000
           9          53  0.000000000000000E+000
           9          54  0.000000000000000E+000
           9          58  0.000000000000000E+000
           9          59  0.000000000000000E+000
           9          60  0.000000000000000E+000
           9          61  0.000000000000000E+000
           9          62  0.000000000000000E+000
           9          63  0.000000000000000E+000
           9          67  0.000000000000000E+000
           9          68  0.000000000000000E+000
           9          69  0.000000000000000E+000
           9          70  0.000000000000000E+000
           9          71  0.000000000000000E+000
           9          72  0.000000000000000E+000
           9          76  0.000000000000000E+000
           9          77  0.000000000000000E+000
           9          78  0.000000000000000E+000
           9          79  0.000000000000000E+000
           9          80  0.000000000000000E+000
           9          81  0.000000000000000E+000
          10           1  0.000000000000000E+000
          10           2  0.000000000000000E+000
          10           3  0.000000000000000E+000
          10           4  0.000000000000000E+000
          10           5  0.000000000000000E+000
          10           6  0.000000000000000E+000
          10          10  8.370528015194681E+019
          10          11  0.000000000000000E+000
          10          12  0.000000000000000E+000
          10          13  0.000000000000000E+000
          10          14  0.000000000000000E+000
          10          19  0.000000000000000E+000
          10          20  0.000000000000000E+000
          10          21  0.000000000000000E+000
          10          22  0.000000000000000E+000
          10          23  0.000000000000000E+000
          10          24  0.000000000000000E+000
          10          28  0.000000000000000E+000
          10          29  0.000000000000000E+000
          10          30  0.000000000000000E+000
          10          31  0.000000000000000E+000
          10          32  0.000000000000000E+000
          10          33  0.000000000000000E+000
          10          37  0.000000000000000E+000
          10          38  0.000000000000000E+000
          10          39  0.000000000000000E+000
          10          40  0.000000000000000E+000
          10          41  0.000000000000000E+000
          10          42  0.000000000000000E+000
          10          46  0.000000000000000E+000
          10          47  0.000000000000000E+000
          10          48  0.000000000000000E+000
          10          49  0.000000000000000E+000
          10          50  0.000000000000000E+000
          10          55  0.000000000000000E+000
          10          56  0.000000000000000E+000
          10          57  0.000000000000000E+000
          10          58  0.000000000000000E+000
          10          59  0.000000000000000E+000
          10          60  0.000000000000000E+000
          10          64  0.000000000000000E+000
          10          65  0.000000000000000E+000
          10          66  0.000000000000000E+000
          10          67  0.000000000000000E+000
          10          68  0.000000000000000E+000
          10          69  0.000000000000000E+000
          10          73  0.000000000000000E+000
          10          74  0.000000000000000E+000
          10          75  0.000000000000000E+000
          10          76  0.000000000000000E+000
          10          77  0.000000000000000E+000
          10          78  0.000000000000000E+000
          11           1  0.000000000000000E+000
          11           2  0.000000000000000E+000
          11           3  0.000000000000000E+000
          11           4  0.000000000000000E+000
          11           5  0.000000000000000E+000
          11           6  0.000000000000000E+000
          11          10  0.000000000000000E+000
          11          11  8.350562203228874E+019
          11          12  0.000000000000000E+000
          11          13  0.000000000000000E+000
          11          14  0.000000000000000E+000
          11          15  0.000000000000000E+000
          11          19  0.000000000000000E+000
          11          20  0.000000000000000E+000
          11          21  0.000000000000000E+000
          11          22  0.000000000000000E+000
          11          23  0.000000000000000E+000
          11          24  0.000000000000000E+000
          11          28  0.000000000000000E+000
          11          29  0.000000000000000E+000
          11          30  0.000000000000000E+000
          11          31  0.000000000000000E+000
          11          32  0.000000000000000E+000
          11          33  0.000000000000000E+000
          11          37  0.000000000000000E+000
          11          38  0.000000000000000E+000
          11          39  0.000000000000000E+000
          11          40  0.000000000000000E+000
          11          41  0.000000000000000E+000
          11          42  0.000000000000000E+000
          11          46  0.000000000000000E+000
          11          47  0.000000000000000E+000
          11          48  0.000000000000000E+000
          11          49  0.000000000000000E+000
          11          50  0.000000000000000E+000
          11          51  0.000000000000000E+000
          11          55  0.000000000000000E+000
          11          56  0.000000000000000E+000
          11          57  0.000000000000000E+000
          11          58  0.000000000000000E+000
          11          59  0.000000000000000E+000
          11          60  0.000000000000000E+000
          11          64  0.000000000000000E+000
          11          65  0.000000000000000E+000
          11          66  0.000000000000000E+000
          11          67  0.000000000000000E+000
          11          68  0.000000000000000E+000
          11          69  0.000000000000000E+000
          11          73  0.000000000000000E+000
          11          74  0.000000000000000E+000
          11          75  0.000000000000000E+000
          11          76  0.000000000000000E+000
          11          77  0.000000000000000E+000
          11          78  0.000000000000000E+000
          12           1  0.000000000000000E+000
          12           2  0.000000000000000E+000
          12           3  0.000000000000000E+000
          12           4  0.000000000000000E+000
          12           5  0.000000000000000E+000
          12           6  0.000000000000000E+000
          12          10  0.000000000000000E+000
          12          11  0.000000000000000E+000
          12          12  3.495930484330484E+020
          12          13  0.000000000000000E+000
          12          14  0.000000000000000E+000
          12          15  0.000000000000000E+000
          12          19  0.000000000000000E+000
          12          20  0.000000000000000E+000
          12          21  0.000000000000000E+000
          12          22  0.000000000000000E+000
          12          23  0.000000000000000E+000
          12          24  0.000000000000000E+000
          12          28  0.000000000000000E+000
          12          29  0.000000000000000E+000
          12          30  0.000000000000000E+000
          12          31  0.000000000000000E+000
          12          32  0.000000000000000E+000
          12          33  0.000000000000000E+000
          12          37  0.000000000000000E+000
          12          38  0.000000000000000E+000
          12          39  0.000000000000000E+000
          12          40  0.000000000000000E+000
          12          41  0.000000000000000E+000
          12          42  0.000000000000000E+000
          12          46  0.000000000000000E+000
          12          47  0.000000000000000E+000
          12          48  0.000000000000000E+000
          12          49  0.000000000000000E+000
          12          50  0.000000000000000E+000
          12          51  0.000000000000000E+000
          12          55  0.000000000000000E+000
          12          56  0.000000000000000E+000
          12          57  0.000000000000000E+000
          12          58  0.000000000000000E+000
          12          59  0.000000000000000E+000
          12          60  0.000000000000000E+000
          12          64  0.000000000000000E+000
          12          65  0.000000000000000E+000
          12          66  0.000000000000000E+000
          12          67  0.000000000000000E+000
          12          68  0.000000000000000E+000
          12          69  0.000000000000000E+000
          12          73  0.000000000000000E+000
          12          74  0.000000000000000E+000
          12          75  0.000000000000000E+000
          12          76  0.000000000000000E+000
          12          77  0.000000000000000E+000
          12          78  0.000000000000000E+000
          13           1  0.000000000000000E+000
          13           2  0.000000000000000E+000
          13           3  0.000000000000000E+000
          13           4  0.000000000000000E+000
          13           5  0.000000000000000E+000
          13           6  0.000000000000000E+000
          13           7  0.000000000000000E+000
          13           8  0.000000000000000E+000
          13           9  0.000000000000000E+000
          13          10  0.000000000000000E+000
          13          11  0.000000000000000E+000
          13          13  1.674105603038936E+020
          13          14  0.000000000000000E+000
          13          15  0.000000000000000E+000
          13          16  0.000000000000000E+000
          13          17  0.000000000000000E+000
          13          19  0.000000000000000E+000
          13          20  0.000000000000000E+000
          13          21  0.000000000000000E+000
          13          22  0.000000000000000E+000
          13          23  0.000000000000000E+000
          13          24  0.000000000000000E+000
          13          25  0.000000000000000E+000
          13          26  0.000000000000000E+000
          13          27  0.000000000000000E+000
          13          28  0.000000000000000E+000
          13          29  0.000000000000000E+000
          13          30  0.000000000000000E+000
          13          31  0.000000000000000E+000
          13          32  0.000000000000000E+000
          13          33  0.000000000000000E+000
          13          34  0.000000000000000E+000
          13          35  0.000000000000000E+000
          13          36  0.000000000000000E+000
          13          37  0.000000000000000E+000
          13          38  0.000000000000000E+000
          13          39  0.000000000000000E+000
          13          40  0.000000000000000E+000
          13          41  0.000000000000000E+000
          13          42  0.000000000000000E+000
          13          43  0.000000000000000E+000
          13          44  0.000000000000000E+000
          13          45  0.000000000000000E+000
          13          46  0.000000000000000E+000
          13          47  0.000000000000000E+000
          13          49  0.000000000000000E+000
          13          50  0.000000000000000E+000
          13          51  0.000000000000000E+000
          13          52  0.000000000000000E+000
          13          53  0.000000000000000E+000
          13          55  0.000000000000000E+000
          13          56  0.000000000000000E+000
          13          57  0.000000000000000E+000
          13          58  0.000000000000000E+000
          13          59  0.000000000000000E+000
          13          60  0.000000000000000E+000
          13          61  0.000000000000000E+000
          13          62  0.000000000000000E+000
          13          63  0.000000000000000E+000
          13          64  0.000000000000000E+000
          13          65  0.000000000000000E+000
          13          66  0.000000000000000E+000
          13          67  0.000000000000000E+000
          13          68  0.000000000000000E+000
          13          69  0.000000000000000E+000
          13          70  0.000000000000000E+000
          13          71  0.000000000000000E+000
          13          72  0.000000000000000E+000
          13          73  0.000000000000000E+000
          13          74  0.000000000000000E+000
          13          75  0.000000000000000E+000
          13          76  0.000000000000000E+000
          13          77  0.000000000000000E+000
          13          78  0.000000000000000E+000
          13          79  0.000000000000000E+000
          13          80  0.000000000000000E+000
          13          81  0.000000000000000E+000
          14           1  0.000000000000000E+000
          14           2  0.000000000000000E+000
          14           3  0.000000000000000E+000
          14           4  0.000000000000000E+000
          14           5  0.000000000000000E+000
          14           6  0.000000000000000E+000
          14           7  0.000000000000000E+000
          14           8  0.000000000000000E+000
          14           9  0.000000000000000E+000
          14          10  0.000000000000000E+000
          14          11  0.000000000000000E+000
          14          12  0.000000000000000E+000
          14          13  0.000000000000000E+000
          14          14  1.670112440645775E+020
          14          15  0.000000000000000E+000
          14          16  0.000000000000000E+000
          14          17  0.000000000000000E+000
          14          18  0.000000000000000E+000
          14          19  0.000000000000000E+000
          14          20  0.000000000000000E+000
          14          21  0.000000000000000E+000
          14          22  0.000000000000000E+000
          14          23  0.000000000000000E+000
          14          24  0.000000000000000E+000
          14          25  0.000000000000000E+000
          14          26  0.000000000000000E+000
          14          27  0.000000000000000E+000
          14          28  0.000000000000000E+000
          14          29  0.000000000000000E+000
          14          30  0.000000000000000E+000
          14          31  0.000000000000000E+000
          14          32  0.000000000000000E+000
          14          33  0.000000000000000E+000
          14          34  0.000000000000000E+000
          14          35  0.000000000000000E+000
          14          36  0.000000000000000E+000
          14          37  0.000000000000000E+000
          14          38  0.000000000000000E+000
          14          39  0.000000000000000E+000
          14          40  0.000000000000000E+000
          14          41  0.000000000000000E+000
          14          42  0.000000000000000E+000
          14          43  0.000000000000000E+000
          14          44  0.000000000000000E+000
          14          45  0.000000000000000E+000
          14          46  0.000000000000000E+000
          14          47  0.000000000000000E+000
          14          48  0.000000000000000E+000
          14          49  0.000000000000000E+000
          14          50  0.000000000000000E+000
          14          51  0.000000000000000E+000
          14          52  0.000000000000000E+000
          14          53  0.000000000000000E+000
          14          54  0.000000000000000E+000
          14          55  0.000000000000000E+000
          14          56  0.000000000000000E+000
          14          57  0.000000000000000E+000
          14          58  0.000000000000000E+000
          14          59  0.000000000000000E+000
          14          60  0.000000000000000E+000
          14          61  0.000000000000000E+000
          14          62  0.000000000000000E+000
          14          63  0.000000000000000E+000
          14          64  0.000000000000000E+000
          14          65  0.000000000000000E+000
          14          66  0.000000000000000E+000
          14          67  0.000000000000000E+000
          14          68  0.000000000000000E+000
          14          69  0.000000000000000E+000
          14          70  0.000000000000000E+000
          14          71  0.000000000000000E+000
          14          72  0.000000000000000E+000
          14          73  0.000000000000000E+000
          14          74  0.000000000000000E+000
          14          75  0.000000000000000E+000
          14          76  0.000000000000000E+000
          14          77  0.000000000000000E+000
          14          78  0.000000000000000E+000
          14          79  0.000000000000000E+000
          14          80  0.000000000000000E+000
          14          81  0.000000000000000E+000
          15           1  0.000000000000000E+000
          15           2  0.000000000000000E+000
          15           3  0.000000000000000E+000
          15           4  0.000000000000000E+000
          15           5  0.000000000000000E+000
          15           6  0.000000000000000E+000
          15           7  0.000000000000000E+000
          15           8  0.000000000000000E+000
          15           9  0.000000000000000E+000
          15          10  0.000000000000000E+000
          15          11  0.000000000000000E+000
          15          12  0.000000000000000E+000
          15          13  0.000000000000000E+000
          15          14  0.000000000000000E+000
          15          15  6.991860968660967E+020
          15          16  0.000000000000000E+000
          15          17  0.000000000000000E+000
          15          18  0.000000000000000E+000
          15          19  0.000000000000000E+000
          15          20  0.000000000000000E+000
          15          21  0.000000000000000E+000
          15          22  0.000000000000000E+000
          15          23  0.000000000000000E+000
          15          24  0.000000000000000E+000
          15          25  0.000000000000000E+000
          15          26  0.000000000000000E+000
          15          27  0.000000000000000E+000
          15          28  0.000000000000000E+000
          15          29  0.000000000000000E+000
          15          30  0.000000000000000E+000
          15          31  0.000000000000000E+000
          15          32  0.000000000000000E+000
          15          33  0.000000000000000E+000
          15          34  0.000000000000000E+000
          15          35  0.000000000000000E+000
          15          36  0.000000000000000E+000
          15          37  0.000000000000000E+000
          15          38  0.000000000000000E+000
          15          39  0.000000000000000E+000
          15          40  0.000000000000000E+000
          15          41  0.000000000000000E+000
          15          42  0.000000000000000E+000
          15          43  0.000000000000000E+000
          15          44  0.000000000000000E+000
          15          45  0.000000000000000E+000
          15          46  0.000000000000000E+000
          15          47  0.000000000000000E+000
          15          48  0.000000000000000E+000
          15          49  0.000000000000000E+000
          15          50  0.000000000000000E+000
          15          51  0.000000000000000E+000
          15          52  0.000000000000000E+000
          15          53  0.000000000000000E+000
          15          54  0.000000000000000E+000
          15          55  0.000000000000000E+000
          15          56  0.000000000000000E+000
          15          57  0.000000000000000E+000
          15          58  0.000000000000000E+000
          15          59  0.000000000000000E+000
          15          60  0.000000000000000E+000
          15          61  0.000000000000000E+000
          15          62  0.000000000000000E+000
          15          63  0.000000000000000E+000
          15          64  0.000000000000000E+000
          15          65  0.000000000000000E+000
          15          66  0.000000000000000E+000
          15          67  0.000000000000000E+000
          15          68  0.000000000000000E+000
          15          69  0.000000000000000E+000
          15          70  0.000000000000000E+000
          15          71  0.000000000000000E+000
          15          72  0.000000000000000E+000
          15          73  0.000000000000000E+000
          15          74  0.000000000000000E+000
          15          75  0.000000000000000E+000
          15          76  0.000000000000000E+000
          15          77  0.000000000000000E+000
          15          78  0.000000000000000E+000
          15          79  0.000000000000000E+000
          15          80  0.000000000000000E+000
          15          81  0.000000000000000E+000
          16           4  0.000000000000000E+000
          16           5  0.000000000000000E+000
          16           6  0.000000000000000E+000
          16           7  0.000000000000000E+000
          16           8  0.000000000000000E+000
          16           9  0.000000000000000E+000
          16          13  0.000000000000000E+000
          16          14  0.000000000000000E+000
          16          16  8.370528015194681E+019
          16          17  0.000000000000000E+000
          16          18  0.000000000000000E+000
          16          22  0.000000000000000E+000
          16          23  0.000000000000000E+000
          16          24  0.000000000000000E+000
          16          25  0.000000000000000E+000
          16          26  0.000000000000000E+000
          16          27  0.000000000000000E+000
          16          31  0.000000000000000E+000
          16          32  0.000000000000000E+000
          16          33  0.000000000000000E+000
          16          34  0.000000000000000E+000
          16          35  0.000000000000000E+000
          16          36  0.000000000000000E+000
          16          40  0.000000000000000E+000
          16          41  0.000000000000000E+000
          16          42  0.000000000000000E+000
          16          43  0.000000000000000E+000
          16          44  0.000000000000000E+000
          16          45  0.000000000000000E+000
          16          49  0.000000000000000E+000
          16          50  0.000000000000000E+000
          16          52  0.000000000000000E+000
          16          53  0.000000000000000E+000
          16          54  0.000000000000000E+000
          16          58  0.000000000000000E+000
          16          59  0.000000000000000E+000
          16          60  0.000000000000000E+000
          16          61  0.000000000000000E+000
          16          62  0.000000000000000E+000
          16          63  0.000000000000000E+000
          16          67  0.000000000000000E+000
          16          68  0.000000000000000E+000
          16          69  0.000000000000000E+000
          16          70  0.000000000000000E+000
          16          71  0.000000000000000E+000
          16          72  0.000000000000000E+000
          16          76  0.000000000000000E+000
          16          77  0.000000000000000E+000
          16          78  0.000000000000000E+000
          16          79  0.000000000000000E+000
          16          80  0.000000000000000E+000
          16          81  0.000000000000000E+000
          17           4  0.000000000000000E+000
          17           5  0.000000000000000E+000
          17           6  0.000000000000000E+000
          17           7  0.000000000000000E+000
          17           8  0.000000000000000E+000
          17           9  0.000000000000000E+000
          17          13  0.000000000000000E+000
          17          14  0.000000000000000E+000
          17          15  0.000000000000000E+000
          17          16  0.000000000000000E+000
          17          17  8.350562203228874E+019
          17          18  0.000000000000000E+000
          17          22  0.000000000000000E+000
          17          23  0.000000000000000E+000
          17          24  0.000000000000000E+000
          17          25  0.000000000000000E+000
          17          26  0.000000000000000E+000
          17          27  0.000000000000000E+000
          17          31  0.000000000000000E+000
          17          32  0.000000000000000E+000
          17          33  0.000000000000000E+000
          17          34  0.000000000000000E+000
          17          35  0.000000000000000E+000
          17          36  0.000000000000000E+000
          17          40  0.000000000000000E+000
          17          41  0.000000000000000E+000
          17          42  0.000000000000000E+000
          17          43  0.000000000000000E+000
          17          44  0.000000000000000E+000
          17          45  0.000000000000000E+000
          17          49  0.000000000000000E+000
          17          50  0.000000000000000E+000
          17          51  0.000000000000000E+000
          17          52  0.000000000000000E+000
          17          53  0.000000000000000E+000
          17          54  0.000000000000000E+000
          17          58  0.000000000000000E+000
          17          59  0.000000000000000E+000
          17          60  0.000000000000000E+000
          17          61  0.000000000000000E+000
          17          62  0.000000000000000E+000
          17          63  0.000000000000000E+000
          17          67  0.000000000000000E+000
          17          68  0.000000000000000E+000
          17          69  0.000000000000000E+000
          17          70  0.000000000000000E+000
          17          71  0.000000000000000E+000
          17          72  0.000000000000000E+000
          17          76  0.000000000000000E+000
          17          77  0.000000000000000E+000
          17          78  0.000000000000000E+000
          17          79  0.000000000000000E+000
          17          80  0.000000000000000E+000
          17          81  0.000000000000000E+000
          18           4  0.000000000000000E+000
          18           5  0.000000000000000E+000
          18           6  0.000000000000000E+000
          18           7  0.000000000000000E+000
          18           8  0.000000000000000E+000
          18           9  0.000000000000000E+000
          18          13  0.000000000000000E+000
          18          14  0.000000000000000E+000
          18          15  0.000000000000000E+000
          18          16  0.000000000000000E+000
          18          17  0.000000000000000E+000
          18          18  3.495930484330484E+020
          18          22  0.000000000000000E+000
          18          23  0.000000000000000E+000
          18          24  0.000000000000000E+000
          18          25  0.000000000000000E+000
          18          26  0.000000000000000E+000
          18          27  0.000000000000000E+000
          18          31  0.000000000000000E+000
          18          32  0.000000000000000E+000
          18          33  0.000000000000000E+000
          18          34  0.000000000000000E+000
          18          35  0.000000000000000E+000
          18          36  0.000000000000000E+000
          18          40  0.000000000000000E+000
          18          41  0.000000000000000E+000
          18          42  0.000000000000000E+000
          18          43  0.000000000000000E+000
          18          44  0.000000000000000E+000
          18          45  0.000000000000000E+000
          18          49  0.000000000000000E+000
          18          50  0.000000000000000E+000
          18          51  0.000000000000000E+000
          18          52  0.000000000000000E+000
          18          53  0.000000000000000E+000
          18          54  0.000000000000000E+000
          18          58  0.000000000000000E+000
          18          59  0.000000000000000E+000
          18          60  0.000000000000000E+000
          18          61  0.000000000000000E+000
          18          62  0.000000000000000E+000
          18          63  0.000000000000000E+000
          18          67  0.000000000000000E+000
          18          68  0.000000000000000E+000
          18          69  0.000000000000000E+000
          18          70  0.000000000000000E+000
          18          71  0.000000000000000E+000
          18          72  0.000000000000000E+000
          18          76  0.000000000000000E+000
          18          77  0.000000000000000E+000
          18          78  0.000000000000000E+000
          18          79  0.000000000000000E+000
          18          80  0.000000000000000E+000
          18          81  0.000000000000000E+000
          19           1  0.000000000000000E+000
          19           2  0.000000000000000E+000
          19           3  0.000000000000000E+000
          19           4  0.000000000000000E+000
          19           5  0.000000000000000E+000
          19           6  0.000000000000000E+000
          19          10  0.000000000000000E+000
          19          11  0.000000000000000E+000
          19          12  0.000000000000000E+000
          19          13  0.000000000000000E+000
          19          14  0.000000000000000E+000
          19          15  0.000000000000000E+000
          19          19  2.101367046533714E+019
          19          20  0.000000000000000E+000
          19          21  0.000000000000000E+000
          19          22  0.000000000000000E+000
          19          23  0.000000000000000E+000
          19          24  0.000000000000000E+000
          19          28  0.000000000000000E+000
          19          29  0.000000000000000E+000
          19          30  0.000000000000000E+000
          19          31  0.000000000000000E+000
          19          32  0.000000000000000E+000
          19          33  0.000000000000000E+000
          19          37  0.000000000000000E+000
          19          38  0.000000000000000E+000
          19          39  0.000000000000000E+000
          19          40  0.000000000000000E+000
          19          41  0.000000000000000E+000
          19          42  0.000000000000000E+000
          19          46  0.000000000000000E+000
          19          47  0.000000000000000E+000
          19          48  0.000000000000000E+000
          19          49  0.000000000000000E+000
          19          50  0.000000000000000E+000
          19          51  0.000000000000000E+000
          19          55  0.000000000000000E+000
          19          56  0.000000000000000E+000
          19          57  0.000000000000000E+000
          19          58  0.000000000000000E+000
          19          59  0.000000000000000E+000
          19          60  0.000000000000000E+000
          19          64  0.000000000000000E+000
          19          65  0.000000000000000E+000
          19          66  0.000000000000000E+000
          19          67  0.000000000000000E+000
          19          68  0.000000000000000E+000
          19          69  0.000000000000000E+000
          19          73  0.000000000000000E+000
          19          74  0.000000000000000E+000
          19          75  0.000000000000000E+000
          19          76  0.000000000000000E+000
          19          77  0.000000000000000E+000
          19          78  0.000000000000000E+000
          20           1  0.000000000000000E+000
          20           2  0.000000000000000E+000
          20           3  0.000000000000000E+000
          20           4  0.000000000000000E+000
          20           5  0.000000000000000E+000
          20           6  0.000000000000000E+000
          20          10  0.000000000000000E+000
          20          11  0.000000000000000E+000
          20          12  0.000000000000000E+000
          20          13  0.000000000000000E+000
          20          14  0.000000000000000E+000
          20          15  0.000000000000000E+000
          20          19  0.000000000000000E+000
          20          20  2.089720322886991E+019
          20          21  0.000000000000000E+000
          20          22  0.000000000000000E+000
          20          23  0.000000000000000E+000
          20          24  0.000000000000000E+000
          20          28  0.000000000000000E+000
          20          29  0.000000000000000E+000
          20          30  0.000000000000000E+000
          20          31  0.000000000000000E+000
          20          32  0.000000000000000E+000
          20          33  0.000000000000000E+000
          20          37  0.000000000000000E+000
          20          38  0.000000000000000E+000
          20          39  0.000000000000000E+000
          20          40  0.000000000000000E+000
          20          41  0.000000000000000E+000
          20          42  0.000000000000000E+000
          20          46  0.000000000000000E+000
          20          47  0.000000000000000E+000
          20          48  0.000000000000000E+000
          20          49  0.000000000000000E+000
          20          50  0.000000000000000E+000
          20          51  0.000000000000000E+000
          20          55  0.000000000000000E+000
          20          56  0.000000000000000E+000
          20          57  0.000000000000000E+000
          20          58  0.000000000000000E+000
          20          59  0.000000000000000E+000
          20          60  0.000000000000000E+000
          20          64  0.000000000000000E+000
          20          65  0.000000000000000E+000
          20          66  0.000000000000000E+000
          20          67  0.000000000000000E+000
          20          68  0.000000000000000E+000
          20          69  0.000000000000000E+000
          20          73  0.000000000000000E+000
          20          74  0.000000000000000E+000
          20          75  0.000000000000000E+000
          20          76  0.000000000000000E+000
          20          77  0.000000000000000E+000
          20          78  0.000000000000000E+000
          21           1  0.000000000000000E+000
          21           2  0.000000000000000E+000
          21           3  0.000000000000000E+000
          21           4  0.000000000000000E+000
          21           5  0.000000000000000E+000
          21           6  0.000000000000000E+000
          21          10  0.000000000000000E+000
          21          11  0.000000000000000E+000
          21          12  0.000000000000000E+000
          21          13  0.000000000000000E+000
          21          14  0.000000000000000E+000
          21          15  0.000000000000000E+000
          21          19  0.000000000000000E+000
          21          20  0.000000000000000E+000
          21          21  8.742321937321930E+019
          21          22  0.000000000000000E+000
          21          23  0.000000000000000E+000
          21          24  0.000000000000000E+000
          21          28  0.000000000000000E+000
          21          29  0.000000000000000E+000
          21          30  0.000000000000000E+000
          21          31  0.000000000000000E+000
          21          32  0.000000000000000E+000
          21          33  0.000000000000000E+000
          21          37  0.000000000000000E+000
          21          38  0.000000000000000E+000
          21          39  0.000000000000000E+000
          21          40  0.000000000000000E+000
          21          41  0.000000000000000E+000
          21          42  0.000000000000000E+000
          21          46  0.000000000000000E+000
          21          47  0.000000000000000E+000
          21          48  0.000000000000000E+000
          21          49  0.000000000000000E+000
          21          50  0.000000000000000E+000
          21          51  0.000000000000000E+000
          21          55  0.000000000000000E+000
          21          56  0.000000000000000E+000
          21          57  0.000000000000000E+000
          21          58  0.000000000000000E+000
          21          59  0.000000000000000E+000
          21          60  0.000000000000000E+000
          21          64  0.000000000000000E+000
          21          65  0.000000000000000E+000
          21          66  0.000000000000000E+000
          21          67  0.000000000000000E+000
          21          68  0.000000000000000E+000
          21          69  0.000000000000000E+000
          21          73  0.000000000000000E+000
          21          74  0.000000000000000E+000
          21          75  0.000000000000000E+000
          21          76  0.000000000000000E+000
          21          77  0.000000000000000E+000
          21          78  0.000000000000000E+000
          22           1  0.000000000000000E+000
          22           2  0.000000000000000E+000
          22           3  0.000000000000000E+000
          22           4  0.000000000000000E+000
          22           5  0.000000000000000E+000
          22           6  0.000000000000000E+000
          22           7  0.000000000000000E+000
          22           8  0.000000000000000E+000
          22           9  0.000000000000000E+000
          22          10  0.000000000000000E+000
          22          11  0.000000000000000E+000
          22          12  0.000000000000000E+000
          22          13  0.000000000000000E+000
          22          14  0.000000000000000E+000
          22          15  0.000000000000000E+000
          22          16  0.000000000000000E+000
          22          17  0.000000000000000E+000
          22          18  0.000000000000000E+000
          22          19  0.000000000000000E+000
          22          20  0.000000000000000E+000
          22          21  0.000000000000000E+000
          22          22  4.202734093067429E+019
          22          23  0.000000000000000E+000
          22          24  0.000000000000000E+000
          22          25  0.000000000000000E+000
          22          26  0.000000000000000E+000
          22          27  0.000000000000000E+000
          22          28  0.000000000000000E+000
          22          29  0.000000000000000E+000
          22          30  0.000000000000000E+000
          22          31  0.000000000000000E+000
          22          32  0.000000000000000E+000
          22          33  0.000000000000000E+000
          22          34  0.000000000000000E+000
          22          35  0.000000000000000E+000
          22          36  0.000000000000000E+000
          22          37  0.000000000000000E+000
          22          38  0.000000000000000E+000
          22          39  0.000000000000000E+000
          22          40  0.000000000000000E+000
          22          41  0.000000000000000E+000
          22          42  0.000000000000000E+000
          22          43  0.000000000000000E+000
          22          44  0.000000000000000E+000
          22          45  0.000000000000000E+000
          22          46  0.000000000000000E+000
          22          47  0.000000000000000E+000
          22          48  0.000000000000000E+000
          22          49  0.000000000000000E+000
          22          50  0.000000000000000E+000
          22          51  0.000000000000000E+000
          22          52  0.000000000000000E+000
          22          53  0.000000000000000E+000
          22          54  0.000000000000000E+000
          22          55  0.000000000000000E+000
          22          56  0.000000000000000E+000
          22          57  0.000000000000000E+000
          22          58  0.000000000000000E+000
          22          59  0.000000000000000E+000
          22          60  0.000000000000000E+000
          22          61  0.000000000000000E+000
          22          62  0.000000000000000E+000
          22          63  0.000000000000000E+000
          22          64  0.000000000000000E+000
          22          65  0.000000000000000E+000
          22          66  0.000000000000000E+000
          22          67  0.000000000000000E+000
          22          68  0.000000000000000E+000
          22          69  0.000000000000000E+000
          22          70  0.000000000000000E+000
          22          71  0.000000000000000E+000
          22          72  0.000000000000000E+000
          22          73  0.000000000000000E+000
          22          74  0.000000000000000E+000
          22          75  0.000000000000000E+000
          22          76  0.000000000000000E+000
          22          77  0.000000000000000E+000
          22          78  0.000000000000000E+000
          22          79  0.000000000000000E+000
          22          80  0.000000000000000E+000
          22          81  0.000000000000000E+000
          23           1  0.000000000000000E+000
          23           2  0.000000000000000E+000
          23           3  0.000000000000000E+000
          23           4  0.000000000000000E+000
          23           5  0.000000000000000E+000
          23           6  0.000000000000000E+000
          23           7  0.000000000000000E+000
          23           8  0.000000000000000E+000
          23           9  0.000000000000000E+000
          23          10  0.000000000000000E+000
          23          11  0.000000000000000E+000
          23          12  0.000000000000000E+000
          23          13  0.000000000000000E+000
          23          14  0.000000000000000E+000
          23          15  0.000000000000000E+000
          23          16  0.000000000000000E+000
          23          17  0.000000000000000E+000
          23          18  0.000000000000000E+000
          23          19  0.000000000000000E+000
          23          20  0.000000000000000E+000
          23          21  0.000000000000000E+000
          23          22  0.000000000000000E+000
          23          23  4.179440645773981E+019
          23          24  0.000000000000000E+000
          23          25  0.000000000000000E+000
          23          26  0.000000000000000E+000
          23          27  0.000000000000000E+000
          23          28  0.000000000000000E+000
          23          29  0.000000000000000E+000
          23          30  0.000000000000000E+000
          23          31  0.000000000000000E+000
          23          32  0.000000000000000E+000
          23          33  0.000000000000000E+000
          23          34  0.000000000000000E+000
          23          35  0.000000000000000E+000
          23          36  0.000000000000000E+000
          23          37  0.000000000000000E+000
          23          38  0.000000000000000E+000
          23          39  0.000000000000000E+000
          23          40  0.000000000000000E+000
          23          41  0.000000000000000E+000
          23          42  0.000000000000000E+000
          23          43  0.000000000000000E+000
          23          44  0.000000000000000E+000
          23          45  0.000000000000000E+000
          23          46  0.000000000000000E+000
          23          47  0.000000000000000E+000
          23          48  0.000000000000000E+000
          23          49  0.000000000000000E+000
          23          50  0.000000000000000E+000
          23          51  0.000000000000000E+000
          23          52  0.000000000000000E+000
          23          53  0.000000000000000E+000
          23          54  0.000000000000000E+000
          23          55  0.000000000000000E+000
          23          56  0.000000000000000E+000
          23          57  0.000000000000000E+000
          23          58  0.000000000000000E+000
          23          59  0.000000000000000E+000
          23          60  0.000000000000000E+000
          23          61  0.000000000000000E+000
          23          62  0.000000000000000E+000
          23          63  0.000000000000000E+000
          23          64  0.000000000000000E+000
          23          65  0.000000000000000E+000
          23          66  0.000000000000000E+000
          23          67  0.000000000000000E+000
          23          68  0.000000000000000E+000
          23          69  0.000000000000000E+000
          23          70  0.000000000000000E+000
          23          71  0.000000000000000E+000
          23          72  0.000000000000000E+000
          23          73  0.000000000000000E+000
          23          74  0.000000000000000E+000
          23          75  0.000000000000000E+000
          23          76  0.000000000000000E+000
          23          77  0.000000000000000E+000
          23          78  0.000000000000000E+000
          23          79  0.000000000000000E+000
          23          80  0.000000000000000E+000
          23          81  0.000000000000000E+000
          24           1  0.000000000000000E+000
          24           2  0.000000000000000E+000
          24           3  0.000000000000000E+000
          24           4  0.000000000000000E+000
          24           5  0.000000000000000E+000
          24           6  0.000000000000000E+000
          24           7  0.000000000000000E+000
          24           8  0.000000000000000E+000
          24           9  0.000000000000000E+000
          24          10  0.000000000000000E+000
          24          11  0.000000000000000E+000
          24          12  0.000000000000000E+000
          24          13  0.000000000000000E+000
          24          14  0.000000000000000E+000
          24          15  0.000000000000000E+000
          24          16  0.000000000000000E+000
          24          17  0.000000000000000E+000
          24          18  0.000000000000000E+000
          24          19  0.000000000000000E+000
          24          20  0.000000000000000E+000
          24          21  0.000000000000000E+000
          24          22  0.000000000000000E+000
          24          23  0.000000000000000E+000
          24          24  1.748464387464386E+020
          24          25  0.000000000000000E+000
          24          26  0.000000000000000E+000
          24          27  0.000000000000000E+000
          24          28  0.000000000000000E+000
          24          29  0.000000000000000E+000
          24          30  0.000000000000000E+000
          24          31  0.000000000000000E+000
          24          32  0.000000000000000E+000
          24          33  0.000000000000000E+000
          24          34  0.000000000000000E+000
          24          35  0.000000000000000E+000
          24          36  0.000000000000000E+000
          24          37  0.000000000000000E+000
          24          38  0.000000000000000E+000
          24          39  0.000000000000000E+000
          24          40  0.000000000000000E+000
          24          41  0.000000000000000E+000
          24          42  0.000000000000000E+000
          24          43  0.000000000000000E+000
          24          44  0.000000000000000E+000
          24          45  0.000000000000000E+000
          24          46  0.000000000000000E+000
          24          47  0.000000000000000E+000
          24          48  0.000000000000000E+000
          24          49  0.000000000000000E+000
          24          50  0.000000000000000E+000
          24          51  0.000000000000000E+000
          24          52  0.000000000000000E+000
          24          53  0.000000000000000E+000
          24          54  0.000000000000000E+000
          24          55  0.000000000000000E+000
          24          56  0.000000000000000E+000
          24          57  0.000000000000000E+000
          24          58  0.000000000000000E+000
          24          59  0.000000000000000E+000
          24          60  0.000000000000000E+000
          24          61  0.000000000000000E+000
          24          62  0.000000000000000E+000
          24          63  0.000000000000000E+000
          24          64  0.000000000000000E+000
          24          65  0.000000000000000E+000
          24          66  0.000000000000000E+000
          24          67  0.000000000000000E+000
          24          68  0.000000000000000E+000
          24          69  0.000000000000000E+000
          24          70  0.000000000000000E+000
          24          71  0.000000000000000E+000
          24          72  0.000000000000000E+000
          24          73  0.000000000000000E+000
          24          74  0.000000000000000E+000
          24          75  0.000000000000000E+000
          24          76  0.000000000000000E+000
          24          77  0.000000000000000E+000
          24          78  0.000000000000000E+000
          24          79  0.000000000000000E+000
          24          80  0.000000000000000E+000
          24          81  0.000000000000000E+000
          25           4  0.000000000000000E+000
          25           5  0.000000000000000E+000
          25           6  0.000000000000000E+000
          25           7  0.000000000000000E+000
          25           8  0.000000000000000E+000
          25           9  0.000000000000000E+000
          25          13  0.000000000000000E+000
          25          14  0.000000000000000E+000
          25          15  0.000000000000000E+000
          25          16  0.000000000000000E+000
          25          17  0.000000000000000E+000
          25          18  0.000000000000000E+000
          25          22  0.000000000000000E+000
          25          23  0.000000000000000E+000
          25          24  0.000000000000000E+000
          25          25  2.101367046533714E+019
          25          26  0.000000000000000E+000
          25          27  0.000000000000000E+000
          25          31  0.000000000000000E+000
          25          32  0.000000000000000E+000
          25          33  0.000000000000000E+000
          25          34  0.000000000000000E+000
          25          35  0.000000000000000E+000
          25          36  0.000000000000000E+000
          25          40  0.000000000000000E+000
          25          41  0.000000000000000E+000
          25          42  0.000000000000000E+000
          25          43  0.000000000000000E+000
          25          44  0.000000000000000E+000
          25          45  0.000000000000000E+000
          25          49  0.000000000000000E+000
          25          50  0.000000000000000E+000
          25          51  0.000000000000000E+000
          25          52  0.000000000000000E+000
          25          53  0.000000000000000E+000
          25          54  0.000000000000000E+000
          25          58  0.000000000000000E+000
          25          59  0.000000000000000E+000
          25          60  0.000000000000000E+000
          25          61  0.000000000000000E+000
          25          62  0.000000000000000E+000
          25          63  0.000000000000000E+000
          25          67  0.000000000000000E+000
          25          68  0.000000000000000E+000
          25          69  0.000000000000000E+000
          25          70  0.000000000000000E+000
          25          71  0.000000000000000E+000
          25          72  0.000000000000000E+000
          25          76  0.000000000000000E+000
          25          77  0.000000000000000E+000
          25          78  0.000000000000000E+000
          25          79  0.000000000000000E+000
          25          80  0.000000000000000E+000
          25          81  0.000000000000000E+000
          26           4  0.000000000000000E+000
          26           5  0.000000000000000E+000
          26           6  0.000000000000000E+000
          26           7  0.000000000000000E+000
          26           8  0.000000000000000E+000
          26           9  0.000000000000000E+000
          26          13  0.000000000000000E+000
          26          14  0.000000000000000E+000
          26          15  0.000000000000000E+000
          26          16  0.000000000000000E+000
          26          17  0.000000000000000E+000
          26          18  0.000000000000000E+000
          26          22  0.000000000000000E+000
          26          23  0.000000000000000E+000
          26          24  0.000000000000000E+000
          26          25  0.000000000000000E+000
          26          26  2.089720322886991E+019
          26          27  0.000000000000000E+000
          26          31  0.000000000000000E+000
          26          32  0.000000000000000E+000
          26          33  0.000000000000000E+000
          26          34  0.000000000000000E+000
          26          35  0.000000000000000E+000
          26          36  0.000000000000000E+000
          26          40  0.000000000000000E+000
          26          41  0.000000000000000E+000
          26          42  0.000000000000000E+000
          26          43  0.000000000000000E+000
          26          44  0.000000000000000E+000
          26          45  0.000000000000000E+000
          26          49  0.000000000000000E+000
          26          50  0.000000000000000E+000
          26          51  0.000000000000000E+000
          26          52  0.000000000000000E+000
          26          53  0.000000000000000E+000
          26          54  0.000000000000000E+000
          26          58  0.000000000000000E+000
          26          59  0.000000000000000E+000
          26          60  0.000000000000000E+000
          26          61  0.000000000000000E+000
          26          62  0.000000000000000E+000
          26          63  0.000000000000000E+000
          26          67  0.000000000000000E+000
          26          68  0.000000000000000E+000
          26          69  0.000000000000000E+000
          26          70  0.000000000000000E+000
          26          71  0.000000000000000E+000
          26          72  0.000000000000000E+000
          26          76  0.000000000000000E+000
          26          77  0.000000000000000E+000
          26          78  0.000000000000000E+000
          26          79  0.000000000000000E+000
          26          80  0.000000000000000E+000
          26          81  0.000000000000000E+000
          27           4  0.000000000000000E+000
          27           5  0.000000000000000E+000
          27           6  0.000000000000000E+000
          27           7  0.000000000000000E+000
          27           8  0.000000000000000E+000
          27           9  0.000000000000000E+000
          27          13  0.000000000000000E+000
          27          14  0.000000000000000E+000
          27          15  0.000000000000000E+000
          27          16  0.000000000000000E+000
          27          17  0.000000000000000E+000
          27          18  0.000000000000000E+000
          27          22  0.000000000000000E+000
          27          23  0.000000000000000E+000
          27          24  0.000000000000000E+000
          27          25  0.000000000000000E+000
          27          26  0.000000000000000E+000
          27          27  8.742321937321930E+019
          27          31  0.000000000000000E+000
          27          32  0.000000000000000E+000
          27          33  0.000000000000000E+000
          27          34  0.000000000000000E+000
          27          35  0.000000000000000E+000
          27          36  0.000000000000000E+000
          27          40  0.000000000000000E+000
          27          41  0.000000000000000E+000
          27          42  0.000000000000000E+000
          27          43  0.000000000000000E+000
          27          44  0.000000000000000E+000
          27          45  0.000000000000000E+000
          27          49  0.000000000000000E+000
          27          50  0.000000000000000E+000
          27          51  0.000000000000000E+000
          27          52  0.000000000000000E+000
          27          53  0.000000000000000E+000
          27          54  0.000000000000000E+000
          27          58  0.000000000000000E+000
          27          59  0.000000000000000E+000
          27          60  0.000000000000000E+000
          27          61  0.000000000000000E+000
          27          62  0.000000000000000E+000
          27          63  0.000000000000000E+000
          27          67  0.000000000000000E+000
          27          68  0.000000000000000E+000
          27          69  0.000000000000000E+000
          27          70  0.000000000000000E+000
          27          71  0.000000000000000E+000
          27          72  0.000000000000000E+000
          27          76  0.000000000000000E+000
          27          77  0.000000000000000E+000
          27          78  0.000000000000000E+000
          27          79  0.000000000000000E+000
          27          80  0.000000000000000E+000
          27          81  0.000000000000000E+000
          28           1  0.000000000000000E+000
          28           2  0.000000000000000E+000
          28           3  0.000000000000000E+000
          28           4  0.000000000000000E+000
          28           5  0.000000000000000E+000
          28           6  0.000000000000000E+000
          28          10  0.000000000000000E+000
          28          11  0.000000000000000E+000
          28          12  0.000000000000000E+000
          28          13  0.000000000000000E+000
          28          14  0.000000000000000E+000
          28          15  0.000000000000000E+000
          28          19  0.000000000000000E+000
          28          20  0.000000000000000E+000
          28          21  0.000000000000000E+000
          28          22  0.000000000000000E+000
          28          23  0.000000000000000E+000
          28          24  0.000000000000000E+000
          28          28   840338841.405509     
          28          29 -5.820766091346741E-010
          28          30  -93589743.5897437     
          28          31  -827693827.160495     
          28          32 -3.492459654808044E-010
          28          33   18717948.7179487     
          28          37   104869040.835708     
          28          38   155982.905982906     
          28          39  -11698717.9487180     
          28          40  -103548385.565052     
          28          41   77991.4529914531     
          28          42   2339743.58974359     
          28          46   102685280.151947     
          28          47   1039886.03988604     
          28          48  -3119658.11965812     
          28          49  -104640265.906933     
          28          50   519943.019943021     
          28          51   15598290.5982906     
          28          55  -51779392.2127256     
          28          56  -259971.509971510     
          28          57   779914.529914531     
          28          58   52101756.8850903     
          28          59  -129985.754985755     
          28          60  -3899572.64957265     
          28          64  -414928395.061728     
          28          65  2.328306436538696E-010
          28          66   6239316.23931625     
          28          67   416467426.400760     
          28          68  9.458744898438454E-011
          28          69  -31196581.1965812     
          28          73   822868755.935424     
          28          74 -2.328306436538696E-010
          28          75  -24957264.9572650     
          28          76  -836428869.895538     
          28          77 -2.910383045673370E-011
          28          78   124786324.786325     
          29           1  0.000000000000000E+000
          29           2  0.000000000000000E+000
          29           3  0.000000000000000E+000
          29           4  0.000000000000000E+000
          29           5  0.000000000000000E+000
          29           6  0.000000000000000E+000
          29          10  0.000000000000000E+000
          29          11  0.000000000000000E+000
          29          12  0.000000000000000E+000
          29          13  0.000000000000000E+000
          29          14  0.000000000000000E+000
          29          15  0.000000000000000E+000
          29          19  0.000000000000000E+000
          29          20  0.000000000000000E+000
          29          21  0.000000000000000E+000
          29          22  0.000000000000000E+000
          29          23  0.000000000000000E+000
          29          24  0.000000000000000E+000
          29          28 -4.365574568510056E-010
          29          29   835014624.881292     
          29          30  1.769512891769409E-008
          29          31 -2.764863893389702E-010
          29          32  -830355935.422602     
          29          33 -3.725290298461914E-009
          29          37  -155982.905982906     
          29          38   207880151.946819     
          29          39   3119658.11965813     
          29          40  -77991.4529914532     
          29          41  -208025735.992403     
          29          42  -15598290.5982906     
          29          46   1039886.03988604     
          29          47   103142830.009497     
          29          48   1559829.05982906     
          29          49   519943.019943021     
          29          50  -104411490.978158     
          29          51  -7799145.29914532     
          29          55  -259971.509971510     
          29          56  -51779392.2127256     
          29          57  -779914.529914530     
          29          58  -129985.754985755     
          29          59   52101756.8850903     
          29          60   3899572.64957265     
          29          64 -8.367351256310940E-011
          29          65  -207991073.124406     
          29          66 -4.773028194904327E-009
          29          67 -4.729372449219227E-011
          29          68   207970275.403609     
          29          69 -9.313225746154785E-010
          29          73  3.783497959375381E-010
          29          74   414318328.584996     
          29          75  1.303851604461670E-008
          29          76  2.037268131971359E-010
          29          77  -416772459.639127     
          29          78 -2.793967723846436E-009
          30           1  0.000000000000000E+000
          30           2  0.000000000000000E+000
          30           3  0.000000000000000E+000
          30           4  0.000000000000000E+000
          30           5  0.000000000000000E+000
          30           6  0.000000000000000E+000
          30          10  0.000000000000000E+000
          30          11  0.000000000000000E+000
          30          12  0.000000000000000E+000
          30          13  0.000000000000000E+000
          30          14  0.000000000000000E+000
          30          15  0.000000000000000E+000
          30          19  0.000000000000000E+000
          30          20  0.000000000000000E+000
          30          21  0.000000000000000E+000
          30          22  0.000000000000000E+000
          30          23  0.000000000000000E+000
          30          24  0.000000000000000E+000
          30          28  -93589743.5897437     
          30          29  1.583248376846313E-008
          30          30   3496679202.27920     
          30          31  -18717948.7179487     
          30          32  2.793967723846436E-009
          30          33  -3492686039.88604     
          30          37  -11698717.9487180     
          30          38  -3119658.11965811     
          30          39   436876923.076923     
          30          40  -2339743.58974359     
          30          41  -15598290.5982906     
          30          42  -436689743.589744     
          30          46   3119658.11965813     
          30          47  -1559829.05982906     
          30          48   217960113.960114     
          30          49   15598290.5982906     
          30          50  -7799145.29914531     
          30          51  -218584045.584046     
          30          55  -779914.529914531     
          30          56   779914.529914531     
          30          57  -109104843.304843     
          30          58  -3899572.64957265     
          30          59   3899572.64957265     
          30          60   109229629.629630     
          30          64  -6239316.23931623     
          30          65 -3.841705620288849E-009
          30          66  -873254700.854701     
          30          67  -31196581.1965812     
          30          68 -1.746229827404022E-009
          30          69   873629059.829060     
          30          73   24957264.9572650     
          30          74  1.117587089538574E-008
          30          75   1744512820.51282     
          30          76   124786324.786325     
          30          77  9.313225746154785E-010
          30          78  -1748256410.25641     
          31           1  0.000000000000000E+000
          31           2  0.000000000000000E+000
          31           3  0.000000000000000E+000
          31           4  0.000000000000000E+000
          31           5  0.000000000000000E+000
          31           6  0.000000000000000E+000
          31           7  0.000000000000000E+000
          31           8  0.000000000000000E+000
          31           9  0.000000000000000E+000
          31          10  0.000000000000000E+000
          31          11  0.000000000000000E+000
          31          12  0.000000000000000E+000
          31          13  0.000000000000000E+000
          31          14  0.000000000000000E+000
          31          15  0.000000000000000E+000
          31          16  0.000000000000000E+000
          31          17  0.000000000000000E+000
          31          18  0.000000000000000E+000
          31          19  0.000000000000000E+000
          31          20  0.000000000000000E+000
          31          21  0.000000000000000E+000
          31          22  0.000000000000000E+000
          31          23  0.000000000000000E+000
          31          24  0.000000000000000E+000
          31          25  0.000000000000000E+000
          31          26  0.000000000000000E+000
          31          27  0.000000000000000E+000
          31          28  -827693827.160495     
          31          29 -3.492459654808044E-010
          31          30  -18717948.7179487     
          31          31   1680677682.81102     
          31          32 -1.164153218269348E-009
          31          33  0.000000000000000E+000
          31          34  -827693827.160495     
          31          35 -3.492459654808044E-010
          31          36   18717948.7179487     
          31          37  -103548385.565052     
          31          38   77991.4529914531     
          31          39  -2339743.58974359     
          31          40   209738081.671415     
          31          41   311965.811965813     
          31          42  0.000000000000000E+000
          31          43  -103548385.565052     
          31          44   77991.4529914531     
          31          45   2339743.58974359     
          31          46  -104640265.906933     
          31          47   519943.019943021     
          31          48  -15598290.5982906     
          31          49   205370560.303894     
          31          50   2079772.07977208     
          31          51  0.000000000000000E+000
          31          52  -104640265.906933     
          31          53   519943.019943021     
          31          54   15598290.5982906     
          31          55   52101756.8850903     
          31          56  -129985.754985755     
          31          57   3899572.64957265     
          31          58  -103558784.425451     
          31          59  -519943.019943020     
          31          60  0.000000000000000E+000
          31          61   52101756.8850903     
          31          62  -129985.754985755     
          31          63  -3899572.64957265     
          31          64   416467426.400760     
          31          65  9.458744898438454E-011
          31          66   31196581.1965812     
          31          67  -829856790.123457     
          31          68  4.656612873077393E-010
          31          69  0.000000000000000E+000
          31          70   416467426.400760     
          31          71  9.458744898438454E-011
          31          72  -31196581.1965812     
          31          73  -836428869.895538     
          31          74 -2.910383045673370E-011
          31          75  -124786324.786325     
          31          76   1645737511.87085     
          31          77 -4.656612873077393E-010
          31          78  0.000000000000000E+000
          31          79  -836428869.895538     
          31          80 -2.910383045673370E-011
          31          81   124786324.786325     
          32           1  0.000000000000000E+000
          32           2  0.000000000000000E+000
          32           3  0.000000000000000E+000
          32           4  0.000000000000000E+000
          32           5  0.000000000000000E+000
          32           6  0.000000000000000E+000
          32           7  0.000000000000000E+000
          32           8  0.000000000000000E+000
          32           9  0.000000000000000E+000
          32          10  0.000000000000000E+000
          32          11  0.000000000000000E+000
          32          12  0.000000000000000E+000
          32          13  0.000000000000000E+000
          32          14  0.000000000000000E+000
          32          15  0.000000000000000E+000
          32          16  0.000000000000000E+000
          32          17  0.000000000000000E+000
          32          18  0.000000000000000E+000
          32          19  0.000000000000000E+000
          32          20  0.000000000000000E+000
          32          21  0.000000000000000E+000
          32          22  0.000000000000000E+000
          32          23  0.000000000000000E+000
          32          24  0.000000000000000E+000
          32          25  0.000000000000000E+000
          32          26  0.000000000000000E+000
          32          27  0.000000000000000E+000
          32          28 -2.764863893389702E-010
          32          29  -830355935.422602     
          32          30  3.725290298461914E-009
          32          31 -8.731149137020111E-010
          32          32   1670029249.76258     
          32          33  0.000000000000000E+000
          32          34 -2.764863893389702E-010
          32          35  -830355935.422602     
          32          36 -3.725290298461914E-009
          32          37  -77991.4529914532     
          32          38  -208025735.992403     
          32          39   15598290.5982906     
          32          40  -311965.811965813     
          32          41   415760303.893638     
          32          42  0.000000000000000E+000
          32          43  -77991.4529914532     
          32          44  -208025735.992403     
          32          45  -15598290.5982906     
          32          46   519943.019943021     
          32          47  -104411490.978158     
          32          48   7799145.29914532     
          32          49   2079772.07977208     
          32          50   206285660.018994     
          32          51  0.000000000000000E+000
          32          52   519943.019943021     
          32          53  -104411490.978158     
          32          54  -7799145.29914532     
          32          55  -129985.754985755     
          32          56   52101756.8850903     
          32          57  -3899572.64957265     
          32          58  -519943.019943020     
          32          59  -103558784.425451     
          32          60  0.000000000000000E+000
          32          61  -129985.754985755     
          32          62   52101756.8850903     
          32          63   3899572.64957265     
          32          64 -4.729372449219227E-011
          32          65   207970275.403609     
          32          66  9.313225746154785E-010
          32          67 -1.673470251262188E-010
          32          68  -415982146.248813     
          32          69  0.000000000000000E+000
          32          70 -4.729372449219227E-011
          32          71   207970275.403609     
          32          72 -9.313225746154785E-010
          32          73  2.037268131971359E-010
          32          74  -416772459.639127     
          32          75  2.793967723846436E-009
          32          76  7.566995918750763E-010
          32          77   828636657.169991     
          32          78  0.000000000000000E+000
          32          79  2.037268131971359E-010
          32          80  -416772459.639127     
          32          81 -2.793967723846436E-009
          33           1  0.000000000000000E+000
          33           2  0.000000000000000E+000
          33           3  0.000000000000000E+000
          33           4  0.000000000000000E+000
          33           5  0.000000000000000E+000
          33           6  0.000000000000000E+000
          33           7  0.000000000000000E+000
          33           8  0.000000000000000E+000
          33           9  0.000000000000000E+000
          33          10  0.000000000000000E+000
          33          11  0.000000000000000E+000
          33          12  0.000000000000000E+000
          33          13  0.000000000000000E+000
          33          14  0.000000000000000E+000
          33          15  0.000000000000000E+000
          33          16  0.000000000000000E+000
          33          17  0.000000000000000E+000
          33          18  0.000000000000000E+000
          33          19  0.000000000000000E+000
          33          20  0.000000000000000E+000
          33          21  0.000000000000000E+000
          33          22  0.000000000000000E+000
          33          23  0.000000000000000E+000
          33          24  0.000000000000000E+000
          33          25  0.000000000000000E+000
          33          26  0.000000000000000E+000
          33          27  0.000000000000000E+000
          33          28   18717948.7179487     
          33          29 -2.793967723846436E-009
          33          30  -3492686039.88604     
          33          31  0.000000000000000E+000
          33          32  0.000000000000000E+000
          33          33   6993358404.55840     
          33          34  -18717948.7179487     
          33          35  2.793967723846436E-009
          33          36  -3492686039.88604     
          33          37   2339743.58974359     
          33          38   15598290.5982906     
          33          39  -436689743.589744     
          33          40  0.000000000000000E+000
          33          41  0.000000000000000E+000
          33          42   873753846.153847     
          33          43  -2339743.58974359     
          33          44  -15598290.5982906     
          33          45  -436689743.589744     
          33          46  -15598290.5982906     
          33          47   7799145.29914531     
          33          48  -218584045.584046     
          33          49  0.000000000000000E+000
          33          50  0.000000000000000E+000
          33          51   435920227.920228     
          33          52   15598290.5982906     
          33          53  -7799145.29914531     
          33          54  -218584045.584046     
          33          55   3899572.64957265     
          33          56  -3899572.64957265     
          33          57   109229629.629630     
          33          58  0.000000000000000E+000
          33          59  0.000000000000000E+000
          33          60  -218209686.609687     
          33          61  -3899572.64957265     
          33          62   3899572.64957265     
          33          63   109229629.629630     
          33          64   31196581.1965812     
          33          65  1.746229827404022E-009
          33          66   873629059.829060     
          33          67  0.000000000000000E+000
          33          68  0.000000000000000E+000
          33          69  -1746509401.70940     
          33          70  -31196581.1965812     
          33          71 -1.746229827404022E-009
          33          72   873629059.829060     
          33          73  -124786324.786325     
          33          74 -9.313225746154785E-010
          33          75  -1748256410.25641     
          33          76  0.000000000000000E+000
          33          77  0.000000000000000E+000
          33          78   3489025641.02564     
          33          79   124786324.786325     
          33          80  9.313225746154785E-010
          33          81  -1748256410.25641     
          34           4  0.000000000000000E+000
          34           5  0.000000000000000E+000
          34           6  0.000000000000000E+000
          34           7  0.000000000000000E+000
          34           8  0.000000000000000E+000
          34           9  0.000000000000000E+000
          34          13  0.000000000000000E+000
          34          14  0.000000000000000E+000
          34          15  0.000000000000000E+000
          34          16  0.000000000000000E+000
          34          17  0.000000000000000E+000
          34          18  0.000000000000000E+000
          34          22  0.000000000000000E+000
          34          23  0.000000000000000E+000
          34          24  0.000000000000000E+000
          34          25  0.000000000000000E+000
          34          26  0.000000000000000E+000
          34          27  0.000000000000000E+000
          34          31  -827693827.160495     
          34          32 -3.492459654808044E-010
          34          33  -18717948.7179487     
          34          34   840338841.405509     
          34          35 -5.820766091346741E-010
          34          36   93589743.5897437     
          34          40  -103548385.565052     
          34          41   77991.4529914531     
          34          42  -2339743.58974359     
          34          43   104869040.835708     
          34          44   155982.905982906     
          34          45   11698717.9487180     
          34          49  -104640265.906933     
          34          50   519943.019943021     
          34          51  -15598290.5982906     
          34          52   102685280.151947     
          34          53   1039886.03988604     
          34          54   3119658.11965812     
          34          58   52101756.8850903     
          34          59  -129985.754985755     
          34          60   3899572.64957265     
          34          61  -51779392.2127256     
          34          62  -259971.509971510     
          34          63  -779914.529914531     
          34          67   416467426.400760     
          34          68  9.458744898438454E-011
          34          69   31196581.1965812     
          34          70  -414928395.061728     
          34          71  2.328306436538696E-010
          34          72  -6239316.23931625     
          34          76  -836428869.895538     
          34          77 -2.910383045673370E-011
          34          78  -124786324.786325     
          34          79   822868755.935424     
          34          80 -2.328306436538696E-010
          34          81   24957264.9572650     
          35           4  0.000000000000000E+000
          35           5  0.000000000000000E+000
          35           6  0.000000000000000E+000
          35           7  0.000000000000000E+000
          35           8  0.000000000000000E+000
          35           9  0.000000000000000E+000
          35          13  0.000000000000000E+000
          35          14  0.000000000000000E+000
          35          15  0.000000000000000E+000
          35          16  0.000000000000000E+000
          35          17  0.000000000000000E+000
          35          18  0.000000000000000E+000
          35          22  0.000000000000000E+000
          35          23  0.000000000000000E+000
          35          24  0.000000000000000E+000
          35          25  0.000000000000000E+000
          35          26  0.000000000000000E+000
          35          27  0.000000000000000E+000
          35          31 -2.764863893389702E-010
          35          32  -830355935.422602     
          35          33  3.725290298461914E-009
          35          34 -4.365574568510056E-010
          35          35   835014624.881292     
          35          36 -1.769512891769409E-008
          35          40  -77991.4529914532     
          35          41  -208025735.992403     
          35          42   15598290.5982906     
          35          43  -155982.905982906     
          35          44   207880151.946819     
          35          45  -3119658.11965813     
          35          49   519943.019943021     
          35          50  -104411490.978158     
          35          51   7799145.29914532     
          35          52   1039886.03988604     
          35          53   103142830.009497     
          35          54  -1559829.05982906     
          35          58  -129985.754985755     
          35          59   52101756.8850903     
          35          60  -3899572.64957265     
          35          61  -259971.509971510     
          35          62  -51779392.2127256     
          35          63   779914.529914530     
          35          67 -4.729372449219227E-011
          35          68   207970275.403609     
          35          69  9.313225746154785E-010
          35          70 -8.367351256310940E-011
          35          71  -207991073.124406     
          35          72  4.773028194904327E-009
          35          76  2.037268131971359E-010
          35          77  -416772459.639127     
          35          78  2.793967723846436E-009
          35          79  3.783497959375381E-010
          35          80   414318328.584996     
          35          81 -1.303851604461670E-008
          36           4  0.000000000000000E+000
          36           5  0.000000000000000E+000
          36           6  0.000000000000000E+000
          36           7  0.000000000000000E+000
          36           8  0.000000000000000E+000
          36           9  0.000000000000000E+000
          36          13  0.000000000000000E+000
          36          14  0.000000000000000E+000
          36          15  0.000000000000000E+000
          36          16  0.000000000000000E+000
          36          17  0.000000000000000E+000
          36          18  0.000000000000000E+000
          36          22  0.000000000000000E+000
          36          23  0.000000000000000E+000
          36          24  0.000000000000000E+000
          36          25  0.000000000000000E+000
          36          26  0.000000000000000E+000
          36          27  0.000000000000000E+000
          36          31   18717948.7179487     
          36          32 -2.793967723846436E-009
          36          33  -3492686039.88604     
          36          34   93589743.5897437     
          36          35 -1.583248376846313E-008
          36          36   3496679202.27920     
          36          40   2339743.58974359     
          36          41   15598290.5982906     
          36          42  -436689743.589744     
          36          43   11698717.9487180     
          36          44   3119658.11965811     
          36          45   436876923.076923     
          36          49  -15598290.5982906     
          36          50   7799145.29914531     
          36          51  -218584045.584046     
          36          52  -3119658.11965813     
          36          53   1559829.05982906     
          36          54   217960113.960114     
          36          58   3899572.64957265     
          36          59  -3899572.64957265     
          36          60   109229629.629630     
          36          61   779914.529914531     
          36          62  -779914.529914531     
          36          63  -109104843.304843     
          36          67   31196581.1965812     
          36          68  1.746229827404022E-009
          36          69   873629059.829060     
          36          70   6239316.23931623     
          36          71  3.841705620288849E-009
          36          72  -873254700.854701     
          36          76  -124786324.786325     
          36          77 -9.313225746154785E-010
          36          78  -1748256410.25641     
          36          79  -24957264.9572650     
          36          80 -1.117587089538574E-008
          36          81   1744512820.51282     
          37           1  0.000000000000000E+000
          37           2  0.000000000000000E+000
          37           3  0.000000000000000E+000
          37           4  0.000000000000000E+000
          37           5  0.000000000000000E+000
          37           6  0.000000000000000E+000
          37          10  0.000000000000000E+000
          37          11  0.000000000000000E+000
          37          12  0.000000000000000E+000
          37          13  0.000000000000000E+000
          37          14  0.000000000000000E+000
          37          15  0.000000000000000E+000
          37          19  0.000000000000000E+000
          37          20  0.000000000000000E+000
          37          21  0.000000000000000E+000
          37          22  0.000000000000000E+000
          37          23  0.000000000000000E+000
          37          24  0.000000000000000E+000
          37          28   104869040.835708     
          37          29  -155982.905982906     
          37          30  -11698717.9487180     
          37          31  -103548385.565052     
          37          32  -77991.4529914532     
          37          33   2339743.58974359     
          37          37   420273409.306743     
          37          38  4.656612873077393E-010
          37          39  -46794871.7948718     
          37          40  -413794919.278253     
          37          41  2.328306436538696E-010
          37          42   9358974.35897435     
          37          46   411538366.571700     
          37          47  3.492459654808044E-010
          37          48  -12478632.4786325     
          37          49  -418162440.645774     
          37          50  1.164153218269348E-010
          37          51   62393162.3931624     
          37          55  -207516191.832858     
          37          56 -1.236912794411182E-010
          37          57   3119658.11965812     
          37          58   208207716.049383     
          37          59 -6.912159733474255E-011
          37          60  -15598290.5982906     
          37          64  -51779392.2127256     
          37          65   259971.509971510     
          37          66   779914.529914532     
          37          67   52101756.8850903     
          37          68   129985.754985755     
          37          69  -3899572.64957265     
          37          73   102685280.151947     
          37          74  -1039886.03988604     
          37          75  -3119658.11965812     
          37          76  -104640265.906933     
          37          77  -519943.019943021     
          37          78   15598290.5982906     
          37          82   104869040.835708     
          37          83   155982.905982906     
          37          84  -11698717.9487180     
          37          85  -103548385.565052     
          37          86   77991.4529914530     
          37          87   2339743.58974359     
          37          91  -52486514.7198481     
          37          92  -38995.7264957265     
          37          93   5849358.97435898     
          37          94   51748195.6315290     
          37          95  -19497.8632478633     
          37          96  -1169871.79487179     
          37         100  -51394634.3779678     
          37         101  -259971.509971510     
          37         102   1559829.05982906     
          37         103   52294135.8024692     
          37         104  -129985.754985755     
          37         105  -7799145.29914531     
          37         109   25915693.2573599     
          37         110   64992.8774928775     
          37         111  -389957.264957265     
          37         112  -26037879.8670465     
          37         113   32496.4387464387     
          37         114   1949786.32478632     
          37         118  -51779392.2127255     
          37         119  -259971.509971510     
          37         120   779914.529914530     
          37         121   52101756.8850902     
          37         122  -129985.754985755     
          37         123  -3899572.64957265     
          37         127   102685280.151947     
          37         128   1039886.03988604     
          37         129  -3119658.11965812     
          37         130  -104640265.906933     
          37         131   519943.019943020     
          37         132   15598290.5982906     
          38           1  0.000000000000000E+000
          38           2  0.000000000000000E+000
          38           3  0.000000000000000E+000
          38           4  0.000000000000000E+000
          38           5  0.000000000000000E+000
          38           6  0.000000000000000E+000
          38          10  0.000000000000000E+000
          38          11  0.000000000000000E+000
          38          12  0.000000000000000E+000
          38          13  0.000000000000000E+000
          38          14  0.000000000000000E+000
          38          15  0.000000000000000E+000
          38          19  0.000000000000000E+000
          38          20  0.000000000000000E+000
          38          21  0.000000000000000E+000
          38          22  0.000000000000000E+000
          38          23  0.000000000000000E+000
          38          24  0.000000000000000E+000
          38          28   155982.905982906     
          38          29   207880151.946819     
          38          30  -3119658.11965812     
          38          31   77991.4529914531     
          38          32  -208025735.992403     
          38          33   15598290.5982906     
          38          37  5.820766091346741E-010
          38          38   417944064.577398     
          38          39 -1.117587089538574E-008
          38          40  2.328306436538696E-010
          38          41  -414959591.642925     
          38          42  2.328306436538696E-009
          38          46 -5.238689482212067E-010
          38          47   207377540.360874     
          38          48 -6.519258022308350E-009
          38          49 -2.473825588822365E-010
          38          50  -208277041.785375     
          38          51  1.396983861923218E-009
          38          55  1.236912794411182E-010
          38          56  -104104724.596391     
          38          57  2.793967723846436E-009
          38          58  8.003553375601768E-011
          38          59   103930543.684710     
          38          60  0.000000000000000E+000
          38          64   259971.509971510     
          38          65  -51779392.2127256     
          38          66   779914.529914531     
          38          67   129985.754985755     
          38          68   52101756.8850903     
          38          69  -3899572.64957265     
          38          73  -1039886.03988604     
          38          74   103142830.009497     
          38          75  -1559829.05982906     
          38          76  -519943.019943021     
          38          77  -104411490.978158     
          38          78   7799145.29914531     
          38          82  -155982.905982906     
          38          83   207880151.946819     
          38          84   3119658.11965812     
          38          85  -77991.4529914531     
          38          86  -208025735.992403     
          38          87  -15598290.5982906     
          38          91   38995.7264957266     
          38          92  -104158452.041785     
          38          93  -779914.529914530     
          38          94   19497.8632478633     
          38          95   103903679.962013     
          38          96   3899572.64957265     
          38         100  -259971.509971510     
          38         101  -51680603.0389364     
          38         102  -389957.264957265     
          38         103  -129985.754985755     
          38         104   52151151.4719848     
          38         105   1949786.32478633     
          38         109   64992.8774928775     
          38         110   25944290.1234568     
          38         111   194978.632478632     
          38         112   32496.4387464388     
          38         113  -26023581.4339981     
          38         114  -974893.162393163     
          38         118  -259971.509971510     
          38         119  -51779392.2127255     
          38         120  -779914.529914530     
          38         121  -129985.754985755     
          38         122   52101756.8850902     
          38         123   3899572.64957265     
          38         127   1039886.03988604     
          38         128   103142830.009497     
          38         129   1559829.05982906     
          38         130   519943.019943020     
          38         131  -104411490.978158     
          38         132  -7799145.29914530     
          39           1  0.000000000000000E+000
          39           2  0.000000000000000E+000
          39           3  0.000000000000000E+000
          39           4  0.000000000000000E+000
          39           5  0.000000000000000E+000
          39           6  0.000000000000000E+000
          39          10  0.000000000000000E+000
          39          11  0.000000000000000E+000
          39          12  0.000000000000000E+000
          39          13  0.000000000000000E+000
          39          14  0.000000000000000E+000
          39          15  0.000000000000000E+000
          39          19  0.000000000000000E+000
          39          20  0.000000000000000E+000
          39          21  0.000000000000000E+000
          39          22  0.000000000000000E+000
          39          23  0.000000000000000E+000
          39          24  0.000000000000000E+000
          39          28  -11698717.9487180     
          39          29   3119658.11965813     
          39          30   436876923.076923     
          39          31  -2339743.58974359     
          39          32   15598290.5982906     
          39          33  -436689743.589744     
          39          37  -46794871.7948718     
          39          38 -1.117587089538574E-008
          39          39   1748464387.46439     
          39          40  -9358974.35897435     
          39          41 -4.190951585769653E-009
          39          42  -1746280626.78063     
          39          46   12478632.4786325     
          39          47 -9.313225746154785E-009
          39          48   872318803.418803     
          39          49   62393162.3931624     
          39          50 -4.656612873077393E-009
          39          51  -874097008.547008     
          39          55  -3119658.11965812     
          39          56  4.190951585769653E-009
          39          57  -436658547.008547     
          39          58  -15598290.5982906     
          39          59  1.979060471057892E-009
          39          60   436798931.623931     
          39          64  -779914.529914530     
          39          65  -779914.529914529     
          39          66  -109104843.304843     
          39          67  -3899572.64957265     
          39          68  -3899572.64957265     
          39          69   109229629.629630     
          39          73   3119658.11965812     
          39          74   1559829.05982906     
          39          75   217960113.960114     
          39          76   15598290.5982906     
          39          77   7799145.29914530     
          39          78  -218584045.584046     
          39          82  -11698717.9487179     
          39          83  -3119658.11965812     
          39          84   436876923.076923     
          39          85  -2339743.58974359     
          39          86  -15598290.5982906     
          39          87  -436689743.589743     
          39          91   5849358.97435898     
          39          92   779914.529914530     
          39          93  -218500854.700855     
          39          94   1169871.79487179     
          39          95   3899572.64957265     
          39          96   218313675.213675     
          39         100  -1559829.05982906     
          39         101   389957.264957265     
          39         102  -109011253.561254     
          39         103  -7799145.29914530     
          39         104   1949786.32478633     
          39         105   109276424.501425     
          39         109   389957.264957265     
          39         110  -194978.632478633     
          39         111   54568019.9430199     
          39         112   1949786.32478633     
          39         113  -974893.162393162     
          39         114  -54607015.6695157     
          39         118  -779914.529914529     
          39         119   779914.529914529     
          39         120  -109104843.304843     
          39         121  -3899572.64957265     
          39         122   3899572.64957265     
          39         123   109229629.629630     
          39         127   3119658.11965811     
          39         128  -1559829.05982906     
          39         129   217960113.960114     
          39         130   15598290.5982906     
          39         131  -7799145.29914530     
          39         132  -218584045.584046     
          40           1  0.000000000000000E+000
          40           2  0.000000000000000E+000
          40           3  0.000000000000000E+000
          40           4  0.000000000000000E+000
          40           5  0.000000000000000E+000
          40           6  0.000000000000000E+000
          40           7  0.000000000000000E+000
          40           8  0.000000000000000E+000
          40           9  0.000000000000000E+000
          40          10  0.000000000000000E+000
          40          11  0.000000000000000E+000
          40          12  0.000000000000000E+000
          40          13  0.000000000000000E+000
          40          14  0.000000000000000E+000
          40          15  0.000000000000000E+000
          40          16  0.000000000000000E+000
          40          17  0.000000000000000E+000
          40          18  0.000000000000000E+000
          40          19  0.000000000000000E+000
          40          20  0.000000000000000E+000
          40          21  0.000000000000000E+000
          40          22  0.000000000000000E+000
          40          23  0.000000000000000E+000
          40          24  0.000000000000000E+000
          40          25  0.000000000000000E+000
          40          26  0.000000000000000E+000
          40          27  0.000000000000000E+000
          40          28  -103548385.565052     
          40          29  -77991.4529914532     
          40          30  -2339743.58974359     
          40          31   209738081.671415     
          40          32  -311965.811965813     
          40          33  0.000000000000000E+000
          40          34  -103548385.565052     
          40          35  -77991.4529914532     
          40          36   2339743.58974359     
          40          37  -413794919.278253     
          40          38  2.328306436538696E-010
          40          39  -9358974.35897435     
          40          40   840546818.613486     
          40          41  9.313225746154785E-010
          40          42  0.000000000000000E+000
          40          43  -413794919.278253     
          40          44  2.328306436538696E-010
          40          45   9358974.35897435     
          40          46  -418162440.645774     
          40          47  1.164153218269348E-010
          40          48  -62393162.3931624     
          40          49   823076733.143400     
          40          50  6.984919309616089E-010
          40          51  0.000000000000000E+000
          40          52  -418162440.645774     
          40          53  1.164153218269348E-010
          40          54   62393162.3931624     
          40          55   208207716.049383     
          40          56 -6.912159733474255E-011
          40          57   15598290.5982906     
          40          58  -415032383.665717     
          40          59 -2.473825588822365E-010
          40          60  0.000000000000000E+000
          40          61   208207716.049383     
          40          62 -6.912159733474255E-011
          40          63  -15598290.5982906     
          40          64   52101756.8850903     
          40          65   129985.754985755     
          40          66   3899572.64957265     
          40          67  -103558784.425451     
          40          68   519943.019943020     
          40          69  0.000000000000000E+000
          40          70   52101756.8850903     
          40          71   129985.754985755     
          40          72  -3899572.64957265     
          40          73  -104640265.906933     
          40          74  -519943.019943021     
          40          75  -15598290.5982906     
          40          76   205370560.303894     
          40          77  -2079772.07977208     
          40          78  0.000000000000000E+000
          40          79  -104640265.906933     
          40          80  -519943.019943021     
          40          81   15598290.5982906     
          40          82  -103548385.565052     
          40          83   77991.4529914530     
          40          84  -2339743.58974359     
          40          85   209738081.671415     
          40          86   311965.811965812     
          40          87  0.000000000000000E+000
          40          88  -103548385.565052     
          40          89   77991.4529914530     
          40          90   2339743.58974359     
          40          91   51748195.6315290     
          40          92  -19497.8632478633     
          40          93   1169871.79487179     
          40          94  -104973029.439696     
          40          95  -77991.4529914531     
          40          96  0.000000000000000E+000
          40          97   51748195.6315290     
          40          98  -19497.8632478633     
          40          99  -1169871.79487179     
          40         100   52294135.8024692     
          40         101  -129985.754985755     
          40         102   7799145.29914531     
          40         103  -102789268.755936     
          40         104  -519943.019943020     
          40         105  0.000000000000000E+000
          40         106   52294135.8024692     
          40         107  -129985.754985755     
          40         108  -7799145.29914531     
          40         109  -26037879.8670465     
          40         110   32496.4387464387     
          40         111  -1949786.32478632     
          40         112   51831386.5147198     
          40         113   129985.754985755     
          40         114  0.000000000000000E+000
          40         115  -26037879.8670465     
          40         116   32496.4387464387     
          40         117   1949786.32478632     
          40         118   52101756.8850902     
          40         119  -129985.754985755     
          40         120   3899572.64957265     
          40         121  -103558784.425451     
          40         122  -519943.019943020     
          40         123  0.000000000000000E+000
          40         124   52101756.8850902     
          40         125  -129985.754985755     
          40         126  -3899572.64957265     
          40         127  -104640265.906933     
          40         128   519943.019943020     
          40         129  -15598290.5982906     
          40         130   205370560.303894     
          40         131   2079772.07977208     
          40         132  0.000000000000000E+000
          40         133  -104640265.906933     
          40         134   519943.019943020     
          40         135   15598290.5982906     
          41           1  0.000000000000000E+000
          41           2  0.000000000000000E+000
          41           3  0.000000000000000E+000
          41           4  0.000000000000000E+000
          41           5  0.000000000000000E+000
          41           6  0.000000000000000E+000
          41           7  0.000000000000000E+000
          41           8  0.000000000000000E+000
          41           9  0.000000000000000E+000
          41          10  0.000000000000000E+000
          41          11  0.000000000000000E+000
          41          12  0.000000000000000E+000
          41          13  0.000000000000000E+000
          41          14  0.000000000000000E+000
          41          15  0.000000000000000E+000
          41          16  0.000000000000000E+000
          41          17  0.000000000000000E+000
          41          18  0.000000000000000E+000
          41          19  0.000000000000000E+000
          41          20  0.000000000000000E+000
          41          21  0.000000000000000E+000
          41          22  0.000000000000000E+000
          41          23  0.000000000000000E+000
          41          24  0.000000000000000E+000
          41          25  0.000000000000000E+000
          41          26  0.000000000000000E+000
          41          27  0.000000000000000E+000
          41          28   77991.4529914531     
          41          29  -208025735.992403     
          41          30  -15598290.5982906     
          41          31   311965.811965813     
          41          32   415760303.893638     
          41          33  0.000000000000000E+000
          41          34   77991.4529914531     
          41          35  -208025735.992403     
          41          36   15598290.5982906     
          41          37  2.328306436538696E-010
          41          38  -414959591.642925     
          41          39 -2.328306436538696E-009
          41          40  1.164153218269348E-009
          41          41   835888129.154796     
          41          42  0.000000000000000E+000
          41          43  2.328306436538696E-010
          41          44  -414959591.642925     
          41          45  2.328306436538696E-009
          41          46 -2.473825588822365E-010
          41          47  -208277041.785375     
          41          48 -1.396983861923218E-009
          41          49 -1.047737896442413E-009
          41          50   414755080.721748     
          41          51  0.000000000000000E+000
          41          52 -2.473825588822365E-010
          41          53  -208277041.785375     
          41          54  1.396983861923218E-009
          41          55  8.003553375601768E-011
          41          56   103930543.684710     
          41          57  0.000000000000000E+000
          41          58  2.473825588822365E-010
          41          59  -208209449.192783     
          41          60  0.000000000000000E+000
          41          61  8.003553375601768E-011
          41          62   103930543.684710     
          41          63  0.000000000000000E+000
          41          64   129985.754985755     
          41          65   52101756.8850903     
          41          66   3899572.64957265     
          41          67   519943.019943020     
          41          68  -103558784.425451     
          41          69  0.000000000000000E+000
          41          70   129985.754985755     
          41          71   52101756.8850903     
          41          72  -3899572.64957265     
          41          73  -519943.019943021     
          41          74  -104411490.978158     
          41          75  -7799145.29914531     
          41          76  -2079772.07977208     
          41          77   206285660.018994     
          41          78  0.000000000000000E+000
          41          79  -519943.019943021     
          41          80  -104411490.978158     
          41          81   7799145.29914531     
          41          82  -77991.4529914531     
          41          83  -208025735.992403     
          41          84   15598290.5982906     
          41          85  -311965.811965812     
          41          86   415760303.893637     
          41          87  0.000000000000000E+000
          41          88  -77991.4529914531     
          41          89  -208025735.992403     
          41          90  -15598290.5982906     
          41          91   19497.8632478633     
          41          92   103903679.962013     
          41          93  -3899572.64957265     
          41          94   77991.4529914532     
          41          95  -208316904.083571     
          41          96  0.000000000000000E+000
          41          97   19497.8632478633     
          41          98   103903679.962013     
          41          99   3899572.64957265     
          41         100  -129985.754985755     
          41         101   52151151.4719848     
          41         102  -1949786.32478633     
          41         103  -519943.019943020     
          41         104  -103361206.077873     
          41         105  0.000000000000000E+000
          41         106  -129985.754985755     
          41         107   52151151.4719848     
          41         108   1949786.32478633     
          41         109   32496.4387464388     
          41         110  -26023581.4339981     
          41         111   974893.162393163     
          41         112   129985.754985755     
          41         113   51888580.2469136     
          41         114  0.000000000000000E+000
          41         115   32496.4387464388     
          41         116  -26023581.4339981     
          41         117  -974893.162393163     
          41         118  -129985.754985755     
          41         119   52101756.8850902     
          41         120  -3899572.64957265     
          41         121  -519943.019943020     
          41         122  -103558784.425451     
          41         123  0.000000000000000E+000
          41         124  -129985.754985755     
          41         125   52101756.8850902     
          41         126   3899572.64957265     
          41         127   519943.019943020     
          41         128  -104411490.978158     
          41         129   7799145.29914530     
          41         130   2079772.07977208     
          41         131   206285660.018993     
          41         132  0.000000000000000E+000
          41         133   519943.019943020     
          41         134  -104411490.978158     
          41         135  -7799145.29914530     
          42           1  0.000000000000000E+000
          42           2  0.000000000000000E+000
          42           3  0.000000000000000E+000
          42           4  0.000000000000000E+000
          42           5  0.000000000000000E+000
          42           6  0.000000000000000E+000
          42           7  0.000000000000000E+000
          42           8  0.000000000000000E+000
          42           9  0.000000000000000E+000
          42          10  0.000000000000000E+000
          42          11  0.000000000000000E+000
          42          12  0.000000000000000E+000
          42          13  0.000000000000000E+000
          42          14  0.000000000000000E+000
          42          15  0.000000000000000E+000
          42          16  0.000000000000000E+000
          42          17  0.000000000000000E+000
          42          18  0.000000000000000E+000
          42          19  0.000000000000000E+000
          42          20  0.000000000000000E+000
          42          21  0.000000000000000E+000
          42          22  0.000000000000000E+000
          42          23  0.000000000000000E+000
          42          24  0.000000000000000E+000
          42          25  0.000000000000000E+000
          42          26  0.000000000000000E+000
          42          27  0.000000000000000E+000
          42          28   2339743.58974359     
          42          29  -15598290.5982906     
          42          30  -436689743.589744     
          42          31  0.000000000000000E+000
          42          32  0.000000000000000E+000
          42          33   873753846.153847     
          42          34  -2339743.58974359     
          42          35   15598290.5982906     
          42          36  -436689743.589744     
          42          37   9358974.35897435     
          42          38  4.190951585769653E-009
          42          39  -1746280626.78063     
          42          40  0.000000000000000E+000
          42          41  0.000000000000000E+000
          42          42   3496928774.92877     
          42          43  -9358974.35897435     
          42          44 -4.190951585769653E-009
          42          45  -1746280626.78063     
          42          46  -62393162.3931624     
          42          47  4.656612873077393E-009
          42          48  -874097008.547008     
          42          49  0.000000000000000E+000
          42          50  0.000000000000000E+000
          42          51   1744637606.83761     
          42          52   62393162.3931624     
          42          53 -4.656612873077393E-009
          42          54  -874097008.547008     
          42          55   15598290.5982906     
          42          56 -1.979060471057892E-009
          42          57   436798931.623931     
          42          58  0.000000000000000E+000
          42          59  0.000000000000000E+000
          42          60  -873317094.017094     
          42          61  -15598290.5982906     
          42          62  1.979060471057892E-009
          42          63   436798931.623931     
          42          64   3899572.64957265     
          42          65   3899572.64957265     
          42          66   109229629.629630     
          42          67  0.000000000000000E+000
          42          68  0.000000000000000E+000
          42          69  -218209686.609687     
          42          70  -3899572.64957265     
          42          71  -3899572.64957265     
          42          72   109229629.629630     
          42          73  -15598290.5982906     
          42          74  -7799145.29914530     
          42          75  -218584045.584046     
          42          76  0.000000000000000E+000
          42          77  0.000000000000000E+000
          42          78   435920227.920228     
          42          79   15598290.5982906     
          42          80   7799145.29914530     
          42          81  -218584045.584046     
          42          82   2339743.58974359     
          42          83   15598290.5982906     
          42          84  -436689743.589743     
          42          85  0.000000000000000E+000
          42          86  0.000000000000000E+000
          42          87   873753846.153845     
          42          88  -2339743.58974359     
          42          89  -15598290.5982906     
          42          90  -436689743.589743     
          42          91  -1169871.79487179     
          42          92  -3899572.64957265     
          42          93   218313675.213675     
          42          94  0.000000000000000E+000
          42          95  0.000000000000000E+000
          42          96  -437001709.401710     
          42          97   1169871.79487179     
          42          98   3899572.64957265     
          42          99   218313675.213675     
          42         100   7799145.29914530     
          42         101  -1949786.32478633     
          42         102   109276424.501425     
          42         103  0.000000000000000E+000
          42         104  0.000000000000000E+000
          42         105  -218022507.122507     
          42         106  -7799145.29914530     
          42         107   1949786.32478633     
          42         108   109276424.501425     
          42         109  -1949786.32478633     
          42         110   974893.162393162     
          42         111  -54607015.6695157     
          42         112  0.000000000000000E+000
          42         113  0.000000000000000E+000
          42         114   109136039.886040     
          42         115   1949786.32478633     
          42         116  -974893.162393162     
          42         117  -54607015.6695157     
          42         118   3899572.64957265     
          42         119  -3899572.64957265     
          42         120   109229629.629630     
          42         121  0.000000000000000E+000
          42         122  0.000000000000000E+000
          42         123  -218209686.609686     
          42         124  -3899572.64957265     
          42         125   3899572.64957265     
          42         126   109229629.629630     
          42         127  -15598290.5982906     
          42         128   7799145.29914530     
          42         129  -218584045.584046     
          42         130  0.000000000000000E+000
          42         131  0.000000000000000E+000
          42         132   435920227.920228     
          42         133   15598290.5982906     
          42         134  -7799145.29914530     
          42         135  -218584045.584046     
          43           4  0.000000000000000E+000
          43           5  0.000000000000000E+000
          43           6  0.000000000000000E+000
          43           7  0.000000000000000E+000
          43           8  0.000000000000000E+000
          43           9  0.000000000000000E+000
          43          13  0.000000000000000E+000
          43          14  0.000000000000000E+000
          43          15  0.000000000000000E+000
          43          16  0.000000000000000E+000
          43          17  0.000000000000000E+000
          43          18  0.000000000000000E+000
          43          22  0.000000000000000E+000
          43          23  0.000000000000000E+000
          43          24  0.000000000000000E+000
          43          25  0.000000000000000E+000
          43          26  0.000000000000000E+000
          43          27  0.000000000000000E+000
          43          31  -103548385.565052     
          43          32  -77991.4529914532     
          43          33  -2339743.58974359     
          43          34   104869040.835708     
          43          35  -155982.905982906     
          43          36   11698717.9487180     
          43          40  -413794919.278253     
          43          41  2.328306436538696E-010
          43          42  -9358974.35897435     
          43          43   420273409.306743     
          43          44  4.656612873077393E-010
          43          45   46794871.7948718     
          43          49  -418162440.645774     
          43          50  1.164153218269348E-010
          43          51  -62393162.3931624     
          43          52   411538366.571700     
          43          53  3.492459654808044E-010
          43          54   12478632.4786325     
          43          58   208207716.049383     
          43          59 -6.912159733474255E-011
          43          60   15598290.5982906     
          43          61  -207516191.832858     
          43          62 -1.236912794411182E-010
          43          63  -3119658.11965812     
          43          67   52101756.8850903     
          43          68   129985.754985755     
          43          69   3899572.64957265     
          43          70  -51779392.2127256     
          43          71   259971.509971510     
          43          72  -779914.529914532     
          43          76  -104640265.906933     
          43          77  -519943.019943021     
          43          78  -15598290.5982906     
          43          79   102685280.151947     
          43          80  -1039886.03988604     
          43          81   3119658.11965812     
          43          85  -103548385.565052     
          43          86   77991.4529914530     
          43          87  -2339743.58974359     
          43          88   104869040.835708     
          43          89   155982.905982906     
          43          90   11698717.9487180     
          43          94   51748195.6315290     
          43          95  -19497.8632478633     
          43          96   1169871.79487179     
          43          97  -52486514.7198481     
          43          98  -38995.7264957265     
          43          99  -5849358.97435898     
          43         103   52294135.8024692     
          43         104  -129985.754985755     
          43         105   7799145.29914531     
          43         106  -51394634.3779678     
          43         107  -259971.509971510     
          43         108  -1559829.05982906     
          43         112  -26037879.8670465     
          43         113   32496.4387464387     
          43         114  -1949786.32478632     
          43         115   25915693.2573599     
          43         116   64992.8774928775     
          43         117   389957.264957265     
          43         121   52101756.8850902     
          43         122  -129985.754985755     
          43         123   3899572.64957265     
          43         124  -51779392.2127255     
          43         125  -259971.509971510     
          43         126  -779914.529914530     
          43         130  -104640265.906933     
          43         131   519943.019943020     
          43         132  -15598290.5982906     
          43         133   102685280.151947     
          43         134   1039886.03988604     
          43         135   3119658.11965812     
          44           4  0.000000000000000E+000
          44           5  0.000000000000000E+000
          44           6  0.000000000000000E+000
          44           7  0.000000000000000E+000
          44           8  0.000000000000000E+000
          44           9  0.000000000000000E+000
          44          13  0.000000000000000E+000
          44          14  0.000000000000000E+000
          44          15  0.000000000000000E+000
          44          16  0.000000000000000E+000
          44          17  0.000000000000000E+000
          44          18  0.000000000000000E+000
          44          22  0.000000000000000E+000
          44          23  0.000000000000000E+000
          44          24  0.000000000000000E+000
          44          25  0.000000000000000E+000
          44          26  0.000000000000000E+000
          44          27  0.000000000000000E+000
          44          31   77991.4529914531     
          44          32  -208025735.992403     
          44          33  -15598290.5982906     
          44          34   155982.905982906     
          44          35   207880151.946819     
          44          36   3119658.11965812     
          44          40  2.328306436538696E-010
          44          41  -414959591.642925     
          44          42 -2.328306436538696E-009
          44          43  5.820766091346741E-010
          44          44   417944064.577398     
          44          45  1.117587089538574E-008
          44          49 -2.473825588822365E-010
          44          50  -208277041.785375     
          44          51 -1.396983861923218E-009
          44          52 -5.238689482212067E-010
          44          53   207377540.360874     
          44          54  6.519258022308350E-009
          44          58  8.003553375601768E-011
          44          59   103930543.684710     
          44          60  0.000000000000000E+000
          44          61  1.236912794411182E-010
          44          62  -104104724.596391     
          44          63 -2.793967723846436E-009
          44          67   129985.754985755     
          44          68   52101756.8850903     
          44          69   3899572.64957265     
          44          70   259971.509971510     
          44          71  -51779392.2127256     
          44          72  -779914.529914531     
          44          76  -519943.019943021     
          44          77  -104411490.978158     
          44          78  -7799145.29914531     
          44          79  -1039886.03988604     
          44          80   103142830.009497     
          44          81   1559829.05982906     
          44          85  -77991.4529914531     
          44          86  -208025735.992403     
          44          87   15598290.5982906     
          44          88  -155982.905982906     
          44          89   207880151.946819     
          44          90  -3119658.11965812     
          44          94   19497.8632478633     
          44          95   103903679.962013     
          44          96  -3899572.64957265     
          44          97   38995.7264957266     
          44          98  -104158452.041785     
          44          99   779914.529914530     
          44         103  -129985.754985755     
          44         104   52151151.4719848     
          44         105  -1949786.32478633     
          44         106  -259971.509971510     
          44         107  -51680603.0389364     
          44         108   389957.264957265     
          44         112   32496.4387464388     
          44         113  -26023581.4339981     
          44         114   974893.162393163     
          44         115   64992.8774928775     
          44         116   25944290.1234568     
          44         117  -194978.632478632     
          44         121  -129985.754985755     
          44         122   52101756.8850902     
          44         123  -3899572.64957265     
          44         124  -259971.509971510     
          44         125  -51779392.2127255     
          44         126   779914.529914530     
          44         130   519943.019943020     
          44         131  -104411490.978158     
          44         132   7799145.29914530     
          44         133   1039886.03988604     
          44         134   103142830.009497     
          44         135  -1559829.05982906     
          45           4  0.000000000000000E+000
          45           5  0.000000000000000E+000
          45           6  0.000000000000000E+000
          45           7  0.000000000000000E+000
          45           8  0.000000000000000E+000
          45           9  0.000000000000000E+000
          45          13  0.000000000000000E+000
          45          14  0.000000000000000E+000
          45          15  0.000000000000000E+000
          45          16  0.000000000000000E+000
          45          17  0.000000000000000E+000
          45          18  0.000000000000000E+000
          45          22  0.000000000000000E+000
          45          23  0.000000000000000E+000
          45          24  0.000000000000000E+000
          45          25  0.000000000000000E+000
          45          26  0.000000000000000E+000
          45          27  0.000000000000000E+000
          45          31   2339743.58974359     
          45          32  -15598290.5982906     
          45          33  -436689743.589744     
          45          34   11698717.9487180     
          45          35  -3119658.11965813     
          45          36   436876923.076923     
          45          40   9358974.35897435     
          45          41  4.190951585769653E-009
          45          42  -1746280626.78063     
          45          43   46794871.7948718     
          45          44  1.117587089538574E-008
          45          45   1748464387.46439     
          45          49  -62393162.3931624     
          45          50  4.656612873077393E-009
          45          51  -874097008.547008     
          45          52  -12478632.4786325     
          45          53  9.313225746154785E-009
          45          54   872318803.418803     
          45          58   15598290.5982906     
          45          59 -1.979060471057892E-009
          45          60   436798931.623931     
          45          61   3119658.11965812     
          45          62 -4.190951585769653E-009
          45          63  -436658547.008547     
          45          67   3899572.64957265     
          45          68   3899572.64957265     
          45          69   109229629.629630     
          45          70   779914.529914530     
          45          71   779914.529914529     
          45          72  -109104843.304843     
          45          76  -15598290.5982906     
          45          77  -7799145.29914530     
          45          78  -218584045.584046     
          45          79  -3119658.11965812     
          45          80  -1559829.05982906     
          45          81   217960113.960114     
          45          85   2339743.58974359     
          45          86   15598290.5982906     
          45          87  -436689743.589743     
          45          88   11698717.9487179     
          45          89   3119658.11965812     
          45          90   436876923.076923     
          45          94  -1169871.79487179     
          45          95  -3899572.64957265     
          45          96   218313675.213675     
          45          97  -5849358.97435898     
          45          98  -779914.529914530     
          45          99  -218500854.700855     
          45         103   7799145.29914530     
          45         104  -1949786.32478633     
          45         105   109276424.501425     
          45         106   1559829.05982906     
          45         107  -389957.264957265     
          45         108  -109011253.561254     
          45         112  -1949786.32478633     
          45         113   974893.162393162     
          45         114  -54607015.6695157     
          45         115  -389957.264957265     
          45         116   194978.632478633     
          45         117   54568019.9430199     
          45         121   3899572.64957265     
          45         122  -3899572.64957265     
          45         123   109229629.629630     
          45         124   779914.529914529     
          45         125  -779914.529914529     
          45         126  -109104843.304843     
          45         130  -15598290.5982906     
          45         131   7799145.29914530     
          45         132  -218584045.584046     
          45         133  -3119658.11965811     
          45         134   1559829.05982906     
          45         135   217960113.960114     
          46           1  0.000000000000000E+000
          46           2  0.000000000000000E+000
          46           3  0.000000000000000E+000
          46           4  0.000000000000000E+000
          46           5  0.000000000000000E+000
          46           6  0.000000000000000E+000
          46          10  0.000000000000000E+000
          46          11  0.000000000000000E+000
          46          12  0.000000000000000E+000
          46          13  0.000000000000000E+000
          46          14  0.000000000000000E+000
          46          15  0.000000000000000E+000
          46          19  0.000000000000000E+000
          46          20  0.000000000000000E+000
          46          21  0.000000000000000E+000
          46          22  0.000000000000000E+000
          46          23  0.000000000000000E+000
          46          24  0.000000000000000E+000
          46          28   102685280.151947     
          46          29   1039886.03988604     
          46          30   3119658.11965813     
          46          31  -104640265.906933     
          46          32   519943.019943021     
          46          33  -15598290.5982906     
          46          37   411538366.571700     
          46          38 -4.365574568510056E-010
          46          39   12478632.4786325     
          46          40  -418162440.645774     
          46          41 -2.473825588822365E-010
          46          42  -62393162.3931624     
          46          46   1674105603.03894     
          46          47  1.646185410209000E-010
          46          48  6.775371730327606E-008
          46          49  -1658673694.20703     
          46          50  8.230927051045001E-011
          46          51 -7.566995918750763E-009
          46          55   411538366.571700     
          46          56  4.947651177644730E-010
          46          57  -12478632.4786325     
          46          58  -418162440.645774     
          46          59  3.346940502524376E-010
          46          60   62393162.3931624     
          46          64   102685280.151947     
          46          65  -1039886.03988604     
          46          66  -3119658.11965813     
          46          67  -104640265.906933     
          46          68  -519943.019943020     
          46          69   15598290.5982906     
          46          73   417729154.795822     
          46          74 -5.820766091346741E-011
          46          75  1.117587089538574E-008
          46          76  -415067046.533713     
          46          77 -4.365574568510056E-011
          46          78 -4.656612873077393E-009
          46          82   102685280.151947     
          46          83  -1039886.03988604     
          46          84   3119658.11965811     
          46          85  -104640265.906933     
          46          86  -519943.019943020     
          46          87  -15598290.5982906     
          46          91  -51394634.3779678     
          46          92   259971.509971510     
          46          93  -1559829.05982906     
          46          94   52294135.8024692     
          46          95   129985.754985755     
          46          96   7799145.29914531     
          46         100  -209072554.605888     
          46         101  1.164153218269348E-010
          46         102 -1.164153218269348E-008
          46         103   207429534.662868     
          46         104  6.548361852765083E-011
          46         105  1.862645149230957E-009
          46         109  -51394634.3779677     
          46         110  -259971.509971510     
          46         111   1559829.05982906     
          46         112   52294135.8024691     
          46         113  -129985.754985755     
          46         114  -7799145.29914530     
          46         118   102685280.151947     
          46         119   1039886.03988604     
          46         120  -3119658.11965811     
          46         121  -104640265.906933     
          46         122   519943.019943020     
          46         123   15598290.5982906     
          46         127   417729154.795821     
          46         128 -5.093170329928398E-010
          46         129  2.095475792884827E-008
          46         130  -415067046.533713     
          46         131 -2.401066012680531E-010
          46         132 -2.211891114711761E-009
          47           1  0.000000000000000E+000
          47           2  0.000000000000000E+000
          47           3  0.000000000000000E+000
          47           4  0.000000000000000E+000
          47           5  0.000000000000000E+000
          47           6  0.000000000000000E+000
          47          10  0.000000000000000E+000
          47          11  0.000000000000000E+000
          47          12  0.000000000000000E+000
          47          13  0.000000000000000E+000
          47          14  0.000000000000000E+000
          47          15  0.000000000000000E+000
          47          19  0.000000000000000E+000
          47          20  0.000000000000000E+000
          47          21  0.000000000000000E+000
          47          22  0.000000000000000E+000
          47          23  0.000000000000000E+000
          47          24  0.000000000000000E+000
          47          28   1039886.03988604     
          47          29   103142830.009497     
          47          30  -1559829.05982906     
          47          31   519943.019943021     
          47          32  -104411490.978158     
          47          33   7799145.29914531     
          47          37  2.910383045673370E-010
          47          38   207377540.360874     
          47          39 -8.381903171539307E-009
          47          40  1.455191522836685E-010
          47          41  -208277041.785375     
          47          42  3.725290298461914E-009
          47          46  1.273292582482100E-010
          47          47   1670112440.64578     
          47          48 -2.980232238769531E-008
          47          49  1.218722900375724E-010
          47          50  -1660670275.40361     
          47          51  3.725290298461914E-009
          47          55 -5.238689482212067E-010
          47          56   207377540.360874     
          47          57 -7.450580596923828E-009
          47          58 -2.764863893389702E-010
          47          59  -208277041.785375     
          47          60  3.026798367500305E-009
          47          64  -1039886.03988604     
          47          65   103142830.009497     
          47          66  -1559829.05982906     
          47          67  -519943.019943020     
          47          68  -104411490.978158     
          47          69   7799145.29914530     
          47          73 -3.492459654808044E-010
          47          74   830688698.955366     
          47          75  -12478632.4786325     
          47          76 -2.328306436538696E-010
          47          77  -832518898.385566     
          47          78   62393162.3931624     
          47          82  -1039886.03988604     
          47          83   103142830.009497     
          47          84   1559829.05982906     
          47          85  -519943.019943020     
          47          86  -104411490.978158     
          47          87  -7799145.29914530     
          47          91   259971.509971510     
          47          92  -51680603.0389364     
          47          93  -389957.264957265     
          47          94   129985.754985755     
          47          95   52151151.4719848     
          47          96   1949786.32478633     
          47         100 -1.746229827404022E-010
          47         101  -416217853.751187     
          47         102  -3119658.11965812     
          47         103 -6.548361852765083E-011
          47         104   415822697.056030     
          47         105   15598290.5982906     
          47         109  -259971.509971510     
          47         110  -51680603.0389364     
          47         111  -389957.264957264     
          47         112  -129985.754985755     
          47         113   52151151.4719848     
          47         114   1949786.32478632     
          47         118   1039886.03988604     
          47         119   103142830.009497     
          47         120   1559829.05982906     
          47         121   519943.019943020     
          47         122  -104411490.978158     
          47         123  -7799145.29914530     
          47         127  3.346940502524376E-010
          47         128   830688698.955366     
          47         129   12478632.4786325     
          47         130  1.746229827404022E-010
          47         131  -832518898.385565     
          47         132  -62393162.3931624     
          48           1  0.000000000000000E+000
          48           2  0.000000000000000E+000
          48           3  0.000000000000000E+000
          48           4  0.000000000000000E+000
          48           5  0.000000000000000E+000
          48           6  0.000000000000000E+000
          48          10  0.000000000000000E+000
          48          11  0.000000000000000E+000
          48          12  0.000000000000000E+000
          48          13  0.000000000000000E+000
          48          14  0.000000000000000E+000
          48          15  0.000000000000000E+000
          48          19  0.000000000000000E+000
          48          20  0.000000000000000E+000
          48          21  0.000000000000000E+000
          48          22  0.000000000000000E+000
          48          23  0.000000000000000E+000
          48          24  0.000000000000000E+000
          48          28  -3119658.11965812     
          48          29   1559829.05982906     
          48          30   217960113.960114     
          48          31  -15598290.5982906     
          48          32   7799145.29914531     
          48          33  -218584045.584046     
          48          37  -12478632.4786325     
          48          38 -6.519258022308350E-009
          48          39   872318803.418803     
          48          40  -62393162.3931624     
          48          41 -4.656612873077393E-010
          48          42  -874097008.547009     
          48          46  5.654874257743359E-008
          48          47 -3.725290298461914E-008
          48          48   6991860968.66097     
          48          49  5.704350769519806E-009
          48          50 -7.450580596923828E-009
          48          51  -6986120797.72080     
          48          55   12478632.4786325     
          48          56 -6.519258022308350E-009
          48          57   872318803.418803     
          48          58   62393162.3931624     
          48          59 -1.862645149230957E-009
          48          60  -874097008.547008     
          48          64   3119658.11965811     
          48          65   1559829.05982906     
          48          66   217960113.960114     
          48          67   15598290.5982906     
          48          68   7799145.29914530     
          48          69  -218584045.584046     
          48          73  5.587935447692871E-009
          48          74   12478632.4786325     
          48          75   1747008547.00855     
          48          76 -1.862645149230957E-009
          48          77   62393162.3931624     
          48          78  -1747008547.00855     
          48          82  -3119658.11965813     
          48          83  -1559829.05982906     
          48          84   217960113.960114     
          48          85  -15598290.5982906     
          48          86  -7799145.29914530     
          48          87  -218584045.584046     
          48          91   1559829.05982906     
          48          92   389957.264957265     
          48          93  -109011253.561254     
          48          94   7799145.29914531     
          48          95   1949786.32478633     
          48          96   109276424.501425     
          48         100 -1.094304025173187E-008
          48         101   3119658.11965812     
          48         102  -873753846.153847     
          48         103 -1.629814505577087E-009
          48         104   15598290.5982906     
          48         105   873379487.179488     
          48         109  -1559829.05982906     
          48         110   389957.264957265     
          48         111  -109011253.561254     
          48         112  -7799145.29914530     
          48         113   1949786.32478632     
          48         114   109276424.501424     
          48         118   3119658.11965812     
          48         119  -1559829.05982906     
          48         120   217960113.960114     
          48         121   15598290.5982906     
          48         122  -7799145.29914530     
          48         123  -218584045.584045     
          48         127  1.839362084865570E-008
          48         128  -12478632.4786325     
          48         129   1747008547.00855     
          48         130  3.376044332981110E-009
          48         131  -62393162.3931624     
          48         132  -1747008547.00855     
          49           1  0.000000000000000E+000
          49           2  0.000000000000000E+000
          49           3  0.000000000000000E+000
          49           4  0.000000000000000E+000
          49           5  0.000000000000000E+000
          49           6  0.000000000000000E+000
          49           7  0.000000000000000E+000
          49           8  0.000000000000000E+000
          49           9  0.000000000000000E+000
          49          10  0.000000000000000E+000
          49          11  0.000000000000000E+000
          49          12  0.000000000000000E+000
          49          13  0.000000000000000E+000
          49          14  0.000000000000000E+000
          49          15  0.000000000000000E+000
          49          16  0.000000000000000E+000
          49          17  0.000000000000000E+000
          49          18  0.000000000000000E+000
          49          19  0.000000000000000E+000
          49          20  0.000000000000000E+000
          49          21  0.000000000000000E+000
          49          22  0.000000000000000E+000
          49          23  0.000000000000000E+000
          49          24  0.000000000000000E+000
          49          25  0.000000000000000E+000
          49          26  0.000000000000000E+000
          49          27  0.000000000000000E+000
          49          28  -104640265.906933     
          49          29   519943.019943021     
          49          30   15598290.5982906     
          49          31   205370560.303894     
          49          32   2079772.07977208     
          49          33  0.000000000000000E+000
          49          34  -104640265.906933     
          49          35   519943.019943021     
          49          36  -15598290.5982906     
          49          37  -418162440.645774     
          49          38 -2.473825588822365E-010
          49          39   62393162.3931624     
          49          40   823076733.143400     
          49          41 -8.731149137020111E-010
          49          42  0.000000000000000E+000
          49          43  -418162440.645774     
          49          44 -2.473825588822365E-010
          49          45  -62393162.3931624     
          49          46  -1658673694.20703     
          49          47  8.230927051045001E-011
          49          48  7.566995918750763E-009
          49          49   3348211206.07787     
          49          50  3.292370820418000E-010
          49          51  0.000000000000000E+000
          49          52  -1658673694.20703     
          49          53  8.230927051045001E-011
          49          54 -7.566995918750763E-009
          49          55  -418162440.645774     
          49          56  3.346940502524376E-010
          49          57  -62393162.3931624     
          49          58   823076733.143400     
          49          59  9.895302355289459E-010
          49          60  0.000000000000000E+000
          49          61  -418162440.645774     
          49          62  3.346940502524376E-010
          49          63   62393162.3931624     
          49          64  -104640265.906933     
          49          65  -519943.019943020     
          49          66  -15598290.5982906     
          49          67   205370560.303894     
          49          68  -2079772.07977208     
          49          69  0.000000000000000E+000
          49          70  -104640265.906933     
          49          71  -519943.019943020     
          49          72   15598290.5982906     
          49          73  -415067046.533713     
          49          74 -4.365574568510056E-011
          49          75  4.656612873077393E-009
          49          76   835458309.591643     
          49          77 -1.164153218269348E-010
          49          78  0.000000000000000E+000
          49          79  -415067046.533713     
          49          80 -4.365574568510056E-011
          49          81 -4.656612873077393E-009
          49          82  -104640265.906933     
          49          83  -519943.019943020     
          49          84   15598290.5982906     
          49          85   205370560.303894     
          49          86  -2079772.07977208     
          49          87  0.000000000000000E+000
          49          88  -104640265.906933     
          49          89  -519943.019943020     
          49          90  -15598290.5982906     
          49          91   52294135.8024692     
          49          92   129985.754985755     
          49          93  -7799145.29914531     
          49          94  -102789268.755936     
          49          95   519943.019943020     
          49          96  0.000000000000000E+000
          49          97   52294135.8024692     
          49          98   129985.754985755     
          49          99   7799145.29914531     
          49         100   207429534.662868     
          49         101  6.548361852765083E-011
          49         102 -1.862645149230957E-009
          49         103  -418145109.211776     
          49         104  2.328306436538696E-010
          49         105  0.000000000000000E+000
          49         106   207429534.662868     
          49         107  6.548361852765083E-011
          49         108  1.862645149230957E-009
          49         109   52294135.8024691     
          49         110  -129985.754985755     
          49         111   7799145.29914530     
          49         112  -102789268.755935     
          49         113  -519943.019943020     
          49         114  0.000000000000000E+000
          49         115   52294135.8024691     
          49         116  -129985.754985755     
          49         117  -7799145.29914530     
          49         118  -104640265.906933     
          49         119   519943.019943020     
          49         120  -15598290.5982906     
          49         121   205370560.303894     
          49         122   2079772.07977208     
          49         123  0.000000000000000E+000
          49         124  -104640265.906933     
          49         125   519943.019943020     
          49         126   15598290.5982906     
          49         127  -415067046.533713     
          49         128 -2.401066012680531E-010
          49         129  2.211891114711761E-009
          49         130   835458309.591643     
          49         131 -1.018634065985680E-009
          49         132  0.000000000000000E+000
          49         133  -415067046.533713     
          49         134 -2.401066012680531E-010
          49         135 -2.211891114711761E-009
          50           1  0.000000000000000E+000
          50           2  0.000000000000000E+000
          50           3  0.000000000000000E+000
          50           4  0.000000000000000E+000
          50           5  0.000000000000000E+000
          50           6  0.000000000000000E+000
          50           7  0.000000000000000E+000
          50           8  0.000000000000000E+000
          50           9  0.000000000000000E+000
          50          10  0.000000000000000E+000
          50          11  0.000000000000000E+000
          50          12  0.000000000000000E+000
          50          13  0.000000000000000E+000
          50          14  0.000000000000000E+000
          50          15  0.000000000000000E+000
          50          16  0.000000000000000E+000
          50          17  0.000000000000000E+000
          50          18  0.000000000000000E+000
          50          19  0.000000000000000E+000
          50          20  0.000000000000000E+000
          50          21  0.000000000000000E+000
          50          22  0.000000000000000E+000
          50          23  0.000000000000000E+000
          50          24  0.000000000000000E+000
          50          25  0.000000000000000E+000
          50          26  0.000000000000000E+000
          50          27  0.000000000000000E+000
          50          28   519943.019943021     
          50          29  -104411490.978158     
          50          30  -7799145.29914531     
          50          31   2079772.07977208     
          50          32   206285660.018994     
          50          33  0.000000000000000E+000
          50          34   519943.019943021     
          50          35  -104411490.978158     
          50          36   7799145.29914531     
          50          37  1.455191522836685E-010
          50          38  -208277041.785375     
          50          39 -3.725290298461914E-009
          50          40  5.820766091346741E-010
          50          41   414755080.721748     
          50          42  0.000000000000000E+000
          50          43  1.455191522836685E-010
          50          44  -208277041.785375     
          50          45  3.725290298461914E-009
          50          46  1.218722900375724E-010
          50          47  -1660670275.40361     
          50          48 -3.725290298461914E-009
          50          49  2.546585164964199E-010
          50          50   3340224881.29155     
          50          51  0.000000000000000E+000
          50          52  1.218722900375724E-010
          50          53  -1660670275.40361     
          50          54  3.725290298461914E-009
          50          55 -2.764863893389702E-010
          50          56  -208277041.785375     
          50          57 -3.026798367500305E-009
          50          58 -1.047737896442413E-009
          50          59   414755080.721748     
          50          60  0.000000000000000E+000
          50          61 -2.764863893389702E-010
          50          62  -208277041.785375     
          50          63  3.026798367500305E-009
          50          64  -519943.019943020     
          50          65  -104411490.978158     
          50          66  -7799145.29914530     
          50          67  -2079772.07977208     
          50          68   206285660.018994     
          50          69  0.000000000000000E+000
          50          70  -519943.019943020     
          50          71  -104411490.978158     
          50          72   7799145.29914530     
          50          73 -2.328306436538696E-010
          50          74  -832518898.385566     
          50          75  -62393162.3931624     
          50          76 -6.984919309616089E-010
          50          77   1661377397.91073     
          50          78  0.000000000000000E+000
          50          79 -2.328306436538696E-010
          50          80  -832518898.385566     
          50          81   62393162.3931624     
          50          82  -519943.019943020     
          50          83  -104411490.978158     
          50          84   7799145.29914530     
          50          85  -2079772.07977208     
          50          86   206285660.018993     
          50          87  0.000000000000000E+000
          50          88  -519943.019943020     
          50          89  -104411490.978158     
          50          90  -7799145.29914530     
          50          91   129985.754985755     
          50          92   52151151.4719848     
          50          93  -1949786.32478633     
          50          94   519943.019943020     
          50          95  -103361206.077873     
          50          96  0.000000000000000E+000
          50          97   129985.754985755     
          50          98   52151151.4719848     
          50          99   1949786.32478633     
          50         100 -6.548361852765083E-011
          50         101   415822697.056030     
          50         102  -15598290.5982906     
          50         103 -3.492459654808044E-010
          50         104  -832435707.502374     
          50         105  0.000000000000000E+000
          50         106 -6.548361852765083E-011
          50         107   415822697.056030     
          50         108   15598290.5982906     
          50         109  -129985.754985755     
          50         110   52151151.4719848     
          50         111  -1949786.32478632     
          50         112  -519943.019943020     
          50         113  -103361206.077873     
          50         114  0.000000000000000E+000
          50         115  -129985.754985755     
          50         116   52151151.4719848     
          50         117   1949786.32478632     
          50         118   519943.019943020     
          50         119  -104411490.978158     
          50         120   7799145.29914530     
          50         121   2079772.07977208     
          50         122   206285660.018993     
          50         123  0.000000000000000E+000
          50         124   519943.019943020     
          50         125  -104411490.978158     
          50         126  -7799145.29914530     
          50         127  1.746229827404022E-010
          50         128  -832518898.385565     
          50         129   62393162.3931624     
          50         130  6.693881005048752E-010
          50         131   1661377397.91073     
          50         132  0.000000000000000E+000
          50         133  1.746229827404022E-010
          50         134  -832518898.385565     
          50         135  -62393162.3931624     
          51           1  0.000000000000000E+000
          51           2  0.000000000000000E+000
          51           3  0.000000000000000E+000
          51           4  0.000000000000000E+000
          51           5  0.000000000000000E+000
          51           6  0.000000000000000E+000
          51           7  0.000000000000000E+000
          51           8  0.000000000000000E+000
          51           9  0.000000000000000E+000
          51          10  0.000000000000000E+000
          51          11  0.000000000000000E+000
          51          12  0.000000000000000E+000
          51          13  0.000000000000000E+000
          51          14  0.000000000000000E+000
          51          15  0.000000000000000E+000
          51          16  0.000000000000000E+000
          51          17  0.000000000000000E+000
          51          18  0.000000000000000E+000
          51          19  0.000000000000000E+000
          51          20  0.000000000000000E+000
          51          21  0.000000000000000E+000
          51          22  0.000000000000000E+000
          51          23  0.000000000000000E+000
          51          24  0.000000000000000E+000
          51          25  0.000000000000000E+000
          51          26  0.000000000000000E+000
          51          27  0.000000000000000E+000
          51          28   15598290.5982906     
          51          29  -7799145.29914531     
          51          30  -218584045.584046     
          51          31  0.000000000000000E+000
          51          32  0.000000000000000E+000
          51          33   435920227.920228     
          51          34  -15598290.5982906     
          51          35   7799145.29914531     
          51          36  -218584045.584046     
          51          37   62393162.3931624     
          51          38  4.656612873077393E-010
          51          39  -874097008.547009     
          51          40  0.000000000000000E+000
          51          41  0.000000000000000E+000
          51          42   1744637606.83761     
          51          43  -62393162.3931624     
          51          44 -4.656612873077393E-010
          51          45  -874097008.547009     
          51          46 -5.704350769519806E-009
          51          47  7.450580596923828E-009
          51          48  -6986120797.72080     
          51          49  0.000000000000000E+000
          51          50  0.000000000000000E+000
          51          51   13983721937.3219     
          51          52  5.704350769519806E-009
          51          53 -7.450580596923828E-009
          51          54  -6986120797.72080     
          51          55  -62393162.3931624     
          51          56  1.862645149230957E-009
          51          57  -874097008.547008     
          51          58  0.000000000000000E+000
          51          59  0.000000000000000E+000
          51          60   1744637606.83761     
          51          61   62393162.3931624     
          51          62 -1.862645149230957E-009
          51          63  -874097008.547008     
          51          64  -15598290.5982906     
          51          65  -7799145.29914530     
          51          66  -218584045.584046     
          51          67  0.000000000000000E+000
          51          68  0.000000000000000E+000
          51          69   435920227.920228     
          51          70   15598290.5982906     
          51          71   7799145.29914530     
          51          72  -218584045.584046     
          51          73  1.862645149230957E-009
          51          74  -62393162.3931624     
          51          75  -1747008547.00855     
          51          76  0.000000000000000E+000
          51          77  0.000000000000000E+000
          51          78   3494017094.01710     
          51          79 -1.862645149230957E-009
          51          80   62393162.3931624     
          51          81  -1747008547.00855     
          51          82   15598290.5982906     
          51          83   7799145.29914530     
          51          84  -218584045.584046     
          51          85  0.000000000000000E+000
          51          86  0.000000000000000E+000
          51          87   435920227.920228     
          51          88  -15598290.5982906     
          51          89  -7799145.29914530     
          51          90  -218584045.584046     
          51          91  -7799145.29914531     
          51          92  -1949786.32478633     
          51          93   109276424.501425     
          51          94  0.000000000000000E+000
          51          95  0.000000000000000E+000
          51          96  -218022507.122507     
          51          97   7799145.29914531     
          51          98   1949786.32478633     
          51          99   109276424.501425     
          51         100  1.629814505577087E-009
          51         101  -15598290.5982906     
          51         102   873379487.179488     
          51         103  0.000000000000000E+000
          51         104  0.000000000000000E+000
          51         105  -1747507692.30769     
          51         106 -1.629814505577087E-009
          51         107   15598290.5982906     
          51         108   873379487.179488     
          51         109   7799145.29914530     
          51         110  -1949786.32478632     
          51         111   109276424.501424     
          51         112  0.000000000000000E+000
          51         113  0.000000000000000E+000
          51         114  -218022507.122507     
          51         115  -7799145.29914530     
          51         116   1949786.32478632     
          51         117   109276424.501424     
          51         118  -15598290.5982906     
          51         119   7799145.29914530     
          51         120  -218584045.584045     
          51         121  0.000000000000000E+000
          51         122  0.000000000000000E+000
          51         123   435920227.920227     
          51         124   15598290.5982906     
          51         125  -7799145.29914530     
          51         126  -218584045.584045     
          51         127 -3.376044332981110E-009
          51         128   62393162.3931624     
          51         129  -1747008547.00855     
          51         130  0.000000000000000E+000
          51         131  0.000000000000000E+000
          51         132   3494017094.01709     
          51         133  3.376044332981110E-009
          51         134  -62393162.3931624     
          51         135  -1747008547.00855     
          52           4  0.000000000000000E+000
          52           5  0.000000000000000E+000
          52           6  0.000000000000000E+000
          52           7  0.000000000000000E+000
          52           8  0.000000000000000E+000
          52           9  0.000000000000000E+000
          52          13  0.000000000000000E+000
          52          14  0.000000000000000E+000
          52          15  0.000000000000000E+000
          52          16  0.000000000000000E+000
          52          17  0.000000000000000E+000
          52          18  0.000000000000000E+000
          52          22  0.000000000000000E+000
          52          23  0.000000000000000E+000
          52          24  0.000000000000000E+000
          52          25  0.000000000000000E+000
          52          26  0.000000000000000E+000
          52          27  0.000000000000000E+000
          52          31  -104640265.906933     
          52          32   519943.019943021     
          52          33   15598290.5982906     
          52          34   102685280.151947     
          52          35   1039886.03988604     
          52          36  -3119658.11965813     
          52          40  -418162440.645774     
          52          41 -2.473825588822365E-010
          52          42   62393162.3931624     
          52          43   411538366.571700     
          52          44 -4.365574568510056E-010
          52          45  -12478632.4786325     
          52          49  -1658673694.20703     
          52          50  8.230927051045001E-011
          52          51  7.566995918750763E-009
          52          52   1674105603.03894     
          52          53  1.646185410209000E-010
          52          54 -6.775371730327606E-008
          52          58  -418162440.645774     
          52          59  3.346940502524376E-010
          52          60  -62393162.3931624     
          52          61   411538366.571700     
          52          62  4.947651177644730E-010
          52          63   12478632.4786325     
          52          67  -104640265.906933     
          52          68  -519943.019943020     
          52          69  -15598290.5982906     
          52          70   102685280.151947     
          52          71  -1039886.03988604     
          52          72   3119658.11965813     
          52          76  -415067046.533713     
          52          77 -4.365574568510056E-011
          52          78  4.656612873077393E-009
          52          79   417729154.795822     
          52          80 -5.820766091346741E-011
          52          81 -1.117587089538574E-008
          52          85  -104640265.906933     
          52          86  -519943.019943020     
          52          87   15598290.5982906     
          52          88   102685280.151947     
          52          89  -1039886.03988604     
          52          90  -3119658.11965811     
          52          94   52294135.8024692     
          52          95   129985.754985755     
          52          96  -7799145.29914531     
          52          97  -51394634.3779678     
          52          98   259971.509971510     
          52          99   1559829.05982906     
          52         103   207429534.662868     
          52         104  6.548361852765083E-011
          52         105 -1.862645149230957E-009
          52         106  -209072554.605888     
          52         107  1.164153218269348E-010
          52         108  1.164153218269348E-008
          52         112   52294135.8024691     
          52         113  -129985.754985755     
          52         114   7799145.29914530     
          52         115  -51394634.3779677     
          52         116  -259971.509971510     
          52         117  -1559829.05982906     
          52         121  -104640265.906933     
          52         122   519943.019943020     
          52         123  -15598290.5982906     
          52         124   102685280.151947     
          52         125   1039886.03988604     
          52         126   3119658.11965811     
          52         130  -415067046.533713     
          52         131 -2.401066012680531E-010
          52         132  2.211891114711761E-009
          52         133   417729154.795821     
          52         134 -5.093170329928398E-010
          52         135 -2.095475792884827E-008
          53           4  0.000000000000000E+000
          53           5  0.000000000000000E+000
          53           6  0.000000000000000E+000
          53           7  0.000000000000000E+000
          53           8  0.000000000000000E+000
          53           9  0.000000000000000E+000
          53          13  0.000000000000000E+000
          53          14  0.000000000000000E+000
          53          15  0.000000000000000E+000
          53          16  0.000000000000000E+000
          53          17  0.000000000000000E+000
          53          18  0.000000000000000E+000
          53          22  0.000000000000000E+000
          53          23  0.000000000000000E+000
          53          24  0.000000000000000E+000
          53          25  0.000000000000000E+000
          53          26  0.000000000000000E+000
          53          27  0.000000000000000E+000
          53          31   519943.019943021     
          53          32  -104411490.978158     
          53          33  -7799145.29914531     
          53          34   1039886.03988604     
          53          35   103142830.009497     
          53          36   1559829.05982906     
          53          40  1.455191522836685E-010
          53          41  -208277041.785375     
          53          42 -3.725290298461914E-009
          53          43  2.910383045673370E-010
          53          44   207377540.360874     
          53          45  8.381903171539307E-009
          53          49  1.218722900375724E-010
          53          50  -1660670275.40361     
          53          51 -3.725290298461914E-009
          53          52  1.273292582482100E-010
          53          53   1670112440.64578     
          53          54  2.980232238769531E-008
          53          58 -2.764863893389702E-010
          53          59  -208277041.785375     
          53          60 -3.026798367500305E-009
          53          61 -5.238689482212067E-010
          53          62   207377540.360874     
          53          63  7.450580596923828E-009
          53          67  -519943.019943020     
          53          68  -104411490.978158     
          53          69  -7799145.29914530     
          53          70  -1039886.03988604     
          53          71   103142830.009497     
          53          72   1559829.05982906     
          53          76 -2.328306436538696E-010
          53          77  -832518898.385566     
          53          78  -62393162.3931624     
          53          79 -3.492459654808044E-010
          53          80   830688698.955366     
          53          81   12478632.4786325     
          53          85  -519943.019943020     
          53          86  -104411490.978158     
          53          87   7799145.29914530     
          53          88  -1039886.03988604     
          53          89   103142830.009497     
          53          90  -1559829.05982906     
          53          94   129985.754985755     
          53          95   52151151.4719848     
          53          96  -1949786.32478633     
          53          97   259971.509971510     
          53          98  -51680603.0389364     
          53          99   389957.264957265     
          53         103 -6.548361852765083E-011
          53         104   415822697.056030     
          53         105  -15598290.5982906     
          53         106 -1.746229827404022E-010
          53         107  -416217853.751187     
          53         108   3119658.11965812     
          53         112  -129985.754985755     
          53         113   52151151.4719848     
          53         114  -1949786.32478632     
          53         115  -259971.509971510     
          53         116  -51680603.0389364     
          53         117   389957.264957264     
          53         121   519943.019943020     
          53         122  -104411490.978158     
          53         123   7799145.29914530     
          53         124   1039886.03988604     
          53         125   103142830.009497     
          53         126  -1559829.05982906     
          53         130  1.746229827404022E-010
          53         131  -832518898.385565     
          53         132   62393162.3931624     
          53         133  3.346940502524376E-010
          53         134   830688698.955366     
          53         135  -12478632.4786325     
          54           4  0.000000000000000E+000
          54           5  0.000000000000000E+000
          54           6  0.000000000000000E+000
          54           7  0.000000000000000E+000
          54           8  0.000000000000000E+000
          54           9  0.000000000000000E+000
          54          13  0.000000000000000E+000
          54          14  0.000000000000000E+000
          54          15  0.000000000000000E+000
          54          16  0.000000000000000E+000
          54          17  0.000000000000000E+000
          54          18  0.000000000000000E+000
          54          22  0.000000000000000E+000
          54          23  0.000000000000000E+000
          54          24  0.000000000000000E+000
          54          25  0.000000000000000E+000
          54          26  0.000000000000000E+000
          54          27  0.000000000000000E+000
          54          31   15598290.5982906     
          54          32  -7799145.29914531     
          54          33  -218584045.584046     
          54          34   3119658.11965812     
          54          35  -1559829.05982906     
          54          36   217960113.960114     
          54          40   62393162.3931624     
          54          41  4.656612873077393E-010
          54          42  -874097008.547009     
          54          43   12478632.4786325     
          54          44  6.519258022308350E-009
          54          45   872318803.418803     
          54          49 -5.704350769519806E-009
          54          50  7.450580596923828E-009
          54          51  -6986120797.72080     
          54          52 -5.654874257743359E-008
          54          53  3.725290298461914E-008
          54          54   6991860968.66097     
          54          58  -62393162.3931624     
          54          59  1.862645149230957E-009
          54          60  -874097008.547008     
          54          61  -12478632.4786325     
          54          62  6.519258022308350E-009
          54          63   872318803.418803     
          54          67  -15598290.5982906     
          54          68  -7799145.29914530     
          54          69  -218584045.584046     
          54          70  -3119658.11965811     
          54          71  -1559829.05982906     
          54          72   217960113.960114     
          54          76  1.862645149230957E-009
          54          77  -62393162.3931624     
          54          78  -1747008547.00855     
          54          79 -5.587935447692871E-009
          54          80  -12478632.4786325     
          54          81   1747008547.00855     
          54          85   15598290.5982906     
          54          86   7799145.29914530     
          54          87  -218584045.584046     
          54          88   3119658.11965813     
          54          89   1559829.05982906     
          54          90   217960113.960114     
          54          94  -7799145.29914531     
          54          95  -1949786.32478633     
          54          96   109276424.501425     
          54          97  -1559829.05982906     
          54          98  -389957.264957265     
          54          99  -109011253.561254     
          54         103  1.629814505577087E-009
          54         104  -15598290.5982906     
          54         105   873379487.179488     
          54         106  1.094304025173187E-008
          54         107  -3119658.11965812     
          54         108  -873753846.153847     
          54         112   7799145.29914530     
          54         113  -1949786.32478632     
          54         114   109276424.501424     
          54         115   1559829.05982906     
          54         116  -389957.264957265     
          54         117  -109011253.561254     
          54         121  -15598290.5982906     
          54         122   7799145.29914530     
          54         123  -218584045.584045     
          54         124  -3119658.11965812     
          54         125   1559829.05982906     
          54         126   217960113.960114     
          54         130 -3.376044332981110E-009
          54         131   62393162.3931624     
          54         132  -1747008547.00855     
          54         133 -1.839362084865570E-008
          54         134   12478632.4786325     
          54         135   1747008547.00855     
          55           1  0.000000000000000E+000
          55           2  0.000000000000000E+000
          55           3  0.000000000000000E+000
          55           4  0.000000000000000E+000
          55           5  0.000000000000000E+000
          55           6  0.000000000000000E+000
          55          10  0.000000000000000E+000
          55          11  0.000000000000000E+000
          55          12  0.000000000000000E+000
          55          13  0.000000000000000E+000
          55          14  0.000000000000000E+000
          55          15  0.000000000000000E+000
          55          19  0.000000000000000E+000
          55          20  0.000000000000000E+000
          55          21  0.000000000000000E+000
          55          22  0.000000000000000E+000
          55          23  0.000000000000000E+000
          55          24  0.000000000000000E+000
          55          28  -51779392.2127256     
          55          29  -259971.509971510     
          55          30  -779914.529914531     
          55          31   52101756.8850903     
          55          32  -129985.754985755     
          55          33   3899572.64957265     
          55          37  -207516191.832858     
          55          38  1.309672370553017E-010
          55          39  -3119658.11965812     
          55          40   208207716.049383     
          55          41  8.003553375601768E-011
          55          42   15598290.5982906     
          55          46   411538366.571700     
          55          47 -3.783497959375381E-010
          55          48   12478632.4786325     
          55          49  -418162440.645774     
          55          50 -2.037268131971359E-010
          55          51  -62393162.3931624     
          55          55   420273409.306743     
          55          56 -8.149072527885437E-010
          55          57   46794871.7948718     
          55          58  -413794919.278253     
          55          59 -4.656612873077393E-010
          55          60  -9358974.35897433     
          55          64   104869040.835708     
          55          65   155982.905982906     
          55          66   11698717.9487180     
          55          67  -103548385.565052     
          55          68   77991.4529914529     
          55          69  -2339743.58974359     
          55          73   102685280.151947     
          55          74   1039886.03988604     
          55          75   3119658.11965812     
          55          76  -104640265.906933     
          55          77   519943.019943021     
          55          78  -15598290.5982906     
          55          82  -51779392.2127255     
          55          83   259971.509971510     
          55          84  -779914.529914528     
          55          85   52101756.8850902     
          55          86   129985.754985755     
          55          87   3899572.64957265     
          55          91   25915693.2573599     
          55          92  -64992.8774928775     
          55          93   389957.264957265     
          55          94  -26037879.8670465     
          55          95  -32496.4387464387     
          55          96  -1949786.32478632     
          55         100  -51394634.3779677     
          55         101   259971.509971510     
          55         102  -1559829.05982906     
          55         103   52294135.8024691     
          55         104   129985.754985755     
          55         105   7799145.29914530     
          55         109  -52486514.7198481     
          55         110   38995.7264957264     
          55         111  -5849358.97435897     
          55         112   51748195.6315290     
          55         113   19497.8632478632     
          55         114   1169871.79487179     
          55         118   104869040.835708     
          55         119  -155982.905982905     
          55         120   11698717.9487179     
          55         121  -103548385.565052     
          55         122  -77991.4529914527     
          55         123  -2339743.58974358     
          55         127   102685280.151947     
          55         128  -1039886.03988604     
          55         129   3119658.11965812     
          55         130  -104640265.906933     
          55         131  -519943.019943020     
          55         132  -15598290.5982906     
          56           1  0.000000000000000E+000
          56           2  0.000000000000000E+000
          56           3  0.000000000000000E+000
          56           4  0.000000000000000E+000
          56           5  0.000000000000000E+000
          56           6  0.000000000000000E+000
          56          10  0.000000000000000E+000
          56          11  0.000000000000000E+000
          56          12  0.000000000000000E+000
          56          13  0.000000000000000E+000
          56          14  0.000000000000000E+000
          56          15  0.000000000000000E+000
          56          19  0.000000000000000E+000
          56          20  0.000000000000000E+000
          56          21  0.000000000000000E+000
          56          22  0.000000000000000E+000
          56          23  0.000000000000000E+000
          56          24  0.000000000000000E+000
          56          28  -259971.509971510     
          56          29  -51779392.2127256     
          56          30   779914.529914531     
          56          31  -129985.754985755     
          56          32   52101756.8850903     
          56          33  -3899572.64957265     
          56          37 -1.091393642127514E-010
          56          38  -104104724.596391     
          56          39  3.725290298461914E-009
          56          40 -4.729372449219227E-011
          56          41   103930543.684710     
          56          42 -1.746229827404022E-009
          56          46  5.529727786779404E-010
          56          47   207377540.360874     
          56          48 -6.519258022308350E-009
          56          49  2.328306436538696E-010
          56          50  -208277041.785375     
          56          51  2.095475792884827E-009
          56          55 -8.149072527885437E-010
          56          56   417944064.577398     
          56          57 -1.117587089538574E-008
          56          58 -4.656612873077393E-010
          56          59  -414959591.642925     
          56          60  4.190951585769653E-009
          56          64  -155982.905982906     
          56          65   207880151.946819     
          56          66  -3119658.11965812     
          56          67  -77991.4529914532     
          56          68  -208025735.992403     
          56          69   15598290.5982906     
          56          73   1039886.03988604     
          56          74   103142830.009497     
          56          75  -1559829.05982906     
          56          76   519943.019943021     
          56          77  -104411490.978158     
          56          78   7799145.29914531     
          56          82   259971.509971510     
          56          83  -51779392.2127255     
          56          84  -779914.529914530     
          56          85   129985.754985755     
          56          86   52101756.8850902     
          56          87   3899572.64957265     
          56          91  -64992.8774928775     
          56          92   25944290.1234568     
          56          93   194978.632478633     
          56          94  -32496.4387464388     
          56          95  -26023581.4339981     
          56          96  -974893.162393163     
          56         100   259971.509971510     
          56         101  -51680603.0389364     
          56         102  -389957.264957265     
          56         103   129985.754985755     
          56         104   52151151.4719848     
          56         105   1949786.32478632     
          56         109  -38995.7264957265     
          56         110  -104158452.041785     
          56         111  -779914.529914529     
          56         112  -19497.8632478632     
          56         113   103903679.962013     
          56         114   3899572.64957265     
          56         118   155982.905982906     
          56         119   207880151.946819     
          56         120   3119658.11965812     
          56         121   77991.4529914530     
          56         122  -208025735.992403     
          56         123  -15598290.5982906     
          56         127  -1039886.03988604     
          56         128   103142830.009497     
          56         129   1559829.05982906     
          56         130  -519943.019943020     
          56         131  -104411490.978158     
          56         132  -7799145.29914530     
          57           1  0.000000000000000E+000
          57           2  0.000000000000000E+000
          57           3  0.000000000000000E+000
          57           4  0.000000000000000E+000
          57           5  0.000000000000000E+000
          57           6  0.000000000000000E+000
          57          10  0.000000000000000E+000
          57          11  0.000000000000000E+000
          57          12  0.000000000000000E+000
          57          13  0.000000000000000E+000
          57          14  0.000000000000000E+000
          57          15  0.000000000000000E+000
          57          19  0.000000000000000E+000
          57          20  0.000000000000000E+000
          57          21  0.000000000000000E+000
          57          22  0.000000000000000E+000
          57          23  0.000000000000000E+000
          57          24  0.000000000000000E+000
          57          28   779914.529914531     
          57          29  -779914.529914530     
          57          30  -109104843.304843     
          57          31   3899572.64957265     
          57          32  -3899572.64957265     
          57          33   109229629.629630     
          57          37   3119658.11965812     
          57          38  2.793967723846436E-009
          57          39  -436658547.008547     
          57          40   15598290.5982906     
          57          41  6.984919309616089E-010
          57          42   436798931.623931     
          57          46  -12478632.4786325     
          57          47 -6.519258022308350E-009
          57          48   872318803.418803     
          57          49  -62393162.3931624     
          57          50 -3.492459654808044E-009
          57          51  -874097008.547008     
          57          55   46794871.7948718     
          57          56 -1.117587089538574E-008
          57          57   1748464387.46439     
          57          58   9358974.35897433     
          57          59 -4.656612873077393E-009
          57          60  -1746280626.78062     
          57          64   11698717.9487180     
          57          65   3119658.11965811     
          57          66   436876923.076923     
          57          67   2339743.58974358     
          57          68   15598290.5982906     
          57          69  -436689743.589744     
          57          73  -3119658.11965812     
          57          74   1559829.05982906     
          57          75   217960113.960114     
          57          76  -15598290.5982906     
          57          77   7799145.29914531     
          57          78  -218584045.584046     
          57          82   779914.529914530     
          57          83   779914.529914530     
          57          84  -109104843.304843     
          57          85   3899572.64957264     
          57          86   3899572.64957265     
          57          87   109229629.629630     
          57          91  -389957.264957266     
          57          92  -194978.632478633     
          57          93   54568019.9430200     
          57          94  -1949786.32478632     
          57          95  -974893.162393162     
          57          96  -54607015.6695157     
          57         100   1559829.05982906     
          57         101   389957.264957264     
          57         102  -109011253.561254     
          57         103   7799145.29914530     
          57         104   1949786.32478632     
          57         105   109276424.501424     
          57         109  -5849358.97435897     
          57         110   779914.529914530     
          57         111  -218500854.700855     
          57         112  -1169871.79487179     
          57         113   3899572.64957265     
          57         114   218313675.213675     
          57         118   11698717.9487179     
          57         119  -3119658.11965811     
          57         120   436876923.076922     
          57         121   2339743.58974358     
          57         122  -15598290.5982906     
          57         123  -436689743.589743     
          57         127  -3119658.11965811     
          57         128  -1559829.05982906     
          57         129   217960113.960114     
          57         130  -15598290.5982906     
          57         131  -7799145.29914530     
          57         132  -218584045.584045     
          58           1  0.000000000000000E+000
          58           2  0.000000000000000E+000
          58           3  0.000000000000000E+000
          58           4  0.000000000000000E+000
          58           5  0.000000000000000E+000
          58           6  0.000000000000000E+000
          58           7  0.000000000000000E+000
          58           8  0.000000000000000E+000
          58           9  0.000000000000000E+000
          58          10  0.000000000000000E+000
          58          11  0.000000000000000E+000
          58          12  0.000000000000000E+000
          58          13  0.000000000000000E+000
          58          14  0.000000000000000E+000
          58          15  0.000000000000000E+000
          58          16  0.000000000000000E+000
          58          17  0.000000000000000E+000
          58          18  0.000000000000000E+000
          58          19  0.000000000000000E+000
          58          20  0.000000000000000E+000
          58          21  0.000000000000000E+000
          58          22  0.000000000000000E+000
          58          23  0.000000000000000E+000
          58          24  0.000000000000000E+000
          58          25  0.000000000000000E+000
          58          26  0.000000000000000E+000
          58          27  0.000000000000000E+000
          58          28   52101756.8850903     
          58          29  -129985.754985755     
          58          30  -3899572.64957265     
          58          31  -103558784.425451     
          58          32  -519943.019943020     
          58          33  0.000000000000000E+000
          58          34   52101756.8850903     
          58          35  -129985.754985755     
          58          36   3899572.64957265     
          58          37   208207716.049383     
          58          38  8.003553375601768E-011
          58          39  -15598290.5982906     
          58          40  -415032383.665717     
          58          41  2.619344741106033E-010
          58          42  0.000000000000000E+000
          58          43   208207716.049383     
          58          44  8.003553375601768E-011
          58          45   15598290.5982906     
          58          46  -418162440.645774     
          58          47 -2.037268131971359E-010
          58          48   62393162.3931624     
          58          49   823076733.143400     
          58          50 -7.566995918750763E-010
          58          51  0.000000000000000E+000
          58          52  -418162440.645774     
          58          53 -2.037268131971359E-010
          58          54  -62393162.3931624     
          58          55  -413794919.278253     
          58          56 -4.656612873077393E-010
          58          57   9358974.35897433     
          58          58   840546818.613486     
          58          59 -1.629814505577087E-009
          58          60  0.000000000000000E+000
          58          61  -413794919.278253     
          58          62 -4.656612873077393E-010
          58          63  -9358974.35897433     
          58          64  -103548385.565052     
          58          65   77991.4529914529     
          58          66   2339743.58974359     
          58          67   209738081.671415     
          58          68   311965.811965811     
          58          69  0.000000000000000E+000
          58          70  -103548385.565052     
          58          71   77991.4529914529     
          58          72  -2339743.58974359     
          58          73  -104640265.906933     
          58          74   519943.019943021     
          58          75   15598290.5982906     
          58          76   205370560.303894     
          58          77   2079772.07977208     
          58          78  0.000000000000000E+000
          58          79  -104640265.906933     
          58          80   519943.019943021     
          58          81  -15598290.5982906     
          58          82   52101756.8850902     
          58          83   129985.754985755     
          58          84  -3899572.64957265     
          58          85  -103558784.425451     
          58          86   519943.019943020     
          58          87  0.000000000000000E+000
          58          88   52101756.8850902     
          58          89   129985.754985755     
          58          90   3899572.64957265     
          58          91  -26037879.8670465     
          58          92  -32496.4387464387     
          58          93   1949786.32478632     
          58          94   51831386.5147199     
          58          95  -129985.754985755     
          58          96  0.000000000000000E+000
          58          97  -26037879.8670465     
          58          98  -32496.4387464387     
          58          99  -1949786.32478632     
          58         100   52294135.8024691     
          58         101   129985.754985755     
          58         102  -7799145.29914530     
          58         103  -102789268.755935     
          58         104   519943.019943020     
          58         105  0.000000000000000E+000
          58         106   52294135.8024691     
          58         107   129985.754985755     
          58         108   7799145.29914530     
          58         109   51748195.6315290     
          58         110   19497.8632478632     
          58         111  -1169871.79487179     
          58         112  -104973029.439696     
          58         113   77991.4529914529     
          58         114  0.000000000000000E+000
          58         115   51748195.6315290     
          58         116   19497.8632478632     
          58         117   1169871.79487179     
          58         118  -103548385.565052     
          58         119  -77991.4529914527     
          58         120   2339743.58974358     
          58         121   209738081.671415     
          58         122  -311965.811965811     
          58         123  0.000000000000000E+000
          58         124  -103548385.565052     
          58         125  -77991.4529914527     
          58         126  -2339743.58974358     
          58         127  -104640265.906933     
          58         128  -519943.019943020     
          58         129   15598290.5982906     
          58         130   205370560.303894     
          58         131  -2079772.07977208     
          58         132  0.000000000000000E+000
          58         133  -104640265.906933     
          58         134  -519943.019943020     
          58         135  -15598290.5982906     
          59           1  0.000000000000000E+000
          59           2  0.000000000000000E+000
          59           3  0.000000000000000E+000
          59           4  0.000000000000000E+000
          59           5  0.000000000000000E+000
          59           6  0.000000000000000E+000
          59           7  0.000000000000000E+000
          59           8  0.000000000000000E+000
          59           9  0.000000000000000E+000
          59          10  0.000000000000000E+000
          59          11  0.000000000000000E+000
          59          12  0.000000000000000E+000
          59          13  0.000000000000000E+000
          59          14  0.000000000000000E+000
          59          15  0.000000000000000E+000
          59          16  0.000000000000000E+000
          59          17  0.000000000000000E+000
          59          18  0.000000000000000E+000
          59          19  0.000000000000000E+000
          59          20  0.000000000000000E+000
          59          21  0.000000000000000E+000
          59          22  0.000000000000000E+000
          59          23  0.000000000000000E+000
          59          24  0.000000000000000E+000
          59          25  0.000000000000000E+000
          59          26  0.000000000000000E+000
          59          27  0.000000000000000E+000
          59          28  -129985.754985755     
          59          29   52101756.8850903     
          59          30   3899572.64957265     
          59          31  -519943.019943020     
          59          32  -103558784.425451     
          59          33  0.000000000000000E+000
          59          34  -129985.754985755     
          59          35   52101756.8850903     
          59          36  -3899572.64957265     
          59          37 -4.729372449219227E-011
          59          38   103930543.684710     
          59          39  1.746229827404022E-009
          59          40 -2.182787284255028E-010
          59          41  -208209449.192783     
          59          42  0.000000000000000E+000
          59          43 -4.729372449219227E-011
          59          44   103930543.684710     
          59          45 -1.746229827404022E-009
          59          46  2.328306436538696E-010
          59          47  -208277041.785375     
          59          48 -2.095475792884827E-009
          59          49  1.105945557355881E-009
          59          50   414755080.721748     
          59          51  0.000000000000000E+000
          59          52  2.328306436538696E-010
          59          53  -208277041.785375     
          59          54  2.095475792884827E-009
          59          55 -4.656612873077393E-010
          59          56  -414959591.642925     
          59          57 -4.190951585769653E-009
          59          58 -1.629814505577087E-009
          59          59   835888129.154796     
          59          60  0.000000000000000E+000
          59          61 -4.656612873077393E-010
          59          62  -414959591.642925     
          59          63  4.190951585769653E-009
          59          64  -77991.4529914532     
          59          65  -208025735.992403     
          59          66  -15598290.5982906     
          59          67  -311965.811965813     
          59          68   415760303.893638     
          59          69  0.000000000000000E+000
          59          70  -77991.4529914532     
          59          71  -208025735.992403     
          59          72   15598290.5982906     
          59          73   519943.019943021     
          59          74  -104411490.978158     
          59          75  -7799145.29914531     
          59          76   2079772.07977208     
          59          77   206285660.018994     
          59          78  0.000000000000000E+000
          59          79   519943.019943021     
          59          80  -104411490.978158     
          59          81   7799145.29914531     
          59          82   129985.754985755     
          59          83   52101756.8850902     
          59          84  -3899572.64957265     
          59          85   519943.019943020     
          59          86  -103558784.425451     
          59          87  0.000000000000000E+000
          59          88   129985.754985755     
          59          89   52101756.8850902     
          59          90   3899572.64957265     
          59          91  -32496.4387464388     
          59          92  -26023581.4339981     
          59          93   974893.162393163     
          59          94  -129985.754985755     
          59          95   51888580.2469136     
          59          96  0.000000000000000E+000
          59          97  -32496.4387464388     
          59          98  -26023581.4339981     
          59          99  -974893.162393163     
          59         100   129985.754985755     
          59         101   52151151.4719848     
          59         102  -1949786.32478632     
          59         103   519943.019943020     
          59         104  -103361206.077873     
          59         105  0.000000000000000E+000
          59         106   129985.754985755     
          59         107   52151151.4719848     
          59         108   1949786.32478632     
          59         109  -19497.8632478632     
          59         110   103903679.962013     
          59         111  -3899572.64957265     
          59         112  -77991.4529914530     
          59         113  -208316904.083571     
          59         114  0.000000000000000E+000
          59         115  -19497.8632478632     
          59         116   103903679.962013     
          59         117   3899572.64957265     
          59         118   77991.4529914530     
          59         119  -208025735.992403     
          59         120   15598290.5982906     
          59         121   311965.811965812     
          59         122   415760303.893637     
          59         123  0.000000000000000E+000
          59         124   77991.4529914530     
          59         125  -208025735.992403     
          59         126  -15598290.5982906     
          59         127  -519943.019943020     
          59         128  -104411490.978158     
          59         129   7799145.29914530     
          59         130  -2079772.07977208     
          59         131   206285660.018993     
          59         132  0.000000000000000E+000
          59         133  -519943.019943020     
          59         134  -104411490.978158     
          59         135  -7799145.29914530     
          60           1  0.000000000000000E+000
          60           2  0.000000000000000E+000
          60           3  0.000000000000000E+000
          60           4  0.000000000000000E+000
          60           5  0.000000000000000E+000
          60           6  0.000000000000000E+000
          60           7  0.000000000000000E+000
          60           8  0.000000000000000E+000
          60           9  0.000000000000000E+000
          60          10  0.000000000000000E+000
          60          11  0.000000000000000E+000
          60          12  0.000000000000000E+000
          60          13  0.000000000000000E+000
          60          14  0.000000000000000E+000
          60          15  0.000000000000000E+000
          60          16  0.000000000000000E+000
          60          17  0.000000000000000E+000
          60          18  0.000000000000000E+000
          60          19  0.000000000000000E+000
          60          20  0.000000000000000E+000
          60          21  0.000000000000000E+000
          60          22  0.000000000000000E+000
          60          23  0.000000000000000E+000
          60          24  0.000000000000000E+000
          60          25  0.000000000000000E+000
          60          26  0.000000000000000E+000
          60          27  0.000000000000000E+000
          60          28  -3899572.64957265     
          60          29   3899572.64957265     
          60          30   109229629.629630     
          60          31  0.000000000000000E+000
          60          32  0.000000000000000E+000
          60          33  -218209686.609687     
          60          34   3899572.64957265     
          60          35  -3899572.64957265     
          60          36   109229629.629630     
          60          37  -15598290.5982906     
          60          38 -6.984919309616089E-010
          60          39   436798931.623931     
          60          40  0.000000000000000E+000
          60          41  0.000000000000000E+000
          60          42  -873317094.017094     
          60          43   15598290.5982906     
          60          44  6.984919309616089E-010
          60          45   436798931.623931     
          60          46   62393162.3931624     
          60          47  3.492459654808044E-009
          60          48  -874097008.547008     
          60          49  0.000000000000000E+000
          60          50  0.000000000000000E+000
          60          51   1744637606.83761     
          60          52  -62393162.3931624     
          60          53 -3.492459654808044E-009
          60          54  -874097008.547008     
          60          55  -9358974.35897433     
          60          56  4.656612873077393E-009
          60          57  -1746280626.78062     
          60          58  0.000000000000000E+000
          60          59  0.000000000000000E+000
          60          60   3496928774.92877     
          60          61   9358974.35897433     
          60          62 -4.656612873077393E-009
          60          63  -1746280626.78062     
          60          64  -2339743.58974358     
          60          65  -15598290.5982906     
          60          66  -436689743.589744     
          60          67  0.000000000000000E+000
          60          68  0.000000000000000E+000
          60          69   873753846.153846     
          60          70   2339743.58974358     
          60          71   15598290.5982906     
          60          72  -436689743.589744     
          60          73   15598290.5982906     
          60          74  -7799145.29914531     
          60          75  -218584045.584046     
          60          76  0.000000000000000E+000
          60          77  0.000000000000000E+000
          60          78   435920227.920228     
          60          79  -15598290.5982906     
          60          80   7799145.29914531     
          60          81  -218584045.584046     
          60          82  -3899572.64957264     
          60          83  -3899572.64957265     
          60          84   109229629.629630     
          60          85  0.000000000000000E+000
          60          86  0.000000000000000E+000
          60          87  -218209686.609687     
          60          88   3899572.64957264     
          60          89   3899572.64957265     
          60          90   109229629.629630     
          60          91   1949786.32478632     
          60          92   974893.162393162     
          60          93  -54607015.6695157     
          60          94  0.000000000000000E+000
          60          95  0.000000000000000E+000
          60          96   109136039.886040     
          60          97  -1949786.32478632     
          60          98  -974893.162393162     
          60          99  -54607015.6695157     
          60         100  -7799145.29914530     
          60         101  -1949786.32478632     
          60         102   109276424.501424     
          60         103  0.000000000000000E+000
          60         104  0.000000000000000E+000
          60         105  -218022507.122507     
          60         106   7799145.29914530     
          60         107   1949786.32478632     
          60         108   109276424.501424     
          60         109   1169871.79487179     
          60         110  -3899572.64957265     
          60         111   218313675.213675     
          60         112  0.000000000000000E+000
          60         113  0.000000000000000E+000
          60         114  -437001709.401709     
          60         115  -1169871.79487179     
          60         116   3899572.64957265     
          60         117   218313675.213675     
          60         118  -2339743.58974358     
          60         119   15598290.5982906     
          60         120  -436689743.589743     
          60         121  0.000000000000000E+000
          60         122  0.000000000000000E+000
          60         123   873753846.153845     
          60         124   2339743.58974358     
          60         125  -15598290.5982906     
          60         126  -436689743.589743     
          60         127   15598290.5982906     
          60         128   7799145.29914530     
          60         129  -218584045.584045     
          60         130  0.000000000000000E+000
          60         131  0.000000000000000E+000
          60         132   435920227.920227     
          60         133  -15598290.5982906     
          60         134  -7799145.29914530     
          60         135  -218584045.584045     
          61           4  0.000000000000000E+000
          61           5  0.000000000000000E+000
          61           6  0.000000000000000E+000
          61           7  0.000000000000000E+000
          61           8  0.000000000000000E+000
          61           9  0.000000000000000E+000
          61          13  0.000000000000000E+000
          61          14  0.000000000000000E+000
          61          15  0.000000000000000E+000
          61          16  0.000000000000000E+000
          61          17  0.000000000000000E+000
          61          18  0.000000000000000E+000
          61          22  0.000000000000000E+000
          61          23  0.000000000000000E+000
          61          24  0.000000000000000E+000
          61          25  0.000000000000000E+000
          61          26  0.000000000000000E+000
          61          27  0.000000000000000E+000
          61          31   52101756.8850903     
          61          32  -129985.754985755     
          61          33  -3899572.64957265     
          61          34  -51779392.2127256     
          61          35  -259971.509971510     
          61          36   779914.529914531     
          61          40   208207716.049383     
          61          41  8.003553375601768E-011
          61          42  -15598290.5982906     
          61          43  -207516191.832858     
          61          44  1.309672370553017E-010
          61          45   3119658.11965812     
          61          49  -418162440.645774     
          61          50 -2.037268131971359E-010
          61          51   62393162.3931624     
          61          52   411538366.571700     
          61          53 -3.783497959375381E-010
          61          54  -12478632.4786325     
          61          58  -413794919.278253     
          61          59 -4.656612873077393E-010
          61          60   9358974.35897433     
          61          61   420273409.306743     
          61          62 -8.149072527885437E-010
          61          63  -46794871.7948718     
          61          67  -103548385.565052     
          61          68   77991.4529914529     
          61          69   2339743.58974359     
          61          70   104869040.835708     
          61          71   155982.905982906     
          61          72  -11698717.9487180     
          61          76  -104640265.906933     
          61          77   519943.019943021     
          61          78   15598290.5982906     
          61          79   102685280.151947     
          61          80   1039886.03988604     
          61          81  -3119658.11965812     
          61          85   52101756.8850902     
          61          86   129985.754985755     
          61          87  -3899572.64957265     
          61          88  -51779392.2127255     
          61          89   259971.509971510     
          61          90   779914.529914528     
          61          94  -26037879.8670465     
          61          95  -32496.4387464387     
          61          96   1949786.32478632     
          61          97   25915693.2573599     
          61          98  -64992.8774928775     
          61          99  -389957.264957265     
          61         103   52294135.8024691     
          61         104   129985.754985755     
          61         105  -7799145.29914530     
          61         106  -51394634.3779677     
          61         107   259971.509971510     
          61         108   1559829.05982906     
          61         112   51748195.6315290     
          61         113   19497.8632478632     
          61         114  -1169871.79487179     
          61         115  -52486514.7198481     
          61         116   38995.7264957264     
          61         117   5849358.97435897     
          61         121  -103548385.565052     
          61         122  -77991.4529914527     
          61         123   2339743.58974358     
          61         124   104869040.835708     
          61         125  -155982.905982905     
          61         126  -11698717.9487179     
          61         130  -104640265.906933     
          61         131  -519943.019943020     
          61         132   15598290.5982906     
          61         133   102685280.151947     
          61         134  -1039886.03988604     
          61         135  -3119658.11965812     
          62           4  0.000000000000000E+000
          62           5  0.000000000000000E+000
          62           6  0.000000000000000E+000
          62           7  0.000000000000000E+000
          62           8  0.000000000000000E+000
          62           9  0.000000000000000E+000
          62          13  0.000000000000000E+000
          62          14  0.000000000000000E+000
          62          15  0.000000000000000E+000
          62          16  0.000000000000000E+000
          62          17  0.000000000000000E+000
          62          18  0.000000000000000E+000
          62          22  0.000000000000000E+000
          62          23  0.000000000000000E+000
          62          24  0.000000000000000E+000
          62          25  0.000000000000000E+000
          62          26  0.000000000000000E+000
          62          27  0.000000000000000E+000
          62          31  -129985.754985755     
          62          32   52101756.8850903     
          62          33   3899572.64957265     
          62          34  -259971.509971510     
          62          35  -51779392.2127256     
          62          36  -779914.529914531     
          62          40 -4.729372449219227E-011
          62          41   103930543.684710     
          62          42  1.746229827404022E-009
          62          43 -1.091393642127514E-010
          62          44  -104104724.596391     
          62          45 -3.725290298461914E-009
          62          49  2.328306436538696E-010
          62          50  -208277041.785375     
          62          51 -2.095475792884827E-009
          62          52  5.529727786779404E-010
          62          53   207377540.360874     
          62          54  6.519258022308350E-009
          62          58 -4.656612873077393E-010
          62          59  -414959591.642925     
          62          60 -4.190951585769653E-009
          62          61 -8.149072527885437E-010
          62          62   417944064.577398     
          62          63  1.117587089538574E-008
          62          67  -77991.4529914532     
          62          68  -208025735.992403     
          62          69  -15598290.5982906     
          62          70  -155982.905982906     
          62          71   207880151.946819     
          62          72   3119658.11965812     
          62          76   519943.019943021     
          62          77  -104411490.978158     
          62          78  -7799145.29914531     
          62          79   1039886.03988604     
          62          80   103142830.009497     
          62          81   1559829.05982906     
          62          85   129985.754985755     
          62          86   52101756.8850902     
          62          87  -3899572.64957265     
          62          88   259971.509971510     
          62          89  -51779392.2127255     
          62          90   779914.529914530     
          62          94  -32496.4387464388     
          62          95  -26023581.4339981     
          62          96   974893.162393163     
          62          97  -64992.8774928775     
          62          98   25944290.1234568     
          62          99  -194978.632478633     
          62         103   129985.754985755     
          62         104   52151151.4719848     
          62         105  -1949786.32478632     
          62         106   259971.509971510     
          62         107  -51680603.0389364     
          62         108   389957.264957265     
          62         112  -19497.8632478632     
          62         113   103903679.962013     
          62         114  -3899572.64957265     
          62         115  -38995.7264957265     
          62         116  -104158452.041785     
          62         117   779914.529914529     
          62         121   77991.4529914530     
          62         122  -208025735.992403     
          62         123   15598290.5982906     
          62         124   155982.905982906     
          62         125   207880151.946819     
          62         126  -3119658.11965812     
          62         130  -519943.019943020     
          62         131  -104411490.978158     
          62         132   7799145.29914530     
          62         133  -1039886.03988604     
          62         134   103142830.009497     
          62         135  -1559829.05982906     
          63           4  0.000000000000000E+000
          63           5  0.000000000000000E+000
          63           6  0.000000000000000E+000
          63           7  0.000000000000000E+000
          63           8  0.000000000000000E+000
          63           9  0.000000000000000E+000
          63          13  0.000000000000000E+000
          63          14  0.000000000000000E+000
          63          15  0.000000000000000E+000
          63          16  0.000000000000000E+000
          63          17  0.000000000000000E+000
          63          18  0.000000000000000E+000
          63          22  0.000000000000000E+000
          63          23  0.000000000000000E+000
          63          24  0.000000000000000E+000
          63          25  0.000000000000000E+000
          63          26  0.000000000000000E+000
          63          27  0.000000000000000E+000
          63          31  -3899572.64957265     
          63          32   3899572.64957265     
          63          33   109229629.629630     
          63          34  -779914.529914531     
          63          35   779914.529914530     
          63          36  -109104843.304843     
          63          40  -15598290.5982906     
          63          41 -6.984919309616089E-010
          63          42   436798931.623931     
          63          43  -3119658.11965812     
          63          44 -2.793967723846436E-009
          63          45  -436658547.008547     
          63          49   62393162.3931624     
          63          50  3.492459654808044E-009
          63          51  -874097008.547008     
          63          52   12478632.4786325     
          63          53  6.519258022308350E-009
          63          54   872318803.418803     
          63          58  -9358974.35897433     
          63          59  4.656612873077393E-009
          63          60  -1746280626.78062     
          63          61  -46794871.7948718     
          63          62  1.117587089538574E-008
          63          63   1748464387.46439     
          63          67  -2339743.58974358     
          63          68  -15598290.5982906     
          63          69  -436689743.589744     
          63          70  -11698717.9487180     
          63          71  -3119658.11965811     
          63          72   436876923.076923     
          63          76   15598290.5982906     
          63          77  -7799145.29914531     
          63          78  -218584045.584046     
          63          79   3119658.11965812     
          63          80  -1559829.05982906     
          63          81   217960113.960114     
          63          85  -3899572.64957264     
          63          86  -3899572.64957265     
          63          87   109229629.629630     
          63          88  -779914.529914530     
          63          89  -779914.529914530     
          63          90  -109104843.304843     
          63          94   1949786.32478632     
          63          95   974893.162393162     
          63          96  -54607015.6695157     
          63          97   389957.264957266     
          63          98   194978.632478633     
          63          99   54568019.9430200     
          63         103  -7799145.29914530     
          63         104  -1949786.32478632     
          63         105   109276424.501424     
          63         106  -1559829.05982906     
          63         107  -389957.264957264     
          63         108  -109011253.561254     
          63         112   1169871.79487179     
          63         113  -3899572.64957265     
          63         114   218313675.213675     
          63         115   5849358.97435897     
          63         116  -779914.529914530     
          63         117  -218500854.700855     
          63         121  -2339743.58974358     
          63         122   15598290.5982906     
          63         123  -436689743.589743     
          63         124  -11698717.9487179     
          63         125   3119658.11965811     
          63         126   436876923.076922     
          63         130   15598290.5982906     
          63         131   7799145.29914530     
          63         132  -218584045.584045     
          63         133   3119658.11965811     
          63         134   1559829.05982906     
          63         135   217960113.960114     
          64           1  0.000000000000000E+000
          64           2  0.000000000000000E+000
          64           3  0.000000000000000E+000
          64           4  0.000000000000000E+000
          64           5  0.000000000000000E+000
          64           6  0.000000000000000E+000
          64          10  0.000000000000000E+000
          64          11  0.000000000000000E+000
          64          12  0.000000000000000E+000
          64          13  0.000000000000000E+000
          64          14  0.000000000000000E+000
          64          15  0.000000000000000E+000
          64          19  0.000000000000000E+000
          64          20  0.000000000000000E+000
          64          21  0.000000000000000E+000
          64          22  0.000000000000000E+000
          64          23  0.000000000000000E+000
          64          24  0.000000000000000E+000
          64          28  -414928395.061728     
          64          29 -4.365574568510056E-011
          64          30  -6239316.23931624     
          64          31   416467426.400760     
          64          32 -2.910383045673370E-011
          64          33   31196581.1965812     
          64          37  -51779392.2127256     
          64          38   259971.509971510     
          64          39  -779914.529914530     
          64          40   52101756.8850903     
          64          41   129985.754985755     
          64          42   3899572.64957265     
          64          46   102685280.151947     
          64          47  -1039886.03988604     
          64          48   3119658.11965811     
          64          49  -104640265.906933     
          64          50  -519943.019943020     
          64          51  -15598290.5982906     
          64          55   104869040.835708     
          64          56  -155982.905982906     
          64          57   11698717.9487180     
          64          58  -103548385.565052     
          64          59  -77991.4529914531     
          64          60  -2339743.58974358     
          64          64   840338841.405508     
          64          65  7.457856554538012E-010
          64          66   93589743.5897436     
          64          67  -827693827.160494     
          64          68  3.474269760772586E-010
          64          69  -18717948.7179487     
          64          73   822868755.935423     
          64          74  1.746229827404022E-010
          64          75   24957264.9572649     
          64          76  -836428869.895537     
          64          77  1.091393642127514E-010
          64          78  -124786324.786325     
          65           1  0.000000000000000E+000
          65           2  0.000000000000000E+000
          65           3  0.000000000000000E+000
          65           4  0.000000000000000E+000
          65           5  0.000000000000000E+000
          65           6  0.000000000000000E+000
          65          10  0.000000000000000E+000
          65          11  0.000000000000000E+000
          65          12  0.000000000000000E+000
          65          13  0.000000000000000E+000
          65          14  0.000000000000000E+000
          65          15  0.000000000000000E+000
          65          19  0.000000000000000E+000
          65          20  0.000000000000000E+000
          65          21  0.000000000000000E+000
          65          22  0.000000000000000E+000
          65          23  0.000000000000000E+000
          65          24  0.000000000000000E+000
          65          28  2.182787284255028E-010
          65          29  -207991073.124406     
          65          30 -4.540197551250458E-009
          65          31  9.094947017729282E-011
          65          32   207970275.403609     
          65          33  1.862645149230957E-009
          65          37   259971.509971510     
          65          38  -51779392.2127256     
          65          39  -779914.529914529     
          65          40   129985.754985755     
          65          41   52101756.8850903     
          65          42   3899572.64957265     
          65          46  -1039886.03988604     
          65          47   103142830.009497     
          65          48   1559829.05982906     
          65          49  -519943.019943020     
          65          50  -104411490.978158     
          65          51  -7799145.29914530     
          65          55   155982.905982906     
          65          56   207880151.946819     
          65          57   3119658.11965811     
          65          58   77991.4529914529     
          65          59  -208025735.992403     
          65          60  -15598290.5982906     
          65          64  7.439666660502553E-010
          65          65   835014624.881291     
          65          66  2.825981937348843E-008
          65          67  3.869899956043810E-010
          65          68  -830355935.422602     
          65          69 -1.935404725372791E-009
          65          73 -9.313225746154785E-010
          65          74   414318328.584995     
          65          75  8.731149137020111E-009
          65          76 -4.292814992368221E-010
          65          77  -416772459.639126     
          65          78 -5.762558430433273E-009
          66           1  0.000000000000000E+000
          66           2  0.000000000000000E+000
          66           3  0.000000000000000E+000
          66           4  0.000000000000000E+000
          66           5  0.000000000000000E+000
          66           6  0.000000000000000E+000
          66          10  0.000000000000000E+000
          66          11  0.000000000000000E+000
          66          12  0.000000000000000E+000
          66          13  0.000000000000000E+000
          66          14  0.000000000000000E+000
          66          15  0.000000000000000E+000
          66          19  0.000000000000000E+000
          66          20  0.000000000000000E+000
          66          21  0.000000000000000E+000
          66          22  0.000000000000000E+000
          66          23  0.000000000000000E+000
          66          24  0.000000000000000E+000
          66          28   6239316.23931625     
          66          29 -3.841705620288849E-009
          66          30  -873254700.854701     
          66          31   31196581.1965812     
          66          32  5.820766091346741E-010
          66          33   873629059.829060     
          66          37   779914.529914531     
          66          38   779914.529914531     
          66          39  -109104843.304843     
          66          40   3899572.64957265     
          66          41   3899572.64957265     
          66          42   109229629.629630     
          66          46  -3119658.11965813     
          66          47  -1559829.05982906     
          66          48   217960113.960114     
          66          49  -15598290.5982906     
          66          50  -7799145.29914530     
          66          51  -218584045.584046     
          66          55   11698717.9487180     
          66          56  -3119658.11965812     
          66          57   436876923.076923     
          66          58   2339743.58974359     
          66          59  -15598290.5982906     
          66          60  -436689743.589744     
          66          64   93589743.5897436     
          66          65  2.820161171257496E-008
          66          66   3496679202.27920     
          66          67   18717948.7179487     
          66          68  1.935404725372791E-009
          66          69  -3492686039.88604     
          66          73  -24957264.9572650     
          66          74  7.043126970529556E-009
          66          75   1744512820.51282     
          66          76  -124786324.786325     
          66          77 -6.752088665962219E-009
          66          78  -1748256410.25641     
          67           1  0.000000000000000E+000
          67           2  0.000000000000000E+000
          67           3  0.000000000000000E+000
          67           4  0.000000000000000E+000
          67           5  0.000000000000000E+000
          67           6  0.000000000000000E+000
          67           7  0.000000000000000E+000
          67           8  0.000000000000000E+000
          67           9  0.000000000000000E+000
          67          10  0.000000000000000E+000
          67          11  0.000000000000000E+000
          67          12  0.000000000000000E+000
          67          13  0.000000000000000E+000
          67          14  0.000000000000000E+000
          67          15  0.000000000000000E+000
          67          16  0.000000000000000E+000
          67          17  0.000000000000000E+000
          67          18  0.000000000000000E+000
          67          19  0.000000000000000E+000
          67          20  0.000000000000000E+000
          67          21  0.000000000000000E+000
          67          22  0.000000000000000E+000
          67          23  0.000000000000000E+000
          67          24  0.000000000000000E+000
          67          25  0.000000000000000E+000
          67          26  0.000000000000000E+000
          67          27  0.000000000000000E+000
          67          28   416467426.400760     
          67          29 -2.910383045673370E-011
          67          30  -31196581.1965812     
          67          31  -829856790.123457     
          67          32 -8.731149137020111E-011
          67          33  0.000000000000000E+000
          67          34   416467426.400760     
          67          35 -2.910383045673370E-011
          67          36   31196581.1965812     
          67          37   52101756.8850903     
          67          38   129985.754985755     
          67          39  -3899572.64957265     
          67          40  -103558784.425451     
          67          41   519943.019943020     
          67          42  0.000000000000000E+000
          67          43   52101756.8850903     
          67          44   129985.754985755     
          67          45   3899572.64957265     
          67          46  -104640265.906933     
          67          47  -519943.019943020     
          67          48   15598290.5982906     
          67          49   205370560.303894     
          67          50  -2079772.07977208     
          67          51  0.000000000000000E+000
          67          52  -104640265.906933     
          67          53  -519943.019943020     
          67          54  -15598290.5982906     
          67          55  -103548385.565052     
          67          56  -77991.4529914531     
          67          57   2339743.58974358     
          67          58   209738081.671415     
          67          59  -311965.811965812     
          67          60  0.000000000000000E+000
          67          61  -103548385.565052     
          67          62  -77991.4529914531     
          67          63  -2339743.58974358     
          67          64  -827693827.160494     
          67          65  3.474269760772586E-010
          67          66   18717948.7179487     
          67          67   1680677682.81102     
          67          68  1.491571310907602E-009
          67          69  0.000000000000000E+000
          67          70  -827693827.160494     
          67          71  3.474269760772586E-010
          67          72  -18717948.7179487     
          67          73  -836428869.895537     
          67          74  1.091393642127514E-010
          67          75   124786324.786325     
          67          76   1645737511.87085     
          67          77  3.492459654808044E-010
          67          78  0.000000000000000E+000
          67          79  -836428869.895537     
          67          80  1.091393642127514E-010
          67          81  -124786324.786325     
          68           1  0.000000000000000E+000
          68           2  0.000000000000000E+000
          68           3  0.000000000000000E+000
          68           4  0.000000000000000E+000
          68           5  0.000000000000000E+000
          68           6  0.000000000000000E+000
          68           7  0.000000000000000E+000
          68           8  0.000000000000000E+000
          68           9  0.000000000000000E+000
          68          10  0.000000000000000E+000
          68          11  0.000000000000000E+000
          68          12  0.000000000000000E+000
          68          13  0.000000000000000E+000
          68          14  0.000000000000000E+000
          68          15  0.000000000000000E+000
          68          16  0.000000000000000E+000
          68          17  0.000000000000000E+000
          68          18  0.000000000000000E+000
          68          19  0.000000000000000E+000
          68          20  0.000000000000000E+000
          68          21  0.000000000000000E+000
          68          22  0.000000000000000E+000
          68          23  0.000000000000000E+000
          68          24  0.000000000000000E+000
          68          25  0.000000000000000E+000
          68          26  0.000000000000000E+000
          68          27  0.000000000000000E+000
          68          28  9.094947017729282E-011
          68          29   207970275.403609     
          68          30 -1.862645149230957E-009
          68          31  4.365574568510056E-010
          68          32  -415982146.248813     
          68          33  0.000000000000000E+000
          68          34  9.094947017729282E-011
          68          35   207970275.403609     
          68          36  1.862645149230957E-009
          68          37   129985.754985755     
          68          38   52101756.8850903     
          68          39  -3899572.64957265     
          68          40   519943.019943020     
          68          41  -103558784.425451     
          68          42  0.000000000000000E+000
          68          43   129985.754985755     
          68          44   52101756.8850903     
          68          45   3899572.64957265     
          68          46  -519943.019943020     
          68          47  -104411490.978158     
          68          48   7799145.29914530     
          68          49  -2079772.07977208     
          68          50   206285660.018994     
          68          51  0.000000000000000E+000
          68          52  -519943.019943020     
          68          53  -104411490.978158     
          68          54  -7799145.29914530     
          68          55   77991.4529914529     
          68          56  -208025735.992403     
          68          57   15598290.5982906     
          68          58   311965.811965811     
          68          59   415760303.893638     
          68          60  0.000000000000000E+000
          68          61   77991.4529914529     
          68          62  -208025735.992403     
          68          63  -15598290.5982906     
          68          64  3.869899956043810E-010
          68          65  -830355935.422602     
          68          66  1.935404725372791E-009
          68          67  1.487933332100511E-009
          68          68   1670029249.76258     
          68          69  0.000000000000000E+000
          68          70  3.869899956043810E-010
          68          71  -830355935.422602     
          68          72 -1.935404725372791E-009
          68          73 -4.292814992368221E-010
          68          74  -416772459.639126     
          68          75  5.762558430433273E-009
          68          76 -1.862645149230957E-009
          68          77   828636657.169991     
          68          78  0.000000000000000E+000
          68          79 -4.292814992368221E-010
          68          80  -416772459.639126     
          68          81 -5.762558430433273E-009
          69           1  0.000000000000000E+000
          69           2  0.000000000000000E+000
          69           3  0.000000000000000E+000
          69           4  0.000000000000000E+000
          69           5  0.000000000000000E+000
          69           6  0.000000000000000E+000
          69           7  0.000000000000000E+000
          69           8  0.000000000000000E+000
          69           9  0.000000000000000E+000
          69          10  0.000000000000000E+000
          69          11  0.000000000000000E+000
          69          12  0.000000000000000E+000
          69          13  0.000000000000000E+000
          69          14  0.000000000000000E+000
          69          15  0.000000000000000E+000
          69          16  0.000000000000000E+000
          69          17  0.000000000000000E+000
          69          18  0.000000000000000E+000
          69          19  0.000000000000000E+000
          69          20  0.000000000000000E+000
          69          21  0.000000000000000E+000
          69          22  0.000000000000000E+000
          69          23  0.000000000000000E+000
          69          24  0.000000000000000E+000
          69          25  0.000000000000000E+000
          69          26  0.000000000000000E+000
          69          27  0.000000000000000E+000
          69          28  -31196581.1965812     
          69          29 -5.820766091346741E-010
          69          30   873629059.829060     
          69          31  0.000000000000000E+000
          69          32  0.000000000000000E+000
          69          33  -1746509401.70940     
          69          34   31196581.1965812     
          69          35  5.820766091346741E-010
          69          36   873629059.829060     
          69          37  -3899572.64957265     
          69          38  -3899572.64957265     
          69          39   109229629.629630     
          69          40  0.000000000000000E+000
          69          41  0.000000000000000E+000
          69          42  -218209686.609687     
          69          43   3899572.64957265     
          69          44   3899572.64957265     
          69          45   109229629.629630     
          69          46   15598290.5982906     
          69          47   7799145.29914530     
          69          48  -218584045.584046     
          69          49  0.000000000000000E+000
          69          50  0.000000000000000E+000
          69          51   435920227.920228     
          69          52  -15598290.5982906     
          69          53  -7799145.29914530     
          69          54  -218584045.584046     
          69          55  -2339743.58974359     
          69          56   15598290.5982906     
          69          57  -436689743.589744     
          69          58  0.000000000000000E+000
          69          59  0.000000000000000E+000
          69          60   873753846.153846     
          69          61   2339743.58974359     
          69          62  -15598290.5982906     
          69          63  -436689743.589744     
          69          64  -18717948.7179487     
          69          65 -1.935404725372791E-009
          69          66  -3492686039.88604     
          69          67  0.000000000000000E+000
          69          68  0.000000000000000E+000
          69          69   6993358404.55840     
          69          70   18717948.7179487     
          69          71  1.935404725372791E-009
          69          72  -3492686039.88604     
          69          73   124786324.786325     
          69          74  6.752088665962219E-009
          69          75  -1748256410.25641     
          69          76  0.000000000000000E+000
          69          77  0.000000000000000E+000
          69          78   3489025641.02564     
          69          79  -124786324.786325     
          69          80 -6.752088665962219E-009
          69          81  -1748256410.25641     
          70           4  0.000000000000000E+000
          70           5  0.000000000000000E+000
          70           6  0.000000000000000E+000
          70           7  0.000000000000000E+000
          70           8  0.000000000000000E+000
          70           9  0.000000000000000E+000
          70          13  0.000000000000000E+000
          70          14  0.000000000000000E+000
          70          15  0.000000000000000E+000
          70          16  0.000000000000000E+000
          70          17  0.000000000000000E+000
          70          18  0.000000000000000E+000
          70          22  0.000000000000000E+000
          70          23  0.000000000000000E+000
          70          24  0.000000000000000E+000
          70          25  0.000000000000000E+000
          70          26  0.000000000000000E+000
          70          27  0.000000000000000E+000
          70          31   416467426.400760     
          70          32 -2.910383045673370E-011
          70          33  -31196581.1965812     
          70          34  -414928395.061728     
          70          35 -4.365574568510056E-011
          70          36   6239316.23931624     
          70          40   52101756.8850903     
          70          41   129985.754985755     
          70          42  -3899572.64957265     
          70          43  -51779392.2127256     
          70          44   259971.509971510     
          70          45   779914.529914530     
          70          49  -104640265.906933     
          70          50  -519943.019943020     
          70          51   15598290.5982906     
          70          52   102685280.151947     
          70          53  -1039886.03988604     
          70          54  -3119658.11965811     
          70          58  -103548385.565052     
          70          59  -77991.4529914531     
          70          60   2339743.58974358     
          70          61   104869040.835708     
          70          62  -155982.905982906     
          70          63  -11698717.9487180     
          70          67  -827693827.160494     
          70          68  3.474269760772586E-010
          70          69   18717948.7179487     
          70          70   840338841.405508     
          70          71  7.457856554538012E-010
          70          72  -93589743.5897436     
          70          76  -836428869.895537     
          70          77  1.091393642127514E-010
          70          78   124786324.786325     
          70          79   822868755.935423     
          70          80  1.746229827404022E-010
          70          81  -24957264.9572649     
          71           4  0.000000000000000E+000
          71           5  0.000000000000000E+000
          71           6  0.000000000000000E+000
          71           7  0.000000000000000E+000
          71           8  0.000000000000000E+000
          71           9  0.000000000000000E+000
          71          13  0.000000000000000E+000
          71          14  0.000000000000000E+000
          71          15  0.000000000000000E+000
          71          16  0.000000000000000E+000
          71          17  0.000000000000000E+000
          71          18  0.000000000000000E+000
          71          22  0.000000000000000E+000
          71          23  0.000000000000000E+000
          71          24  0.000000000000000E+000
          71          25  0.000000000000000E+000
          71          26  0.000000000000000E+000
          71          27  0.000000000000000E+000
          71          31  9.094947017729282E-011
          71          32   207970275.403609     
          71          33 -1.862645149230957E-009
          71          34  2.182787284255028E-010
          71          35  -207991073.124406     
          71          36  4.540197551250458E-009
          71          40   129985.754985755     
          71          41   52101756.8850903     
          71          42  -3899572.64957265     
          71          43   259971.509971510     
          71          44  -51779392.2127256     
          71          45   779914.529914529     
          71          49  -519943.019943020     
          71          50  -104411490.978158     
          71          51   7799145.29914530     
          71          52  -1039886.03988604     
          71          53   103142830.009497     
          71          54  -1559829.05982906     
          71          58   77991.4529914529     
          71          59  -208025735.992403     
          71          60   15598290.5982906     
          71          61   155982.905982906     
          71          62   207880151.946819     
          71          63  -3119658.11965811     
          71          67  3.869899956043810E-010
          71          68  -830355935.422602     
          71          69  1.935404725372791E-009
          71          70  7.439666660502553E-010
          71          71   835014624.881291     
          71          72 -2.825981937348843E-008
          71          76 -4.292814992368221E-010
          71          77  -416772459.639126     
          71          78  5.762558430433273E-009
          71          79 -9.313225746154785E-010
          71          80   414318328.584995     
          71          81 -8.731149137020111E-009
          72           4  0.000000000000000E+000
          72           5  0.000000000000000E+000
          72           6  0.000000000000000E+000
          72           7  0.000000000000000E+000
          72           8  0.000000000000000E+000
          72           9  0.000000000000000E+000
          72          13  0.000000000000000E+000
          72          14  0.000000000000000E+000
          72          15  0.000000000000000E+000
          72          16  0.000000000000000E+000
          72          17  0.000000000000000E+000
          72          18  0.000000000000000E+000
          72          22  0.000000000000000E+000
          72          23  0.000000000000000E+000
          72          24  0.000000000000000E+000
          72          25  0.000000000000000E+000
          72          26  0.000000000000000E+000
          72          27  0.000000000000000E+000
          72          31  -31196581.1965812     
          72          32 -5.820766091346741E-010
          72          33   873629059.829060     
          72          34  -6239316.23931625     
          72          35  3.841705620288849E-009
          72          36  -873254700.854701     
          72          40  -3899572.64957265     
          72          41  -3899572.64957265     
          72          42   109229629.629630     
          72          43  -779914.529914531     
          72          44  -779914.529914531     
          72          45  -109104843.304843     
          72          49   15598290.5982906     
          72          50   7799145.29914530     
          72          51  -218584045.584046     
          72          52   3119658.11965813     
          72          53   1559829.05982906     
          72          54   217960113.960114     
          72          58  -2339743.58974359     
          72          59   15598290.5982906     
          72          60  -436689743.589744     
          72          61  -11698717.9487180     
          72          62   3119658.11965812     
          72          63   436876923.076923     
          72          67  -18717948.7179487     
          72          68 -1.935404725372791E-009
          72          69  -3492686039.88604     
          72          70  -93589743.5897436     
          72          71 -2.820161171257496E-008
          72          72   3496679202.27920     
          72          76   124786324.786325     
          72          77  6.752088665962219E-009
          72          78  -1748256410.25641     
          72          79   24957264.9572650     
          72          80 -7.043126970529556E-009
          72          81   1744512820.51282     
          73           1  0.000000000000000E+000
          73           2  0.000000000000000E+000
          73           3  0.000000000000000E+000
          73           4  0.000000000000000E+000
          73           5  0.000000000000000E+000
          73           6  0.000000000000000E+000
          73          10  0.000000000000000E+000
          73          11  0.000000000000000E+000
          73          12  0.000000000000000E+000
          73          13  0.000000000000000E+000
          73          14  0.000000000000000E+000
          73          15  0.000000000000000E+000
          73          19  0.000000000000000E+000
          73          20  0.000000000000000E+000
          73          21  0.000000000000000E+000
          73          22  0.000000000000000E+000
          73          23  0.000000000000000E+000
          73          24  0.000000000000000E+000
          73          28   822868755.935424     
          73          29  3.492459654808044E-010
          73          30   24957264.9572650     
          73          31  -836428869.895538     
          73          32  2.328306436538696E-010
          73          33  -124786324.786325     
          73          37   102685280.151947     
          73          38  -1039886.03988604     
          73          39   3119658.11965812     
          73          40  -104640265.906933     
          73          41  -519943.019943021     
          73          42  -15598290.5982906     
          73          46   417729154.795822     
          73          47 -4.656612873077393E-010
          73          48  1.117587089538574E-008
          73          49  -415067046.533713     
          73          50 -2.328306436538696E-010
          73          51 -9.313225746154785E-010
          73          55   102685280.151947     
          73          56   1039886.03988604     
          73          57  -3119658.11965812     
          73          58  -104640265.906933     
          73          59   519943.019943021     
          73          60   15598290.5982906     
          73          64   822868755.935423     
          73          65 -6.693881005048752E-010
          73          66  -24957264.9572650     
          73          67  -836428869.895537     
          73          68 -3.055902197957039E-010
          73          69   124786324.786325     
          73          73   3347379297.24596     
          73          74 -5.820766091346741E-011
          73          75  7.264316082000732E-008
          73          76  -3317763342.83001     
          73          77  2.910383045673370E-011
          73          78  1.303851604461670E-008
          74           1  0.000000000000000E+000
          74           2  0.000000000000000E+000
          74           3  0.000000000000000E+000
          74           4  0.000000000000000E+000
          74           5  0.000000000000000E+000
          74           6  0.000000000000000E+000
          74          10  0.000000000000000E+000
          74          11  0.000000000000000E+000
          74          12  0.000000000000000E+000
          74          13  0.000000000000000E+000
          74          14  0.000000000000000E+000
          74          15  0.000000000000000E+000
          74          19  0.000000000000000E+000
          74          20  0.000000000000000E+000
          74          21  0.000000000000000E+000
          74          22  0.000000000000000E+000
          74          23  0.000000000000000E+000
          74          24  0.000000000000000E+000
          74          28 -4.656612873077393E-010
          74          29   414318328.584996     
          74          30  1.117587089538574E-008
          74          31 -2.037268131971359E-010
          74          32  -416772459.639127     
          74          33 -3.259629011154175E-009
          74          37  -1039886.03988604     
          74          38   103142830.009497     
          74          39   1559829.05982906     
          74          40  -519943.019943021     
          74          41  -104411490.978158     
          74          42  -7799145.29914530     
          74          46 -1.164153218269348E-010
          74          47   830688698.955366     
          74          48   12478632.4786325     
          74          49 -1.164153218269348E-010
          74          50  -832518898.385566     
          74          51  -62393162.3931624     
          74          55   1039886.03988604     
          74          56   103142830.009497     
          74          57   1559829.05982906     
          74          58   519943.019943021     
          74          59  -104411490.978158     
          74          60  -7799145.29914531     
          74          64  2.291926648467779E-010
          74          65   414318328.584995     
          74          66  7.334165275096893E-009
          74          67  1.709850039333105E-010
          74          68  -416772459.639126     
          74          69  6.926711648702621E-009
          74          73  1.164153218269348E-010
          74          74   3336730864.19753     
          74          75  2.654269337654114E-008
          74          76  5.820766091346741E-011
          74          77  -3323087559.35423     
          74          78  5.587935447692871E-009
          75           1  0.000000000000000E+000
          75           2  0.000000000000000E+000
          75           3  0.000000000000000E+000
          75           4  0.000000000000000E+000
          75           5  0.000000000000000E+000
          75           6  0.000000000000000E+000
          75          10  0.000000000000000E+000
          75          11  0.000000000000000E+000
          75          12  0.000000000000000E+000
          75          13  0.000000000000000E+000
          75          14  0.000000000000000E+000
          75          15  0.000000000000000E+000
          75          19  0.000000000000000E+000
          75          20  0.000000000000000E+000
          75          21  0.000000000000000E+000
          75          22  0.000000000000000E+000
          75          23  0.000000000000000E+000
          75          24  0.000000000000000E+000
          75          28  -24957264.9572650     
          75          29  1.303851604461670E-008
          75          30   1744512820.51282     
          75          31  -124786324.786325     
          75          32  4.190951585769653E-009
          75          33  -1748256410.25641     
          75          37  -3119658.11965812     
          75          38  -1559829.05982906     
          75          39   217960113.960114     
          75          40  -15598290.5982906     
          75          41  -7799145.29914531     
          75          42  -218584045.584046     
          75          46  8.381903171539307E-009
          75          47  -12478632.4786325     
          75          48   1747008547.00855     
          75          49  6.519258022308350E-009
          75          50  -62393162.3931624     
          75          51  -1747008547.00855     
          75          55   3119658.11965812     
          75          56  -1559829.05982906     
          75          57   217960113.960114     
          75          58   15598290.5982906     
          75          59  -7799145.29914531     
          75          60  -218584045.584046     
          75          64   24957264.9572650     
          75          65  8.149072527885437E-009
          75          66   1744512820.51282     
          75          67   124786324.786325     
          75          68  6.170012056827545E-009
          75          69  -1748256410.25641     
          75          73  8.195638656616211E-008
          75          74  4.470348358154297E-008
          75          75   13982723646.7237     
          75          76 -2.887099981307983E-008
          75          77 -5.587935447692871E-009
          75          78  -13972740740.7407     
          76           1  0.000000000000000E+000
          76           2  0.000000000000000E+000
          76           3  0.000000000000000E+000
          76           4  0.000000000000000E+000
          76           5  0.000000000000000E+000
          76           6  0.000000000000000E+000
          76           7  0.000000000000000E+000
          76           8  0.000000000000000E+000
          76           9  0.000000000000000E+000
          76          10  0.000000000000000E+000
          76          11  0.000000000000000E+000
          76          12  0.000000000000000E+000
          76          13  0.000000000000000E+000
          76          14  0.000000000000000E+000
          76          15  0.000000000000000E+000
          76          16  0.000000000000000E+000
          76          17  0.000000000000000E+000
          76          18  0.000000000000000E+000
          76          19  0.000000000000000E+000
          76          20  0.000000000000000E+000
          76          21  0.000000000000000E+000
          76          22  0.000000000000000E+000
          76          23  0.000000000000000E+000
          76          24  0.000000000000000E+000
          76          25  0.000000000000000E+000
          76          26  0.000000000000000E+000
          76          27  0.000000000000000E+000
          76          28  -836428869.895538     
          76          29  2.328306436538696E-010
          76          30   124786324.786325     
          76          31   1645737511.87085     
          76          32  6.984919309616089E-010
          76          33  0.000000000000000E+000
          76          34  -836428869.895538     
          76          35  2.328306436538696E-010
          76          36  -124786324.786325     
          76          37  -104640265.906933     
          76          38  -519943.019943021     
          76          39   15598290.5982906     
          76          40   205370560.303894     
          76          41  -2079772.07977208     
          76          42  0.000000000000000E+000
          76          43  -104640265.906933     
          76          44  -519943.019943021     
          76          45  -15598290.5982906     
          76          46  -415067046.533713     
          76          47 -2.328306436538696E-010
          76          48  9.313225746154785E-010
          76          49   835458309.591643     
          76          50 -9.313225746154785E-010
          76          51  0.000000000000000E+000
          76          52  -415067046.533713     
          76          53 -2.328306436538696E-010
          76          54 -9.313225746154785E-010
          76          55  -104640265.906933     
          76          56   519943.019943021     
          76          57  -15598290.5982906     
          76          58   205370560.303894     
          76          59   2079772.07977208     
          76          60  0.000000000000000E+000
          76          61  -104640265.906933     
          76          62   519943.019943021     
          76          63   15598290.5982906     
          76          64  -836428869.895537     
          76          65 -3.055902197957039E-010
          76          66  -124786324.786325     
          76          67   1645737511.87085     
          76          68 -1.338776201009750E-009
          76          69  0.000000000000000E+000
          76          70  -836428869.895537     
          76          71 -3.055902197957039E-010
          76          72   124786324.786325     
          76          73  -3317763342.83001     
          76          74  2.910383045673370E-011
          76          75 -1.303851604461670E-008
          76          76   6694758594.49193     
          76          77 -1.164153218269348E-010
          76          78  0.000000000000000E+000
          76          79  -3317763342.83001     
          76          80  2.910383045673370E-011
          76          81  1.303851604461670E-008
          77           1  0.000000000000000E+000
          77           2  0.000000000000000E+000
          77           3  0.000000000000000E+000
          77           4  0.000000000000000E+000
          77           5  0.000000000000000E+000
          77           6  0.000000000000000E+000
          77           7  0.000000000000000E+000
          77           8  0.000000000000000E+000
          77           9  0.000000000000000E+000
          77          10  0.000000000000000E+000
          77          11  0.000000000000000E+000
          77          12  0.000000000000000E+000
          77          13  0.000000000000000E+000
          77          14  0.000000000000000E+000
          77          15  0.000000000000000E+000
          77          16  0.000000000000000E+000
          77          17  0.000000000000000E+000
          77          18  0.000000000000000E+000
          77          19  0.000000000000000E+000
          77          20  0.000000000000000E+000
          77          21  0.000000000000000E+000
          77          22  0.000000000000000E+000
          77          23  0.000000000000000E+000
          77          24  0.000000000000000E+000
          77          25  0.000000000000000E+000
          77          26  0.000000000000000E+000
          77          27  0.000000000000000E+000
          77          28 -2.037268131971359E-010
          77          29  -416772459.639127     
          77          30  3.259629011154175E-009
          77          31 -9.313225746154785E-010
          77          32   828636657.169991     
          77          33  0.000000000000000E+000
          77          34 -2.037268131971359E-010
          77          35  -416772459.639127     
          77          36 -3.259629011154175E-009
          77          37  -519943.019943021     
          77          38  -104411490.978158     
          77          39   7799145.29914530     
          77          40  -2079772.07977208     
          77          41   206285660.018994     
          77          42  0.000000000000000E+000
          77          43  -519943.019943021     
          77          44  -104411490.978158     
          77          45  -7799145.29914530     
          77          46 -1.164153218269348E-010
          77          47  -832518898.385566     
          77          48   62393162.3931624     
          77          49 -2.328306436538696E-010
          77          50   1661377397.91073     
          77          51  0.000000000000000E+000
          77          52 -1.164153218269348E-010
          77          53  -832518898.385566     
          77          54  -62393162.3931624     
          77          55   519943.019943021     
          77          56  -104411490.978158     
          77          57   7799145.29914531     
          77          58   2079772.07977208     
          77          59   206285660.018994     
          77          60  0.000000000000000E+000
          77          61   519943.019943021     
          77          62  -104411490.978158     
          77          63  -7799145.29914531     
          77          64  1.709850039333105E-010
          77          65  -416772459.639126     
          77          66 -6.926711648702621E-009
          77          67  4.583853296935558E-010
          77          68   828636657.169991     
          77          69  0.000000000000000E+000
          77          70  1.709850039333105E-010
          77          71  -416772459.639126     
          77          72  6.926711648702621E-009
          77          73  5.820766091346741E-011
          77          74  -3323087559.35423     
          77          75 -5.587935447692871E-009
          77          76  2.328306436538696E-010
          77          77   6673461728.39506     
          77          78  0.000000000000000E+000
          77          79  5.820766091346741E-011
          77          80  -3323087559.35423     
          77          81  5.587935447692871E-009
          78           1  0.000000000000000E+000
          78           2  0.000000000000000E+000
          78           3  0.000000000000000E+000
          78           4  0.000000000000000E+000
          78           5  0.000000000000000E+000
          78           6  0.000000000000000E+000
          78           7  0.000000000000000E+000
          78           8  0.000000000000000E+000
          78           9  0.000000000000000E+000
          78          10  0.000000000000000E+000
          78          11  0.000000000000000E+000
          78          12  0.000000000000000E+000
          78          13  0.000000000000000E+000
          78          14  0.000000000000000E+000
          78          15  0.000000000000000E+000
          78          16  0.000000000000000E+000
          78          17  0.000000000000000E+000
          78          18  0.000000000000000E+000
          78          19  0.000000000000000E+000
          78          20  0.000000000000000E+000
          78          21  0.000000000000000E+000
          78          22  0.000000000000000E+000
          78          23  0.000000000000000E+000
          78          24  0.000000000000000E+000
          78          25  0.000000000000000E+000
          78          26  0.000000000000000E+000
          78          27  0.000000000000000E+000
          78          28   124786324.786325     
          78          29 -4.190951585769653E-009
          78          30  -1748256410.25641     
          78          31  0.000000000000000E+000
          78          32  0.000000000000000E+000
          78          33   3489025641.02564     
          78          34  -124786324.786325     
          78          35  4.190951585769653E-009
          78          36  -1748256410.25641     
          78          37   15598290.5982906     
          78          38   7799145.29914531     
          78          39  -218584045.584046     
          78          40  0.000000000000000E+000
          78          41  0.000000000000000E+000
          78          42   435920227.920228     
          78          43  -15598290.5982906     
          78          44  -7799145.29914531     
          78          45  -218584045.584046     
          78          46 -6.519258022308350E-009
          78          47   62393162.3931624     
          78          48  -1747008547.00855     
          78          49  0.000000000000000E+000
          78          50  0.000000000000000E+000
          78          51   3494017094.01710     
          78          52  6.519258022308350E-009
          78          53  -62393162.3931624     
          78          54  -1747008547.00855     
          78          55  -15598290.5982906     
          78          56   7799145.29914531     
          78          57  -218584045.584046     
          78          58  0.000000000000000E+000
          78          59  0.000000000000000E+000
          78          60   435920227.920228     
          78          61   15598290.5982906     
          78          62  -7799145.29914531     
          78          63  -218584045.584046     
          78          64  -124786324.786325     
          78          65 -6.170012056827545E-009
          78          66  -1748256410.25641     
          78          67  0.000000000000000E+000
          78          68  0.000000000000000E+000
          78          69   3489025641.02564     
          78          70   124786324.786325     
          78          71  6.170012056827545E-009
          78          72  -1748256410.25641     
          78          73  2.887099981307983E-008
          78          74  5.587935447692871E-009
          78          75  -13972740740.7407     
          78          76  0.000000000000000E+000
          78          77  0.000000000000000E+000
          78          78   27965447293.4473     
          78          79 -2.887099981307983E-008
          78          80 -5.587935447692871E-009
          78          81  -13972740740.7407     
          79           4  0.000000000000000E+000
          79           5  0.000000000000000E+000
          79           6  0.000000000000000E+000
          79           7  0.000000000000000E+000
          79           8  0.000000000000000E+000
          79           9  0.000000000000000E+000
          79          13  0.000000000000000E+000
          79          14  0.000000000000000E+000
          79          15  0.000000000000000E+000
          79          16  0.000000000000000E+000
          79          17  0.000000000000000E+000
          79          18  0.000000000000000E+000
          79          22  0.000000000000000E+000
          79          23  0.000000000000000E+000
          79          24  0.000000000000000E+000
          79          25  0.000000000000000E+000
          79          26  0.000000000000000E+000
          79          27  0.000000000000000E+000
          79          31  -836428869.895538     
          79          32  2.328306436538696E-010
          79          33   124786324.786325     
          79          34   822868755.935424     
          79          35  3.492459654808044E-010
          79          36  -24957264.9572650     
          79          40  -104640265.906933     
          79          41  -519943.019943021     
          79          42   15598290.5982906     
          79          43   102685280.151947     
          79          44  -1039886.03988604     
          79          45  -3119658.11965812     
          79          49  -415067046.533713     
          79          50 -2.328306436538696E-010
          79          51  9.313225746154785E-010
          79          52   417729154.795822     
          79          53 -4.656612873077393E-010
          79          54 -1.117587089538574E-008
          79          58  -104640265.906933     
          79          59   519943.019943021     
          79          60  -15598290.5982906     
          79          61   102685280.151947     
          79          62   1039886.03988604     
          79          63   3119658.11965812     
          79          67  -836428869.895537     
          79          68 -3.055902197957039E-010
          79          69  -124786324.786325     
          79          70   822868755.935423     
          79          71 -6.693881005048752E-010
          79          72   24957264.9572650     
          79          76  -3317763342.83001     
          79          77  2.910383045673370E-011
          79          78 -1.303851604461670E-008
          79          79   3347379297.24596     
          79          80 -5.820766091346741E-011
          79          81 -7.264316082000732E-008
          80           4  0.000000000000000E+000
          80           5  0.000000000000000E+000
          80           6  0.000000000000000E+000
          80           7  0.000000000000000E+000
          80           8  0.000000000000000E+000
          80           9  0.000000000000000E+000
          80          13  0.000000000000000E+000
          80          14  0.000000000000000E+000
          80          15  0.000000000000000E+000
          80          16  0.000000000000000E+000
          80          17  0.000000000000000E+000
          80          18  0.000000000000000E+000
          80          22  0.000000000000000E+000
          80          23  0.000000000000000E+000
          80          24  0.000000000000000E+000
          80          25  0.000000000000000E+000
          80          26  0.000000000000000E+000
          80          27  0.000000000000000E+000
          80          31 -2.037268131971359E-010
          80          32  -416772459.639127     
          80          33  3.259629011154175E-009
          80          34 -4.656612873077393E-010
          80          35   414318328.584996     
          80          36 -1.117587089538574E-008
          80          40  -519943.019943021     
          80          41  -104411490.978158     
          80          42   7799145.29914530     
          80          43  -1039886.03988604     
          80          44   103142830.009497     
          80          45  -1559829.05982906     
          80          49 -1.164153218269348E-010
          80          50  -832518898.385566     
          80          51   62393162.3931624     
          80          52 -1.164153218269348E-010
          80          53   830688698.955366     
          80          54  -12478632.4786325     
          80          58   519943.019943021     
          80          59  -104411490.978158     
          80          60   7799145.29914531     
          80          61   1039886.03988604     
          80          62   103142830.009497     
          80          63  -1559829.05982906     
          80          67  1.709850039333105E-010
          80          68  -416772459.639126     
          80          69 -6.926711648702621E-009
          80          70  2.291926648467779E-010
          80          71   414318328.584995     
          80          72 -7.334165275096893E-009
          80          76  5.820766091346741E-011
          80          77  -3323087559.35423     
          80          78 -5.587935447692871E-009
          80          79  1.164153218269348E-010
          80          80   3336730864.19753     
          80          81 -2.654269337654114E-008
          81           4  0.000000000000000E+000
          81           5  0.000000000000000E+000
          81           6  0.000000000000000E+000
          81           7  0.000000000000000E+000
          81           8  0.000000000000000E+000
          81           9  0.000000000000000E+000
          81          13  0.000000000000000E+000
          81          14  0.000000000000000E+000
          81          15  0.000000000000000E+000
          81          16  0.000000000000000E+000
          81          17  0.000000000000000E+000
          81          18  0.000000000000000E+000
          81          22  0.000000000000000E+000
          81          23  0.000000000000000E+000
          81          24  0.000000000000000E+000
          81          25  0.000000000000000E+000
          81          26  0.000000000000000E+000
          81          27  0.000000000000000E+000
          81          31   124786324.786325     
          81          32 -4.190951585769653E-009
          81          33  -1748256410.25641     
          81          34   24957264.9572650     
          81          35 -1.303851604461670E-008
          81          36   1744512820.51282     
          81          40   15598290.5982906     
          81          41   7799145.29914531     
          81          42  -218584045.584046     
          81          43   3119658.11965812     
          81          44   1559829.05982906     
          81          45   217960113.960114     
          81          49 -6.519258022308350E-009
          81          50   62393162.3931624     
          81          51  -1747008547.00855     
          81          52 -8.381903171539307E-009
          81          53   12478632.4786325     
          81          54   1747008547.00855     
          81          58  -15598290.5982906     
          81          59   7799145.29914531     
          81          60  -218584045.584046     
          81          61  -3119658.11965812     
          81          62   1559829.05982906     
          81          63   217960113.960114     
          81          67  -124786324.786325     
          81          68 -6.170012056827545E-009
          81          69  -1748256410.25641     
          81          70  -24957264.9572650     
          81          71 -8.149072527885437E-009
          81          72   1744512820.51282     
          81          76  2.887099981307983E-008
          81          77  5.587935447692871E-009
          81          78  -13972740740.7407     
          81          79 -8.195638656616211E-008
          81          80 -4.470348358154297E-008
          81          81   13982723646.7237     
          82          37   104869040.835708     
          82          38  -155982.905982906     
          82          39  -11698717.9487180     
          82          40  -103548385.565052     
          82          41  -77991.4529914531     
          82          42   2339743.58974359     
          82          46   102685280.151947     
          82          47  -1039886.03988604     
          82          48  -3119658.11965813     
          82          49  -104640265.906933     
          82          50  -519943.019943020     
          82          51   15598290.5982906     
          82          55  -51779392.2127255     
          82          56   259971.509971510     
          82          57   779914.529914531     
          82          58   52101756.8850902     
          82          59   129985.754985755     
          82          60  -3899572.64957265     
          82          82   840338841.405509     
          82          83 -4.656612873077393E-010
          82          84  -93589743.5897437     
          82          85  -827693827.160495     
          82          86 -1.746229827404022E-010
          82          87   18717948.7179487     
          82          91   104869040.835708     
          82          92   155982.905982907     
          82          93  -11698717.9487180     
          82          94  -103548385.565052     
          82          95   77991.4529914532     
          82          96   2339743.58974359     
          82         100   102685280.151947     
          82         101   1039886.03988604     
          82         102  -3119658.11965812     
          82         103  -104640265.906933     
          82         104   519943.019943020     
          82         105   15598290.5982906     
          82         109  -51779392.2127256     
          82         110  -259971.509971510     
          82         111   779914.529914531     
          82         112   52101756.8850903     
          82         113  -129985.754985755     
          82         114  -3899572.64957265     
          82         118  -414928395.061728     
          82         120   6239316.23931625     
          82         121   416467426.400760     
          82         122  7.275957614183426E-012
          82         123  -31196581.1965812     
          82         127   822868755.935424     
          82         128  1.746229827404022E-010
          82         129  -24957264.9572650     
          82         130  -836428869.895538     
          82         131  8.731149137020111E-011
          82         132   124786324.786325     
          83          37   155982.905982906     
          83          38   207880151.946819     
          83          39  -3119658.11965812     
          83          40   77991.4529914530     
          83          41  -208025735.992403     
          83          42   15598290.5982906     
          83          46  -1039886.03988604     
          83          47   103142830.009497     
          83          48  -1559829.05982906     
          83          49  -519943.019943020     
          83          50  -104411490.978158     
          83          51   7799145.29914530     
          83          55   259971.509971510     
          83          56  -51779392.2127255     
          83          57   779914.529914530     
          83          58   129985.754985755     
          83          59   52101756.8850902     
          83          60  -3899572.64957265     
          83          82 -4.074536263942719E-010
          83          83   835014624.881292     
          83          84  1.490116119384766E-008
          83          85 -2.473825588822365E-010
          83          86  -830355935.422602     
          83          87  1.862645149230957E-009
          83          91  -155982.905982907     
          83          92   207880151.946819     
          83          93   3119658.11965812     
          83          94  -77991.4529914534     
          83          95  -208025735.992403     
          83          96  -15598290.5982906     
          83         100   1039886.03988604     
          83         101   103142830.009497     
          83         102   1559829.05982906     
          83         103   519943.019943021     
          83         104  -104411490.978158     
          83         105  -7799145.29914531     
          83         109  -259971.509971510     
          83         110  -51779392.2127256     
          83         111  -779914.529914530     
          83         112  -129985.754985755     
          83         113   52101756.8850903     
          83         114   3899572.64957265     
          83         118 -1.818989403545856E-011
          83         119  -207991073.124406     
          83         120 -3.958120942115784E-009
          83         121  1.455191522836685E-011
          83         122   207970275.403609     
          83         123 -6.984919309616089E-010
          83         127  5.820766091346741E-010
          83         128   414318328.584995     
          83         129  9.778887033462524E-009
          83         130  3.346940502524376E-010
          83         131  -416772459.639126     
          83         132  9.313225746154785E-010
          84          37  -11698717.9487179     
          84          38   3119658.11965812     
          84          39   436876923.076923     
          84          40  -2339743.58974358     
          84          41   15598290.5982906     
          84          42  -436689743.589743     
          84          46   3119658.11965811     
          84          47   1559829.05982906     
          84          48   217960113.960114     
          84          49   15598290.5982906     
          84          50   7799145.29914530     
          84          51  -218584045.584046     
          84          55  -779914.529914528     
          84          56  -779914.529914530     
          84          57  -109104843.304843     
          84          58  -3899572.64957265     
          84          59  -3899572.64957265     
          84          60   109229629.629630     
          84          82  -93589743.5897437     
          84          83  1.676380634307861E-008
          84          84   3496679202.27920     
          84          85  -18717948.7179487     
          84          86 -1.862645149230957E-009
          84          87  -3492686039.88604     
          84          91  -11698717.9487180     
          84          92  -3119658.11965812     
          84          93   436876923.076924     
          84          94  -2339743.58974359     
          84          95  -15598290.5982906     
          84          96  -436689743.589744     
          84         100   3119658.11965813     
          84         101  -1559829.05982906     
          84         102   217960113.960114     
          84         103   15598290.5982906     
          84         104  -7799145.29914531     
          84         105  -218584045.584046     
          84         109  -779914.529914531     
          84         110   779914.529914530     
          84         111  -109104843.304843     
          84         112  -3899572.64957266     
          84         113   3899572.64957265     
          84         114   109229629.629630     
          84         118  -6239316.23931623     
          84         119 -3.608874976634979E-009
          84         120  -873254700.854701     
          84         121  -31196581.1965812     
          84         122  6.984919309616089E-010
          84         123   873629059.829060     
          84         127   24957264.9572650     
          84         128  8.847564458847046E-009
          84         129   1744512820.51282     
          84         130   124786324.786325     
          84         131 -9.313225746154785E-010
          84         132  -1748256410.25641     
          85          37  -103548385.565052     
          85          38  -77991.4529914531     
          85          39  -2339743.58974359     
          85          40   209738081.671415     
          85          41  -311965.811965812     
          85          42  0.000000000000000E+000
          85          43  -103548385.565052     
          85          44  -77991.4529914531     
          85          45   2339743.58974359     
          85          46  -104640265.906933     
          85          47  -519943.019943020     
          85          48  -15598290.5982906     
          85          49   205370560.303894     
          85          50  -2079772.07977208     
          85          51  0.000000000000000E+000
          85          52  -104640265.906933     
          85          53  -519943.019943020     
          85          54   15598290.5982906     
          85          55   52101756.8850902     
          85          56   129985.754985755     
          85          57   3899572.64957265     
          85          58  -103558784.425451     
          85          59   519943.019943020     
          85          60  0.000000000000000E+000
          85          61   52101756.8850902     
          85          62   129985.754985755     
          85          63  -3899572.64957265     
          85          82  -827693827.160495     
          85          83 -1.746229827404022E-010
          85          84  -18717948.7179487     
          85          85   1680677682.81102     
          85          86 -9.313225746154785E-010
          85          87  0.000000000000000E+000
          85          88  -827693827.160495     
          85          89 -1.746229827404022E-010
          85          90   18717948.7179487     
          85          91  -103548385.565052     
          85          92   77991.4529914532     
          85          93  -2339743.58974359     
          85          94   209738081.671415     
          85          95   311965.811965813     
          85          96  0.000000000000000E+000
          85          97  -103548385.565052     
          85          98   77991.4529914532     
          85          99   2339743.58974359     
          85         100  -104640265.906933     
          85         101   519943.019943020     
          85         102  -15598290.5982906     
          85         103   205370560.303894     
          85         104   2079772.07977208     
          85         105  0.000000000000000E+000
          85         106  -104640265.906933     
          85         107   519943.019943020     
          85         108   15598290.5982906     
          85         109   52101756.8850903     
          85         110  -129985.754985755     
          85         111   3899572.64957265     
          85         112  -103558784.425451     
          85         113  -519943.019943020     
          85         114  0.000000000000000E+000
          85         115   52101756.8850903     
          85         116  -129985.754985755     
          85         117  -3899572.64957265     
          85         118   416467426.400760     
          85         119  7.275957614183426E-012
          85         120   31196581.1965812     
          85         121  -829856790.123457     
          85         123  0.000000000000000E+000
          85         124   416467426.400760     
          85         125  7.275957614183426E-012
          85         126  -31196581.1965812     
          85         127  -836428869.895538     
          85         128  8.731149137020111E-011
          85         129  -124786324.786325     
          85         130   1645737511.87085     
          85         131  3.492459654808044E-010
          85         132  0.000000000000000E+000
          85         133  -836428869.895538     
          85         134  8.731149137020111E-011
          85         135   124786324.786325     
          86          37   77991.4529914530     
          86          38  -208025735.992403     
          86          39  -15598290.5982906     
          86          40   311965.811965812     
          86          41   415760303.893637     
          86          42  0.000000000000000E+000
          86          43   77991.4529914530     
          86          44  -208025735.992403     
          86          45   15598290.5982906     
          86          46  -519943.019943020     
          86          47  -104411490.978158     
          86          48  -7799145.29914530     
          86          49  -2079772.07977208     
          86          50   206285660.018993     
          86          51  0.000000000000000E+000
          86          52  -519943.019943020     
          86          53  -104411490.978158     
          86          54   7799145.29914530     
          86          55   129985.754985755     
          86          56   52101756.8850902     
          86          57   3899572.64957265     
          86          58   519943.019943020     
          86          59  -103558784.425451     
          86          60  0.000000000000000E+000
          86          61   129985.754985755     
          86          62   52101756.8850902     
          86          63  -3899572.64957265     
          86          82 -2.473825588822365E-010
          86          83  -830355935.422602     
          86          84 -1.862645149230957E-009
          86          85 -8.149072527885437E-010
          86          86   1670029249.76258     
          86          87  0.000000000000000E+000
          86          88 -2.473825588822365E-010
          86          89  -830355935.422602     
          86          90  1.862645149230957E-009
          86          91  -77991.4529914534     
          86          92  -208025735.992403     
          86          93   15598290.5982906     
          86          94  -311965.811965814     
          86          95   415760303.893638     
          86          96  0.000000000000000E+000
          86          97  -77991.4529914534     
          86          98  -208025735.992403     
          86          99  -15598290.5982906     
          86         100   519943.019943021     
          86         101  -104411490.978158     
          86         102   7799145.29914531     
          86         103   2079772.07977208     
          86         104   206285660.018994     
          86         105  0.000000000000000E+000
          86         106   519943.019943021     
          86         107  -104411490.978158     
          86         108  -7799145.29914531     
          86         109  -129985.754985755     
          86         110   52101756.8850903     
          86         111  -3899572.64957265     
          86         112  -519943.019943020     
          86         113  -103558784.425451     
          86         114  0.000000000000000E+000
          86         115  -129985.754985755     
          86         116   52101756.8850903     
          86         117   3899572.64957265     
          86         118  1.455191522836685E-011
          86         119   207970275.403609     
          86         120  6.984919309616089E-010
          86         121 -3.637978807091713E-011
          86         122  -415982146.248813     
          86         123  0.000000000000000E+000
          86         124  1.455191522836685E-011
          86         125   207970275.403609     
          86         126 -6.984919309616089E-010
          86         127  3.346940502524376E-010
          86         128  -416772459.639126     
          86         129 -9.313225746154785E-010
          86         130  1.164153218269348E-009
          86         131   828636657.169991     
          86         132  0.000000000000000E+000
          86         133  3.346940502524376E-010
          86         134  -416772459.639126     
          86         135  9.313225746154785E-010
          87          37   2339743.58974358     
          87          38  -15598290.5982906     
          87          39  -436689743.589743     
          87          40  0.000000000000000E+000
          87          41  0.000000000000000E+000
          87          42   873753846.153845     
          87          43  -2339743.58974358     
          87          44   15598290.5982906     
          87          45  -436689743.589743     
          87          46  -15598290.5982906     
          87          47  -7799145.29914530     
          87          48  -218584045.584046     
          87          49  0.000000000000000E+000
          87          50  0.000000000000000E+000
          87          51   435920227.920228     
          87          52   15598290.5982906     
          87          53   7799145.29914530     
          87          54  -218584045.584046     
          87          55   3899572.64957265     
          87          56   3899572.64957265     
          87          57   109229629.629630     
          87          58  0.000000000000000E+000
          87          59  0.000000000000000E+000
          87          60  -218209686.609686     
          87          61  -3899572.64957265     
          87          62  -3899572.64957265     
          87          63   109229629.629630     
          87          82   18717948.7179487     
          87          83  1.862645149230957E-009
          87          84  -3492686039.88604     
          87          85  0.000000000000000E+000
          87          86  0.000000000000000E+000
          87          87   6993358404.55840     
          87          88  -18717948.7179487     
          87          89 -1.862645149230957E-009
          87          90  -3492686039.88604     
          87          91   2339743.58974359     
          87          92   15598290.5982906     
          87          93  -436689743.589744     
          87          94  0.000000000000000E+000
          87          95  0.000000000000000E+000
          87          96   873753846.153847     
          87          97  -2339743.58974359     
          87          98  -15598290.5982906     
          87          99  -436689743.589744     
          87         100  -15598290.5982906     
          87         101   7799145.29914531     
          87         102  -218584045.584046     
          87         103  0.000000000000000E+000
          87         104  0.000000000000000E+000
          87         105   435920227.920229     
          87         106   15598290.5982906     
          87         107  -7799145.29914531     
          87         108  -218584045.584046     
          87         109   3899572.64957266     
          87         110  -3899572.64957265     
          87         111   109229629.629630     
          87         112  0.000000000000000E+000
          87         113  0.000000000000000E+000
          87         114  -218209686.609687     
          87         115  -3899572.64957266     
          87         116   3899572.64957265     
          87         117   109229629.629630     
          87         118   31196581.1965812     
          87         119 -6.984919309616089E-010
          87         120   873629059.829060     
          87         121  0.000000000000000E+000
          87         122  0.000000000000000E+000
          87         123  -1746509401.70940     
          87         124  -31196581.1965812     
          87         125  6.984919309616089E-010
          87         126   873629059.829060     
          87         127  -124786324.786325     
          87         128  9.313225746154785E-010
          87         129  -1748256410.25641     
          87         130  0.000000000000000E+000
          87         131  0.000000000000000E+000
          87         132   3489025641.02564     
          87         133   124786324.786325     
          87         134 -9.313225746154785E-010
          87         135  -1748256410.25641     
          88          40  -103548385.565052     
          88          41  -77991.4529914531     
          88          42  -2339743.58974359     
          88          43   104869040.835708     
          88          44  -155982.905982906     
          88          45   11698717.9487180     
          88          49  -104640265.906933     
          88          50  -519943.019943020     
          88          51  -15598290.5982906     
          88          52   102685280.151947     
          88          53  -1039886.03988604     
          88          54   3119658.11965813     
          88          58   52101756.8850902     
          88          59   129985.754985755     
          88          60   3899572.64957265     
          88          61  -51779392.2127255     
          88          62   259971.509971510     
          88          63  -779914.529914531     
          88          85  -827693827.160495     
          88          86 -1.746229827404022E-010
          88          87  -18717948.7179487     
          88          88   840338841.405509     
          88          89 -4.656612873077393E-010
          88          90   93589743.5897437     
          88          94  -103548385.565052     
          88          95   77991.4529914532     
          88          96  -2339743.58974359     
          88          97   104869040.835708     
          88          98   155982.905982907     
          88          99   11698717.9487180     
          88         103  -104640265.906933     
          88         104   519943.019943020     
          88         105  -15598290.5982906     
          88         106   102685280.151947     
          88         107   1039886.03988604     
          88         108   3119658.11965812     
          88         112   52101756.8850903     
          88         113  -129985.754985755     
          88         114   3899572.64957265     
          88         115  -51779392.2127256     
          88         116  -259971.509971510     
          88         117  -779914.529914531     
          88         121   416467426.400760     
          88         122  7.275957614183426E-012
          88         123   31196581.1965812     
          88         124  -414928395.061728     
          88         126  -6239316.23931625     
          88         130  -836428869.895538     
          88         131  8.731149137020111E-011
          88         132  -124786324.786325     
          88         133   822868755.935424     
          88         134  1.746229827404022E-010
          88         135   24957264.9572650     
          89          40   77991.4529914530     
          89          41  -208025735.992403     
          89          42  -15598290.5982906     
          89          43   155982.905982906     
          89          44   207880151.946819     
          89          45   3119658.11965812     
          89          49  -519943.019943020     
          89          50  -104411490.978158     
          89          51  -7799145.29914530     
          89          52  -1039886.03988604     
          89          53   103142830.009497     
          89          54   1559829.05982906     
          89          58   129985.754985755     
          89          59   52101756.8850902     
          89          60   3899572.64957265     
          89          61   259971.509971510     
          89          62  -51779392.2127255     
          89          63  -779914.529914530     
          89          85 -2.473825588822365E-010
          89          86  -830355935.422602     
          89          87 -1.862645149230957E-009
          89          88 -4.074536263942719E-010
          89          89   835014624.881292     
          89          90 -1.490116119384766E-008
          89          94  -77991.4529914534     
          89          95  -208025735.992403     
          89          96   15598290.5982906     
          89          97  -155982.905982907     
          89          98   207880151.946819     
          89          99  -3119658.11965812     
          89         103   519943.019943021     
          89         104  -104411490.978158     
          89         105   7799145.29914531     
          89         106   1039886.03988604     
          89         107   103142830.009497     
          89         108  -1559829.05982906     
          89         112  -129985.754985755     
          89         113   52101756.8850903     
          89         114  -3899572.64957265     
          89         115  -259971.509971510     
          89         116  -51779392.2127256     
          89         117   779914.529914530     
          89         121  1.455191522836685E-011
          89         122   207970275.403609     
          89         123  6.984919309616089E-010
          89         124 -1.818989403545856E-011
          89         125  -207991073.124406     
          89         126  3.958120942115784E-009
          89         130  3.346940502524376E-010
          89         131  -416772459.639126     
          89         132 -9.313225746154785E-010
          89         133  5.820766091346741E-010
          89         134   414318328.584995     
          89         135 -9.778887033462524E-009
          90          40   2339743.58974358     
          90          41  -15598290.5982906     
          90          42  -436689743.589743     
          90          43   11698717.9487179     
          90          44  -3119658.11965812     
          90          45   436876923.076923     
          90          49  -15598290.5982906     
          90          50  -7799145.29914530     
          90          51  -218584045.584046     
          90          52  -3119658.11965811     
          90          53  -1559829.05982906     
          90          54   217960113.960114     
          90          58   3899572.64957265     
          90          59   3899572.64957265     
          90          60   109229629.629630     
          90          61   779914.529914528     
          90          62   779914.529914530     
          90          63  -109104843.304843     
          90          85   18717948.7179487     
          90          86  1.862645149230957E-009
          90          87  -3492686039.88604     
          90          88   93589743.5897437     
          90          89 -1.676380634307861E-008
          90          90   3496679202.27920     
          90          94   2339743.58974359     
          90          95   15598290.5982906     
          90          96  -436689743.589744     
          90          97   11698717.9487180     
          90          98   3119658.11965812     
          90          99   436876923.076924     
          90         103  -15598290.5982906     
          90         104   7799145.29914531     
          90         105  -218584045.584046     
          90         106  -3119658.11965813     
          90         107   1559829.05982906     
          90         108   217960113.960114     
          90         112   3899572.64957266     
          90         113  -3899572.64957265     
          90         114   109229629.629630     
          90         115   779914.529914531     
          90         116  -779914.529914530     
          90         117  -109104843.304843     
          90         121   31196581.1965812     
          90         122 -6.984919309616089E-010
          90         123   873629059.829060     
          90         124   6239316.23931623     
          90         125  3.608874976634979E-009
          90         126  -873254700.854701     
          90         130  -124786324.786325     
          90         131  9.313225746154785E-010
          90         132  -1748256410.25641     
          90         133  -24957264.9572650     
          90         134 -8.847564458847046E-009
          90         135   1744512820.51282     
          91          37  -52486514.7198481     
          91          38   38995.7264957266     
          91          39   5849358.97435898     
          91          40   51748195.6315290     
          91          41   19497.8632478633     
          91          42  -1169871.79487179     
          91          46  -51394634.3779678     
          91          47   259971.509971510     
          91          48   1559829.05982906     
          91          49   52294135.8024692     
          91          50   129985.754985755     
          91          51  -7799145.29914531     
          91          55   25915693.2573599     
          91          56  -64992.8774928775     
          91          57  -389957.264957265     
          91          58  -26037879.8670465     
          91          59  -32496.4387464387     
          91          60   1949786.32478632     
          91          82   104869040.835708     
          91          83  -155982.905982907     
          91          84  -11698717.9487180     
          91          85  -103548385.565052     
          91          86  -77991.4529914533     
          91          87   2339743.58974359     
          91          91   210136704.653372     
          91          92   584935.897435898     
          91          93  -23397435.8974359     
          91          94  -206897459.639127     
          91          95   292467.948717949     
          91          96   4679487.17948718     
          91         100   205769183.285850     
          91         101   155982.905982907     
          91         102  -6239316.23931625     
          91         103  -209081220.322887     
          91         104   77991.4529914533     
          91         105   31196581.1965812     
          91         109  -103758095.916429     
          91         110  -38995.7264957266     
          91         111   1559829.05982906     
          91         112   104103858.024691     
          91         113  -19497.8632478633     
          91         114  -7799145.29914530     
          91         118  -51779392.2127256     
          91         119   259971.509971510     
          91         120   779914.529914532     
          91         121   52101756.8850903     
          91         122   129985.754985755     
          91         123  -3899572.64957265     
          91         127   102685280.151947     
          91         128  -1039886.03988604     
          91         129  -3119658.11965812     
          91         130  -104640265.906933     
          91         131  -519943.019943021     
          91         132   15598290.5982906     
          92          37  -38995.7264957265     
          92          38  -104158452.041785     
          92          39   779914.529914530     
          92          40  -19497.8632478633     
          92          41   103903679.962013     
          92          42  -3899572.64957265     
          92          46   259971.509971510     
          92          47  -51680603.0389364     
          92          48   389957.264957265     
          92          49   129985.754985755     
          92          50   52151151.4719848     
          92          51  -1949786.32478633     
          92          55  -64992.8774928775     
          92          56   25944290.1234568     
          92          57  -194978.632478633     
          92          58  -32496.4387464387     
          92          59  -26023581.4339981     
          92          60   974893.162393162     
          92          82   155982.905982906     
          92          83   207880151.946819     
          92          84  -3119658.11965812     
          92          85   77991.4529914532     
          92          86  -208025735.992403     
          92          87   15598290.5982906     
          92          91   584935.897435898     
          92          92   208972032.288699     
          92          93  -11698717.9487180     
          92          94   292467.948717949     
          92          95  -207479795.821463     
          92          96   2339743.58974359     
          92         100  -155982.905982907     
          92         101   103688770.180437     
          92         102  -5849358.97435899     
          92         103  -77991.4529914533     
          92         104  -104138520.892688     
          92         105   1169871.79487180     
          92         109   38995.7264957266     
          92         110  -52052362.2981957     
          92         111   2924679.48717949     
          92         112   19497.8632478633     
          92         113   51965271.8423552     
          92         114  -584935.897435897     
          92         118   259971.509971510     
          92         119  -51779392.2127256     
          92         120   779914.529914531     
          92         121   129985.754985755     
          92         122   52101756.8850903     
          92         123  -3899572.64957265     
          92         127  -1039886.03988604     
          92         128   103142830.009497     
          92         129  -1559829.05982906     
          92         130  -519943.019943021     
          92         131  -104411490.978158     
          92         132   7799145.29914531     
          93          37   5849358.97435898     
          93          38  -779914.529914530     
          93          39  -218500854.700855     
          93          40   1169871.79487179     
          93          41  -3899572.64957265     
          93          42   218313675.213675     
          93          46  -1559829.05982906     
          93          47  -389957.264957265     
          93          48  -109011253.561254     
          93          49  -7799145.29914531     
          93          50  -1949786.32478633     
          93          51   109276424.501425     
          93          55   389957.264957265     
          93          56   194978.632478633     
          93          57   54568019.9430200     
          93          58   1949786.32478632     
          93          59   974893.162393163     
          93          60  -54607015.6695157     
          93          82  -11698717.9487180     
          93          83   3119658.11965812     
          93          84   436876923.076924     
          93          85  -2339743.58974359     
          93          86   15598290.5982906     
          93          87  -436689743.589744     
          93          91  -23397435.8974359     
          93          92  -11698717.9487180     
          93          93   874232193.732194     
          93          94  -4679487.17948718     
          93          95  -2339743.58974359     
          93          96  -873140313.390314     
          93         100   6239316.23931624     
          93         101  -5849358.97435898     
          93         102   436159401.709402     
          93         103   31196581.1965812     
          93         104  -1169871.79487180     
          93         105  -437048504.273505     
          93         109  -1559829.05982906     
          93         110   2924679.48717949     
          93         111  -218329273.504274     
          93         112  -7799145.29914530     
          93         113   584935.897435897     
          93         114   218399465.811966     
          93         118  -779914.529914529     
          93         119  -779914.529914530     
          93         120  -109104843.304843     
          93         121  -3899572.64957265     
          93         122  -3899572.64957265     
          93         123   109229629.629630     
          93         127   3119658.11965813     
          93         128   1559829.05982906     
          93         129   217960113.960114     
          93         130   15598290.5982906     
          93         131   7799145.29914531     
          93         132  -218584045.584046     
          94          37   51748195.6315290     
          94          38   19497.8632478633     
          94          39   1169871.79487179     
          94          40  -104973029.439696     
          94          41   77991.4529914532     
          94          42  0.000000000000000E+000
          94          43   51748195.6315290     
          94          44   19497.8632478633     
          94          45  -1169871.79487179     
          94          46   52294135.8024692     
          94          47   129985.754985755     
          94          48   7799145.29914531     
          94          49  -102789268.755936     
          94          50   519943.019943020     
          94          51  0.000000000000000E+000
          94          52   52294135.8024692     
          94          53   129985.754985755     
          94          54  -7799145.29914531     
          94          55  -26037879.8670465     
          94          56  -32496.4387464387     
          94          57  -1949786.32478632     
          94          58   51831386.5147199     
          94          59  -129985.754985755     
          94          60  0.000000000000000E+000
          94          61  -26037879.8670465     
          94          62  -32496.4387464387     
          94          63   1949786.32478632     
          94          82  -103548385.565052     
          94          83  -77991.4529914533     
          94          84  -2339743.58974359     
          94          85   209738081.671415     
          94          86  -311965.811965813     
          94          87  0.000000000000000E+000
          94          88  -103548385.565052     
          94          89  -77991.4529914533     
          94          90   2339743.58974359     
          94          91  -206897459.639127     
          94          92   292467.948717949     
          94          93  -4679487.17948718     
          94          94   420273409.306743     
          94          95   1169871.79487180     
          94          96  0.000000000000000E+000
          94          97  -206897459.639127     
          94          98   292467.948717949     
          94          99   4679487.17948718     
          94         100  -209081220.322887     
          94         101   77991.4529914533     
          94         102  -31196581.1965812     
          94         103   411538366.571701     
          94         104   311965.811965813     
          94         105  0.000000000000000E+000
          94         106  -209081220.322887     
          94         107   77991.4529914533     
          94         108   31196581.1965812     
          94         109   104103858.024691     
          94         110  -19497.8632478633     
          94         111   7799145.29914530     
          94         112  -207516191.832859     
          94         113  -77991.4529914532     
          94         114  0.000000000000000E+000
          94         115   104103858.024691     
          94         116  -19497.8632478633     
          94         117  -7799145.29914530     
          94         118   52101756.8850903     
          94         119   129985.754985755     
          94         120   3899572.64957265     
          94         121  -103558784.425451     
          94         122   519943.019943020     
          94         123  0.000000000000000E+000
          94         124   52101756.8850903     
          94         125   129985.754985755     
          94         126  -3899572.64957265     
          94         127  -104640265.906933     
          94         128  -519943.019943021     
          94         129  -15598290.5982906     
          94         130   205370560.303894     
          94         131  -2079772.07977208     
          94         132  0.000000000000000E+000
          94         133  -104640265.906933     
          94         134  -519943.019943021     
          94         135   15598290.5982906     
          95          37  -19497.8632478633     
          95          38   103903679.962013     
          95          39   3899572.64957265     
          95          40  -77991.4529914531     
          95          41  -208316904.083571     
          95          42  0.000000000000000E+000
          95          43  -19497.8632478633     
          95          44   103903679.962013     
          95          45  -3899572.64957265     
          95          46   129985.754985755     
          95          47   52151151.4719848     
          95          48   1949786.32478633     
          95          49   519943.019943020     
          95          50  -103361206.077873     
          95          51  0.000000000000000E+000
          95          52   129985.754985755     
          95          53   52151151.4719848     
          95          54  -1949786.32478633     
          95          55  -32496.4387464387     
          95          56  -26023581.4339981     
          95          57  -974893.162393162     
          95          58  -129985.754985755     
          95          59   51888580.2469136     
          95          60  0.000000000000000E+000
          95          61  -32496.4387464387     
          95          62  -26023581.4339981     
          95          63   974893.162393162     
          95          82   77991.4529914532     
          95          83  -208025735.992403     
          95          84  -15598290.5982906     
          95          85   311965.811965813     
          95          86   415760303.893638     
          95          87  0.000000000000000E+000
          95          88   77991.4529914532     
          95          89  -208025735.992403     
          95          90   15598290.5982906     
          95          91   292467.948717949     
          95          92  -207479795.821463     
          95          93  -2339743.58974359     
          95          94   1169871.79487180     
          95          95   417944064.577398     
          95          96  0.000000000000000E+000
          95          97   292467.948717949     
          95          98  -207479795.821463     
          95          99   2339743.58974359     
          95         100  -77991.4529914533     
          95         101  -104138520.892688     
          95         102  -1169871.79487180     
          95         103  -311965.811965813     
          95         104   207377540.360874     
          95         105  0.000000000000000E+000
          95         106  -77991.4529914533     
          95         107  -104138520.892688     
          95         108   1169871.79487180     
          95         109   19497.8632478633     
          95         110   51965271.8423552     
          95         111   584935.897435897     
          95         112   77991.4529914531     
          95         113  -104104724.596391     
          95         114  0.000000000000000E+000
          95         115   19497.8632478633     
          95         116   51965271.8423552     
          95         117  -584935.897435897     
          95         118   129985.754985755     
          95         119   52101756.8850903     
          95         120   3899572.64957265     
          95         121   519943.019943020     
          95         122  -103558784.425451     
          95         123  0.000000000000000E+000
          95         124   129985.754985755     
          95         125   52101756.8850903     
          95         126  -3899572.64957265     
          95         127  -519943.019943021     
          95         128  -104411490.978158     
          95         129  -7799145.29914531     
          95         130  -2079772.07977208     
          95         131   206285660.018994     
          95         132  0.000000000000000E+000
          95         133  -519943.019943021     
          95         134  -104411490.978158     
          95         135   7799145.29914531     
          96          37  -1169871.79487179     
          96          38   3899572.64957265     
          96          39   218313675.213675     
          96          40  0.000000000000000E+000
          96          41  0.000000000000000E+000
          96          42  -437001709.401710     
          96          43   1169871.79487179     
          96          44  -3899572.64957265     
          96          45   218313675.213675     
          96          46   7799145.29914531     
          96          47   1949786.32478633     
          96          48   109276424.501425     
          96          49  0.000000000000000E+000
          96          50  0.000000000000000E+000
          96          51  -218022507.122507     
          96          52  -7799145.29914531     
          96          53  -1949786.32478633     
          96          54   109276424.501425     
          96          55  -1949786.32478632     
          96          56  -974893.162393163     
          96          57  -54607015.6695157     
          96          58  0.000000000000000E+000
          96          59  0.000000000000000E+000
          96          60   109136039.886040     
          96          61   1949786.32478632     
          96          62   974893.162393163     
          96          63  -54607015.6695157     
          96          82   2339743.58974359     
          96          83  -15598290.5982906     
          96          84  -436689743.589744     
          96          85  0.000000000000000E+000
          96          86  0.000000000000000E+000
          96          87   873753846.153847     
          96          88  -2339743.58974359     
          96          89   15598290.5982906     
          96          90  -436689743.589744     
          96          91   4679487.17948718     
          96          92   2339743.58974359     
          96          93  -873140313.390314     
          96          94  0.000000000000000E+000
          96          95  0.000000000000000E+000
          96          96   1748464387.46439     
          96          97  -4679487.17948718     
          96          98  -2339743.58974359     
          96          99  -873140313.390314     
          96         100  -31196581.1965812     
          96         101   1169871.79487180     
          96         102  -437048504.273505     
          96         103  0.000000000000000E+000
          96         104  0.000000000000000E+000
          96         105   872318803.418804     
          96         106   31196581.1965812     
          96         107  -1169871.79487180     
          96         108  -437048504.273505     
          96         109   7799145.29914530     
          96         110  -584935.897435897     
          96         111   218399465.811966     
          96         112  0.000000000000000E+000
          96         113  0.000000000000000E+000
          96         114  -436658547.008547     
          96         115  -7799145.29914530     
          96         116   584935.897435897     
          96         117   218399465.811966     
          96         118   3899572.64957265     
          96         119   3899572.64957265     
          96         120   109229629.629630     
          96         121  0.000000000000000E+000
          96         122  0.000000000000000E+000
          96         123  -218209686.609687     
          96         124  -3899572.64957265     
          96         125  -3899572.64957265     
          96         126   109229629.629630     
          96         127  -15598290.5982906     
          96         128  -7799145.29914531     
          96         129  -218584045.584046     
          96         130  0.000000000000000E+000
          96         131  0.000000000000000E+000
          96         132   435920227.920229     
          96         133   15598290.5982906     
          96         134   7799145.29914531     
          96         135  -218584045.584046     
          97          40   51748195.6315290     
          97          41   19497.8632478633     
          97          42   1169871.79487179     
          97          43  -52486514.7198481     
          97          44   38995.7264957266     
          97          45  -5849358.97435898     
          97          49   52294135.8024692     
          97          50   129985.754985755     
          97          51   7799145.29914531     
          97          52  -51394634.3779678     
          97          53   259971.509971510     
          97          54  -1559829.05982906     
          97          58  -26037879.8670465     
          97          59  -32496.4387464387     
          97          60  -1949786.32478632     
          97          61   25915693.2573599     
          97          62  -64992.8774928775     
          97          63   389957.264957265     
          97          85  -103548385.565052     
          97          86  -77991.4529914533     
          97          87  -2339743.58974359     
          97          88   104869040.835708     
          97          89  -155982.905982907     
          97          90   11698717.9487180     
          97          94  -206897459.639127     
          97          95   292467.948717949     
          97          96  -4679487.17948718     
          97          97   210136704.653372     
          97          98   584935.897435898     
          97          99   23397435.8974359     
          97         103  -209081220.322887     
          97         104   77991.4529914533     
          97         105  -31196581.1965812     
          97         106   205769183.285850     
          97         107   155982.905982907     
          97         108   6239316.23931625     
          97         112   104103858.024691     
          97         113  -19497.8632478633     
          97         114   7799145.29914530     
          97         115  -103758095.916429     
          97         116  -38995.7264957266     
          97         117  -1559829.05982906     
          97         121   52101756.8850903     
          97         122   129985.754985755     
          97         123   3899572.64957265     
          97         124  -51779392.2127256     
          97         125   259971.509971510     
          97         126  -779914.529914532     
          97         130  -104640265.906933     
          97         131  -519943.019943021     
          97         132  -15598290.5982906     
          97         133   102685280.151947     
          97         134  -1039886.03988604     
          97         135   3119658.11965812     
          98          40  -19497.8632478633     
          98          41   103903679.962013     
          98          42   3899572.64957265     
          98          43  -38995.7264957265     
          98          44  -104158452.041785     
          98          45  -779914.529914530     
          98          49   129985.754985755     
          98          50   52151151.4719848     
          98          51   1949786.32478633     
          98          52   259971.509971510     
          98          53  -51680603.0389364     
          98          54  -389957.264957265     
          98          58  -32496.4387464387     
          98          59  -26023581.4339981     
          98          60  -974893.162393162     
          98          61  -64992.8774928775     
          98          62   25944290.1234568     
          98          63   194978.632478633     
          98          85   77991.4529914532     
          98          86  -208025735.992403     
          98          87  -15598290.5982906     
          98          88   155982.905982906     
          98          89   207880151.946819     
          98          90   3119658.11965812     
          98          94   292467.948717949     
          98          95  -207479795.821463     
          98          96  -2339743.58974359     
          98          97   584935.897435898     
          98          98   208972032.288699     
          98          99   11698717.9487180     
          98         103  -77991.4529914533     
          98         104  -104138520.892688     
          98         105  -1169871.79487180     
          98         106  -155982.905982907     
          98         107   103688770.180437     
          98         108   5849358.97435899     
          98         112   19497.8632478633     
          98         113   51965271.8423552     
          98         114   584935.897435897     
          98         115   38995.7264957266     
          98         116  -52052362.2981957     
          98         117  -2924679.48717949     
          98         121   129985.754985755     
          98         122   52101756.8850903     
          98         123   3899572.64957265     
          98         124   259971.509971510     
          98         125  -51779392.2127256     
          98         126  -779914.529914531     
          98         130  -519943.019943021     
          98         131  -104411490.978158     
          98         132  -7799145.29914531     
          98         133  -1039886.03988604     
          98         134   103142830.009497     
          98         135   1559829.05982906     
          99          40  -1169871.79487179     
          99          41   3899572.64957265     
          99          42   218313675.213675     
          99          43  -5849358.97435898     
          99          44   779914.529914530     
          99          45  -218500854.700855     
          99          49   7799145.29914531     
          99          50   1949786.32478633     
          99          51   109276424.501425     
          99          52   1559829.05982906     
          99          53   389957.264957265     
          99          54  -109011253.561254     
          99          58  -1949786.32478632     
          99          59  -974893.162393163     
          99          60  -54607015.6695157     
          99          61  -389957.264957265     
          99          62  -194978.632478633     
          99          63   54568019.9430200     
          99          85   2339743.58974359     
          99          86  -15598290.5982906     
          99          87  -436689743.589744     
          99          88   11698717.9487180     
          99          89  -3119658.11965812     
          99          90   436876923.076924     
          99          94   4679487.17948718     
          99          95   2339743.58974359     
          99          96  -873140313.390314     
          99          97   23397435.8974359     
          99          98   11698717.9487180     
          99          99   874232193.732194     
          99         103  -31196581.1965812     
          99         104   1169871.79487180     
          99         105  -437048504.273505     
          99         106  -6239316.23931624     
          99         107   5849358.97435898     
          99         108   436159401.709402     
          99         112   7799145.29914530     
          99         113  -584935.897435897     
          99         114   218399465.811966     
          99         115   1559829.05982906     
          99         116  -2924679.48717949     
          99         117  -218329273.504274     
          99         121   3899572.64957265     
          99         122   3899572.64957265     
          99         123   109229629.629630     
          99         124   779914.529914529     
          99         125   779914.529914530     
          99         126  -109104843.304843     
          99         130  -15598290.5982906     
          99         131  -7799145.29914531     
          99         132  -218584045.584046     
          99         133  -3119658.11965813     
          99         134  -1559829.05982906     
          99         135   217960113.960114     
         100          37  -51394634.3779678     
         100          38  -259971.509971510     
         100          39  -1559829.05982906     
         100          40   52294135.8024692     
         100          41  -129985.754985755     
         100          42   7799145.29914530     
         100          46  -209072554.605888     
         100          47 -8.003553375601768E-011
         100          48 -1.117587089538574E-008
         100          49   207429534.662868     
         100          50 -6.366462912410498E-011
         100          51  2.561137080192566E-009
         100          55  -51394634.3779677     
         100          56   259971.509971510     
         100          57   1559829.05982906     
         100          58   52294135.8024691     
         100          59   129985.754985755     
         100          60  -7799145.29914530     
         100          82   102685280.151947     
         100          83   1039886.03988604     
         100          84   3119658.11965813     
         100          85  -104640265.906933     
         100          86   519943.019943021     
         100          87  -15598290.5982906     
         100          91   205769183.285850     
         100          92  -155982.905982906     
         100          93   6239316.23931624     
         100          94  -209081220.322887     
         100          95  -77991.4529914532     
         100          96  -31196581.1965812     
         100         100   837052801.519469     
         100         101 -7.858034223318100E-010
         100         102  4.842877388000488E-008
         100         103  -829336847.103514     
         100         104 -4.365574568510056E-010
         100         105 -3.725290298461914E-009
         100         109   205769183.285850     
         100         110   155982.905982906     
         100         111  -6239316.23931624     
         100         112  -209081220.322887     
         100         113   77991.4529914530     
         100         114   31196581.1965812     
         100         118   102685280.151947     
         100         119  -1039886.03988604     
         100         120  -3119658.11965813     
         100         121  -104640265.906933     
         100         122  -519943.019943020     
         100         123   15598290.5982906     
         100         127   417729154.795822     
         100         128  6.402842700481415E-010
         100         129  2.235174179077148E-008
         100         130  -415067046.533714     
         100         131  3.201421350240707E-010
         100         132 -6.519258022308350E-009
         101          37  -259971.509971510     
         101          38  -51680603.0389364     
         101          39   389957.264957265     
         101          40  -129985.754985755     
         101          41   52151151.4719848     
         101          42  -1949786.32478633     
         101          46  1.309672370553017E-010
         101          47  -416217853.751187     
         101          48   3119658.11965812     
         101          49  5.093170329928398E-011
         101          50   415822697.056030     
         101          51  -15598290.5982906     
         101          55   259971.509971510     
         101          56  -51680603.0389364     
         101          57   389957.264957265     
         101          58   129985.754985755     
         101          59   52151151.4719848     
         101          60  -1949786.32478632     
         101          82   1039886.03988604     
         101          83   103142830.009497     
         101          84  -1559829.05982906     
         101          85   519943.019943020     
         101          86  -104411490.978158     
         101          87   7799145.29914531     
         101          91   155982.905982907     
         101          92   103688770.180437     
         101          93  -5849358.97435898     
         101          94   77991.4529914533     
         101          95  -104138520.892688     
         101          96   1169871.79487180     
         101         100 -6.984919309616089E-010
         101         101   835056220.322888     
         101         102  -46794871.7948718     
         101         103 -3.492459654808044E-010
         101         104  -830335137.701805     
         101         105   9358974.35897436     
         101         109  -155982.905982906     
         101         110   103688770.180437     
         101         111  -5849358.97435898     
         101         112  -77991.4529914530     
         101         113  -104138520.892688     
         101         114   1169871.79487179     
         101         118  -1039886.03988604     
         101         119   103142830.009497     
         101         120  -1559829.05982906     
         101         121  -519943.019943020     
         101         122  -104411490.978158     
         101         123   7799145.29914530     
         101         127 -3.492459654808044E-010
         101         128   830688698.955366     
         101         129  -12478632.4786325     
         101         130 -2.619344741106033E-010
         101         131  -832518898.385566     
         101         132   62393162.3931624     
         102          37   1559829.05982906     
         102          38  -389957.264957265     
         102          39  -109011253.561254     
         102          40   7799145.29914531     
         102          41  -1949786.32478633     
         102          42   109276424.501425     
         102          46 -1.024454832077026E-008
         102          47  -3119658.11965812     
         102          48  -873753846.153847     
         102          49 -1.862645149230957E-009
         102          50  -15598290.5982906     
         102          51   873379487.179488     
         102          55  -1559829.05982906     
         102          56  -389957.264957265     
         102          57  -109011253.561254     
         102          58  -7799145.29914530     
         102          59  -1949786.32478632     
         102          60   109276424.501424     
         102          82  -3119658.11965812     
         102          83   1559829.05982906     
         102          84   217960113.960114     
         102          85  -15598290.5982906     
         102          86   7799145.29914531     
         102          87  -218584045.584046     
         102          91  -6239316.23931625     
         102          92  -5849358.97435898     
         102          93   436159401.709402     
         102          94  -31196581.1965812     
         102          95  -1169871.79487180     
         102          96  -437048504.273505     
         102         100  4.284083843231201E-008
         102         101  -46794871.7948718     
         102         102   3495930484.33049     
         102         103  7.450580596923828E-009
         102         104  -9358974.35897436     
         102         105  -3493060398.86040     
         102         109   6239316.23931623     
         102         110  -5849358.97435898     
         102         111   436159401.709402     
         102         112   31196581.1965812     
         102         113  -1169871.79487180     
         102         114  -437048504.273504     
         102         118   3119658.11965811     
         102         119   1559829.05982906     
         102         120   217960113.960114     
         102         121   15598290.5982906     
         102         122   7799145.29914530     
         102         123  -218584045.584046     
         102         127  2.142041921615601E-008
         102         128   12478632.4786325     
         102         129   1747008547.00855     
         102         130  1.862645149230957E-009
         102         131   62393162.3931624     
         102         132  -1747008547.00855     
         103          37   52294135.8024692     
         103          38  -129985.754985755     
         103          39  -7799145.29914530     
         103          40  -102789268.755936     
         103          41  -519943.019943020     
         103          42  0.000000000000000E+000
         103          43   52294135.8024692     
         103          44  -129985.754985755     
         103          45   7799145.29914530     
         103          46   207429534.662868     
         103          47 -6.366462912410498E-011
         103          48 -2.561137080192566E-009
         103          49  -418145109.211776     
         103          50 -1.600710675120354E-010
         103          51  0.000000000000000E+000
         103          52   207429534.662868     
         103          53 -6.366462912410498E-011
         103          54  2.561137080192566E-009
         103          55   52294135.8024691     
         103          56   129985.754985755     
         103          57   7799145.29914530     
         103          58  -102789268.755935     
         103          59   519943.019943020     
         103          60  0.000000000000000E+000
         103          61   52294135.8024691     
         103          62   129985.754985755     
         103          63  -7799145.29914530     
         103          82  -104640265.906933     
         103          83   519943.019943021     
         103          84   15598290.5982906     
         103          85   205370560.303894     
         103          86   2079772.07977208     
         103          87  0.000000000000000E+000
         103          88  -104640265.906933     
         103          89   519943.019943021     
         103          90  -15598290.5982906     
         103          91  -209081220.322887     
         103          92  -77991.4529914532     
         103          93   31196581.1965812     
         103          94   411538366.571701     
         103          95  -311965.811965813     
         103          96  0.000000000000000E+000
         103          97  -209081220.322887     
         103          98  -77991.4529914532     
         103          99  -31196581.1965812     
         103         100  -829336847.103514     
         103         101 -4.365574568510056E-010
         103         102  3.725290298461914E-009
         103         103   1674105603.03894     
         103         104 -1.571606844663620E-009
         103         105  0.000000000000000E+000
         103         106  -829336847.103514     
         103         107 -4.365574568510056E-010
         103         108 -3.725290298461914E-009
         103         109  -209081220.322887     
         103         110   77991.4529914530     
         103         111  -31196581.1965812     
         103         112   411538366.571700     
         103         113   311965.811965812     
         103         114  0.000000000000000E+000
         103         115  -209081220.322887     
         103         116   77991.4529914530     
         103         117   31196581.1965812     
         103         118  -104640265.906933     
         103         119  -519943.019943020     
         103         120  -15598290.5982906     
         103         121   205370560.303894     
         103         122  -2079772.07977208     
         103         123  0.000000000000000E+000
         103         124  -104640265.906933     
         103         125  -519943.019943020     
         103         126   15598290.5982906     
         103         127  -415067046.533714     
         103         128  3.201421350240707E-010
         103         129  6.519258022308350E-009
         103         130   835458309.591644     
         103         131  1.280568540096283E-009
         103         132  0.000000000000000E+000
         103         133  -415067046.533714     
         103         134  3.201421350240707E-010
         103         135 -6.519258022308350E-009
         104          37  -129985.754985755     
         104          38   52151151.4719848     
         104          39   1949786.32478633     
         104          40  -519943.019943020     
         104          41  -103361206.077873     
         104          42  0.000000000000000E+000
         104          43  -129985.754985755     
         104          44   52151151.4719848     
         104          45  -1949786.32478633     
         104          46  5.093170329928398E-011
         104          47   415822697.056030     
         104          48   15598290.5982906     
         104          49  2.619344741106033E-010
         104          50  -832435707.502374     
         104          51  0.000000000000000E+000
         104          52  5.093170329928398E-011
         104          53   415822697.056030     
         104          54  -15598290.5982906     
         104          55   129985.754985755     
         104          56   52151151.4719848     
         104          57   1949786.32478632     
         104          58   519943.019943020     
         104          59  -103361206.077873     
         104          60  0.000000000000000E+000
         104          61   129985.754985755     
         104          62   52151151.4719848     
         104          63  -1949786.32478632     
         104          82   519943.019943020     
         104          83  -104411490.978158     
         104          84  -7799145.29914531     
         104          85   2079772.07977208     
         104          86   206285660.018994     
         104          87  0.000000000000000E+000
         104          88   519943.019943020     
         104          89  -104411490.978158     
         104          90   7799145.29914531     
         104          91   77991.4529914533     
         104          92  -104138520.892688     
         104          93  -1169871.79487180     
         104          94   311965.811965813     
         104          95   207377540.360874     
         104          96  0.000000000000000E+000
         104          97   77991.4529914533     
         104          98  -104138520.892688     
         104          99   1169871.79487180     
         104         100 -3.492459654808044E-010
         104         101  -830335137.701805     
         104         102  -9358974.35897436     
         104         103 -1.396983861923218E-009
         104         104   1670112440.64578     
         104         105  0.000000000000000E+000
         104         106 -3.492459654808044E-010
         104         107  -830335137.701805     
         104         108   9358974.35897436     
         104         109  -77991.4529914530     
         104         110  -104138520.892688     
         104         111  -1169871.79487179     
         104         112  -311965.811965812     
         104         113   207377540.360874     
         104         114  0.000000000000000E+000
         104         115  -77991.4529914530     
         104         116  -104138520.892688     
         104         117   1169871.79487179     
         104         118  -519943.019943020     
         104         119  -104411490.978158     
         104         120  -7799145.29914530     
         104         121  -2079772.07977208     
         104         122   206285660.018994     
         104         123  0.000000000000000E+000
         104         124  -519943.019943020     
         104         125  -104411490.978158     
         104         126   7799145.29914530     
         104         127 -2.619344741106033E-010
         104         128  -832518898.385566     
         104         129  -62393162.3931624     
         104         130 -6.984919309616089E-010
         104         131   1661377397.91073     
         104         132  0.000000000000000E+000
         104         133 -2.619344741106033E-010
         104         134  -832518898.385566     
         104         135   62393162.3931624     
         105          37  -7799145.29914531     
         105          38   1949786.32478633     
         105          39   109276424.501425     
         105          40  0.000000000000000E+000
         105          41  0.000000000000000E+000
         105          42  -218022507.122507     
         105          43   7799145.29914531     
         105          44  -1949786.32478633     
         105          45   109276424.501425     
         105          46  1.862645149230957E-009
         105          47   15598290.5982906     
         105          48   873379487.179488     
         105          49  0.000000000000000E+000
         105          50  0.000000000000000E+000
         105          51  -1747507692.30769     
         105          52 -1.862645149230957E-009
         105          53  -15598290.5982906     
         105          54   873379487.179488     
         105          55   7799145.29914530     
         105          56   1949786.32478632     
         105          57   109276424.501424     
         105          58  0.000000000000000E+000
         105          59  0.000000000000000E+000
         105          60  -218022507.122507     
         105          61  -7799145.29914530     
         105          62  -1949786.32478632     
         105          63   109276424.501424     
         105          82   15598290.5982906     
         105          83  -7799145.29914531     
         105          84  -218584045.584046     
         105          85  0.000000000000000E+000
         105          86  0.000000000000000E+000
         105          87   435920227.920229     
         105          88  -15598290.5982906     
         105          89   7799145.29914531     
         105          90  -218584045.584046     
         105          91   31196581.1965812     
         105          92   1169871.79487180     
         105          93  -437048504.273505     
         105          94  0.000000000000000E+000
         105          95  0.000000000000000E+000
         105          96   872318803.418804     
         105          97  -31196581.1965812     
         105          98  -1169871.79487180     
         105          99  -437048504.273505     
         105         100 -7.450580596923828E-009
         105         101   9358974.35897436     
         105         102  -3493060398.86040     
         105         103  0.000000000000000E+000
         105         104  0.000000000000000E+000
         105         105   6991860968.66097     
         105         106  7.450580596923828E-009
         105         107  -9358974.35897436     
         105         108  -3493060398.86040     
         105         109  -31196581.1965812     
         105         110   1169871.79487180     
         105         111  -437048504.273504     
         105         112  0.000000000000000E+000
         105         113  0.000000000000000E+000
         105         114   872318803.418803     
         105         115   31196581.1965812     
         105         116  -1169871.79487180     
         105         117  -437048504.273504     
         105         118  -15598290.5982906     
         105         119  -7799145.29914530     
         105         120  -218584045.584046     
         105         121  0.000000000000000E+000
         105         122  0.000000000000000E+000
         105         123   435920227.920228     
         105         124   15598290.5982906     
         105         125   7799145.29914530     
         105         126  -218584045.584046     
         105         127 -1.862645149230957E-009
         105         128  -62393162.3931624     
         105         129  -1747008547.00855     
         105         130  0.000000000000000E+000
         105         131  0.000000000000000E+000
         105         132   3494017094.01710     
         105         133  1.862645149230957E-009
         105         134   62393162.3931624     
         105         135  -1747008547.00855     
         106          40   52294135.8024692     
         106          41  -129985.754985755     
         106          42  -7799145.29914530     
         106          43  -51394634.3779678     
         106          44  -259971.509971510     
         106          45   1559829.05982906     
         106          49   207429534.662868     
         106          50 -6.366462912410498E-011
         106          51 -2.561137080192566E-009
         106          52  -209072554.605888     
         106          53 -8.003553375601768E-011
         106          54  1.117587089538574E-008
         106          58   52294135.8024691     
         106          59   129985.754985755     
         106          60   7799145.29914530     
         106          61  -51394634.3779677     
         106          62   259971.509971510     
         106          63  -1559829.05982906     
         106          85  -104640265.906933     
         106          86   519943.019943021     
         106          87   15598290.5982906     
         106          88   102685280.151947     
         106          89   1039886.03988604     
         106          90  -3119658.11965813     
         106          94  -209081220.322887     
         106          95  -77991.4529914532     
         106          96   31196581.1965812     
         106          97   205769183.285850     
         106          98  -155982.905982906     
         106          99  -6239316.23931624     
         106         103  -829336847.103514     
         106         104 -4.365574568510056E-010
         106         105  3.725290298461914E-009
         106         106   837052801.519469     
         106         107 -7.858034223318100E-010
         106         108 -4.842877388000488E-008
         106         112  -209081220.322887     
         106         113   77991.4529914530     
         106         114  -31196581.1965812     
         106         115   205769183.285850     
         106         116   155982.905982906     
         106         117   6239316.23931624     
         106         121  -104640265.906933     
         106         122  -519943.019943020     
         106         123  -15598290.5982906     
         106         124   102685280.151947     
         106         125  -1039886.03988604     
         106         126   3119658.11965813     
         106         130  -415067046.533714     
         106         131  3.201421350240707E-010
         106         132  6.519258022308350E-009
         106         133   417729154.795822     
         106         134  6.402842700481415E-010
         106         135 -2.235174179077148E-008
         107          40  -129985.754985755     
         107          41   52151151.4719848     
         107          42   1949786.32478633     
         107          43  -259971.509971510     
         107          44  -51680603.0389364     
         107          45  -389957.264957265     
         107          49  5.093170329928398E-011
         107          50   415822697.056030     
         107          51   15598290.5982906     
         107          52  1.309672370553017E-010
         107          53  -416217853.751187     
         107          54  -3119658.11965812     
         107          58   129985.754985755     
         107          59   52151151.4719848     
         107          60   1949786.32478632     
         107          61   259971.509971510     
         107          62  -51680603.0389364     
         107          63  -389957.264957265     
         107          85   519943.019943020     
         107          86  -104411490.978158     
         107          87  -7799145.29914531     
         107          88   1039886.03988604     
         107          89   103142830.009497     
         107          90   1559829.05982906     
         107          94   77991.4529914533     
         107          95  -104138520.892688     
         107          96  -1169871.79487180     
         107          97   155982.905982907     
         107          98   103688770.180437     
         107          99   5849358.97435898     
         107         103 -3.492459654808044E-010
         107         104  -830335137.701805     
         107         105  -9358974.35897436     
         107         106 -6.984919309616089E-010
         107         107   835056220.322888     
         107         108   46794871.7948718     
         107         112  -77991.4529914530     
         107         113  -104138520.892688     
         107         114  -1169871.79487179     
         107         115  -155982.905982906     
         107         116   103688770.180437     
         107         117   5849358.97435898     
         107         121  -519943.019943020     
         107         122  -104411490.978158     
         107         123  -7799145.29914530     
         107         124  -1039886.03988604     
         107         125   103142830.009497     
         107         126   1559829.05982906     
         107         130 -2.619344741106033E-010
         107         131  -832518898.385566     
         107         132  -62393162.3931624     
         107         133 -3.492459654808044E-010
         107         134   830688698.955366     
         107         135   12478632.4786325     
         108          40  -7799145.29914531     
         108          41   1949786.32478633     
         108          42   109276424.501425     
         108          43  -1559829.05982906     
         108          44   389957.264957265     
         108          45  -109011253.561254     
         108          49  1.862645149230957E-009
         108          50   15598290.5982906     
         108          51   873379487.179488     
         108          52  1.024454832077026E-008
         108          53   3119658.11965812     
         108          54  -873753846.153847     
         108          58   7799145.29914530     
         108          59   1949786.32478632     
         108          60   109276424.501424     
         108          61   1559829.05982906     
         108          62   389957.264957265     
         108          63  -109011253.561254     
         108          85   15598290.5982906     
         108          86  -7799145.29914531     
         108          87  -218584045.584046     
         108          88   3119658.11965812     
         108          89  -1559829.05982906     
         108          90   217960113.960114     
         108          94   31196581.1965812     
         108          95   1169871.79487180     
         108          96  -437048504.273505     
         108          97   6239316.23931625     
         108          98   5849358.97435898     
         108          99   436159401.709402     
         108         103 -7.450580596923828E-009
         108         104   9358974.35897436     
         108         105  -3493060398.86040     
         108         106 -4.284083843231201E-008
         108         107   46794871.7948718     
         108         108   3495930484.33049     
         108         112  -31196581.1965812     
         108         113   1169871.79487180     
         108         114  -437048504.273504     
         108         115  -6239316.23931623     
         108         116   5849358.97435898     
         108         117   436159401.709402     
         108         121  -15598290.5982906     
         108         122  -7799145.29914530     
         108         123  -218584045.584046     
         108         124  -3119658.11965811     
         108         125  -1559829.05982906     
         108         126   217960113.960114     
         108         130 -1.862645149230957E-009
         108         131  -62393162.3931624     
         108         132  -1747008547.00855     
         108         133 -2.142041921615601E-008
         108         134  -12478632.4786325     
         108         135   1747008547.00855     
         109          37   25915693.2573599     
         109          38   64992.8774928775     
         109          39   389957.264957265     
         109          40  -26037879.8670465     
         109          41   32496.4387464388     
         109          42  -1949786.32478632     
         109          46  -51394634.3779677     
         109          47  -259971.509971510     
         109          48  -1559829.05982906     
         109          49   52294135.8024691     
         109          50  -129985.754985755     
         109          51   7799145.29914530     
         109          55  -52486514.7198481     
         109          56  -38995.7264957265     
         109          57  -5849358.97435897     
         109          58   51748195.6315290     
         109          59  -19497.8632478632     
         109          60   1169871.79487179     
         109          82  -51779392.2127256     
         109          83  -259971.509971510     
         109          84  -779914.529914530     
         109          85   52101756.8850903     
         109          86  -129985.754985755     
         109          87   3899572.64957266     
         109          91  -103758095.916429     
         109          92   38995.7264957266     
         109          93  -1559829.05982906     
         109          94   104103858.024691     
         109          95   19497.8632478633     
         109          96   7799145.29914531     
         109         100   205769183.285850     
         109         101  -155982.905982906     
         109         102   6239316.23931623     
         109         103  -209081220.322887     
         109         104  -77991.4529914530     
         109         105  -31196581.1965812     
         109         109   210136704.653371     
         109         110  -584935.897435898     
         109         111   23397435.8974359     
         109         112  -206897459.639126     
         109         113  -292467.948717949     
         109         114  -4679487.17948717     
         109         118   104869040.835708     
         109         119   155982.905982906     
         109         120   11698717.9487180     
         109         121  -103548385.565052     
         109         122   77991.4529914529     
         109         123  -2339743.58974359     
         109         127   102685280.151947     
         109         128   1039886.03988604     
         109         129   3119658.11965812     
         109         130  -104640265.906933     
         109         131   519943.019943020     
         109         132  -15598290.5982906     
         110          37   64992.8774928775     
         110          38   25944290.1234568     
         110          39  -194978.632478633     
         110          40   32496.4387464387     
         110          41  -26023581.4339981     
         110          42   974893.162393162     
         110          46  -259971.509971510     
         110          47  -51680603.0389364     
         110          48   389957.264957265     
         110          49  -129985.754985755     
         110          50   52151151.4719848     
         110          51  -1949786.32478632     
         110          55   38995.7264957264     
         110          56  -104158452.041785     
         110          57   779914.529914530     
         110          58   19497.8632478632     
         110          59   103903679.962013     
         110          60  -3899572.64957265     
         110          82  -259971.509971510     
         110          83  -51779392.2127256     
         110          84   779914.529914530     
         110          85  -129985.754985755     
         110          86   52101756.8850903     
         110          87  -3899572.64957265     
         110          91  -38995.7264957266     
         110          92  -52052362.2981957     
         110          93   2924679.48717949     
         110          94  -19497.8632478633     
         110          95   51965271.8423552     
         110          96  -584935.897435897     
         110         100   155982.905982906     
         110         101   103688770.180437     
         110         102  -5849358.97435898     
         110         103   77991.4529914530     
         110         104  -104138520.892688     
         110         105   1169871.79487180     
         110         109  -584935.897435898     
         110         110   208972032.288699     
         110         111  -11698717.9487180     
         110         112  -292467.948717949     
         110         113  -207479795.821463     
         110         114   2339743.58974359     
         110         118  -155982.905982906     
         110         119   207880151.946819     
         110         120  -3119658.11965812     
         110         121  -77991.4529914531     
         110         122  -208025735.992403     
         110         123   15598290.5982906     
         110         127   1039886.03988604     
         110         128   103142830.009497     
         110         129  -1559829.05982906     
         110         130   519943.019943020     
         110         131  -104411490.978158     
         110         132   7799145.29914531     
         111          37  -389957.264957265     
         111          38   194978.632478633     
         111          39   54568019.9430199     
         111          40  -1949786.32478632     
         111          41   974893.162393163     
         111          42  -54607015.6695157     
         111          46   1559829.05982906     
         111          47  -389957.264957264     
         111          48  -109011253.561254     
         111          49   7799145.29914530     
         111          50  -1949786.32478632     
         111          51   109276424.501424     
         111          55  -5849358.97435897     
         111          56  -779914.529914530     
         111          57  -218500854.700855     
         111          58  -1169871.79487179     
         111          59  -3899572.64957265     
         111          60   218313675.213675     
         111          82   779914.529914531     
         111          83  -779914.529914530     
         111          84  -109104843.304843     
         111          85   3899572.64957265     
         111          86  -3899572.64957265     
         111          87   109229629.629630     
         111          91   1559829.05982906     
         111          92   2924679.48717949     
         111          93  -218329273.504274     
         111          94   7799145.29914530     
         111          95   584935.897435898     
         111          96   218399465.811966     
         111         100  -6239316.23931624     
         111         101  -5849358.97435898     
         111         102   436159401.709402     
         111         103  -31196581.1965812     
         111         104  -1169871.79487179     
         111         105  -437048504.273504     
         111         109   23397435.8974359     
         111         110  -11698717.9487180     
         111         111   874232193.732193     
         111         112   4679487.17948717     
         111         113  -2339743.58974359     
         111         114  -873140313.390313     
         111         118   11698717.9487180     
         111         119   3119658.11965812     
         111         120   436876923.076923     
         111         121   2339743.58974358     
         111         122   15598290.5982906     
         111         123  -436689743.589744     
         111         127  -3119658.11965812     
         111         128   1559829.05982906     
         111         129   217960113.960114     
         111         130  -15598290.5982906     
         111         131   7799145.29914531     
         111         132  -218584045.584046     
         112          37  -26037879.8670465     
         112          38   32496.4387464388     
         112          39   1949786.32478632     
         112          40   51831386.5147199     
         112          41   129985.754985755     
         112          42  0.000000000000000E+000
         112          43  -26037879.8670465     
         112          44   32496.4387464388     
         112          45  -1949786.32478632     
         112          46   52294135.8024691     
         112          47  -129985.754985755     
         112          48  -7799145.29914530     
         112          49  -102789268.755935     
         112          50  -519943.019943020     
         112          51  0.000000000000000E+000
         112          52   52294135.8024691     
         112          53  -129985.754985755     
         112          54   7799145.29914530     
         112          55   51748195.6315290     
         112          56  -19497.8632478632     
         112          57  -1169871.79487179     
         112          58  -104973029.439696     
         112          59  -77991.4529914530     
         112          60  0.000000000000000E+000
         112          61   51748195.6315290     
         112          62  -19497.8632478632     
         112          63   1169871.79487179     
         112          82   52101756.8850903     
         112          83  -129985.754985755     
         112          84  -3899572.64957266     
         112          85  -103558784.425451     
         112          86  -519943.019943020     
         112          87  0.000000000000000E+000
         112          88   52101756.8850903     
         112          89  -129985.754985755     
         112          90   3899572.64957266     
         112          91   104103858.024691     
         112          92   19497.8632478633     
         112          93  -7799145.29914531     
         112          94  -207516191.832859     
         112          95   77991.4529914531     
         112          96  0.000000000000000E+000
         112          97   104103858.024691     
         112          98   19497.8632478633     
         112          99   7799145.29914531     
         112         100  -209081220.322887     
         112         101  -77991.4529914530     
         112         102   31196581.1965812     
         112         103   411538366.571700     
         112         104  -311965.811965812     
         112         105  0.000000000000000E+000
         112         106  -209081220.322887     
         112         107  -77991.4529914530     
         112         108  -31196581.1965812     
         112         109  -206897459.639126     
         112         110  -292467.948717949     
         112         111   4679487.17948717     
         112         112   420273409.306743     
         112         113  -1169871.79487180     
         112         114  0.000000000000000E+000
         112         115  -206897459.639126     
         112         116  -292467.948717949     
         112         117  -4679487.17948717     
         112         118  -103548385.565052     
         112         119   77991.4529914529     
         112         120   2339743.58974359     
         112         121   209738081.671415     
         112         122   311965.811965812     
         112         123  0.000000000000000E+000
         112         124  -103548385.565052     
         112         125   77991.4529914529     
         112         126  -2339743.58974359     
         112         127  -104640265.906933     
         112         128   519943.019943020     
         112         129   15598290.5982906     
         112         130   205370560.303894     
         112         131   2079772.07977208     
         112         132  0.000000000000000E+000
         112         133  -104640265.906933     
         112         134   519943.019943020     
         112         135  -15598290.5982906     
         113          37   32496.4387464387     
         113          38  -26023581.4339981     
         113          39  -974893.162393162     
         113          40   129985.754985755     
         113          41   51888580.2469136     
         113          42  0.000000000000000E+000
         113          43   32496.4387464387     
         113          44  -26023581.4339981     
         113          45   974893.162393162     
         113          46  -129985.754985755     
         113          47   52151151.4719848     
         113          48   1949786.32478632     
         113          49  -519943.019943020     
         113          50  -103361206.077873     
         113          51  0.000000000000000E+000
         113          52  -129985.754985755     
         113          53   52151151.4719848     
         113          54  -1949786.32478632     
         113          55   19497.8632478632     
         113          56   103903679.962013     
         113          57   3899572.64957265     
         113          58   77991.4529914529     
         113          59  -208316904.083571     
         113          60  0.000000000000000E+000
         113          61   19497.8632478632     
         113          62   103903679.962013     
         113          63  -3899572.64957265     
         113          82  -129985.754985755     
         113          83   52101756.8850903     
         113          84   3899572.64957265     
         113          85  -519943.019943020     
         113          86  -103558784.425451     
         113          87  0.000000000000000E+000
         113          88  -129985.754985755     
         113          89   52101756.8850903     
         113          90  -3899572.64957265     
         113          91  -19497.8632478633     
         113          92   51965271.8423552     
         113          93   584935.897435897     
         113          94  -77991.4529914532     
         113          95  -104104724.596391     
         113          96  0.000000000000000E+000
         113          97  -19497.8632478633     
         113          98   51965271.8423552     
         113          99  -584935.897435897     
         113         100   77991.4529914530     
         113         101  -104138520.892688     
         113         102  -1169871.79487180     
         113         103   311965.811965812     
         113         104   207377540.360874     
         113         105  0.000000000000000E+000
         113         106   77991.4529914530     
         113         107  -104138520.892688     
         113         108   1169871.79487180     
         113         109  -292467.948717949     
         113         110  -207479795.821463     
         113         111  -2339743.58974359     
         113         112  -1169871.79487180     
         113         113   417944064.577398     
         113         114  0.000000000000000E+000
         113         115  -292467.948717949     
         113         116  -207479795.821463     
         113         117   2339743.58974359     
         113         118  -77991.4529914531     
         113         119  -208025735.992403     
         113         120  -15598290.5982906     
         113         121  -311965.811965812     
         113         122   415760303.893638     
         113         123  0.000000000000000E+000
         113         124  -77991.4529914531     
         113         125  -208025735.992403     
         113         126   15598290.5982906     
         113         127   519943.019943020     
         113         128  -104411490.978158     
         113         129  -7799145.29914531     
         113         130   2079772.07977208     
         113         131   206285660.018994     
         113         132  0.000000000000000E+000
         113         133   519943.019943020     
         113         134  -104411490.978158     
         113         135   7799145.29914531     
         114          37   1949786.32478632     
         114          38  -974893.162393163     
         114          39  -54607015.6695157     
         114          40  0.000000000000000E+000
         114          41  0.000000000000000E+000
         114          42   109136039.886040     
         114          43  -1949786.32478632     
         114          44   974893.162393163     
         114          45  -54607015.6695157     
         114          46  -7799145.29914530     
         114          47   1949786.32478632     
         114          48   109276424.501424     
         114          49  0.000000000000000E+000
         114          50  0.000000000000000E+000
         114          51  -218022507.122507     
         114          52   7799145.29914530     
         114          53  -1949786.32478632     
         114          54   109276424.501424     
         114          55   1169871.79487179     
         114          56   3899572.64957265     
         114          57   218313675.213675     
         114          58  0.000000000000000E+000
         114          59  0.000000000000000E+000
         114          60  -437001709.401709     
         114          61  -1169871.79487179     
         114          62  -3899572.64957265     
         114          63   218313675.213675     
         114          82  -3899572.64957265     
         114          83   3899572.64957265     
         114          84   109229629.629630     
         114          85  0.000000000000000E+000
         114          86  0.000000000000000E+000
         114          87  -218209686.609687     
         114          88   3899572.64957265     
         114          89  -3899572.64957265     
         114          90   109229629.629630     
         114          91  -7799145.29914530     
         114          92  -584935.897435898     
         114          93   218399465.811966     
         114          94  0.000000000000000E+000
         114          95  0.000000000000000E+000
         114          96  -436658547.008547     
         114          97   7799145.29914530     
         114          98   584935.897435898     
         114          99   218399465.811966     
         114         100   31196581.1965812     
         114         101   1169871.79487179     
         114         102  -437048504.273504     
         114         103  0.000000000000000E+000
         114         104  0.000000000000000E+000
         114         105   872318803.418803     
         114         106  -31196581.1965812     
         114         107  -1169871.79487179     
         114         108  -437048504.273504     
         114         109  -4679487.17948717     
         114         110   2339743.58974359     
         114         111  -873140313.390313     
         114         112  0.000000000000000E+000
         114         113  0.000000000000000E+000
         114         114   1748464387.46439     
         114         115   4679487.17948717     
         114         116  -2339743.58974359     
         114         117  -873140313.390313     
         114         118  -2339743.58974358     
         114         119  -15598290.5982906     
         114         120  -436689743.589744     
         114         121  0.000000000000000E+000
         114         122  0.000000000000000E+000
         114         123   873753846.153846     
         114         124   2339743.58974358     
         114         125   15598290.5982906     
         114         126  -436689743.589744     
         114         127   15598290.5982906     
         114         128  -7799145.29914531     
         114         129  -218584045.584046     
         114         130  0.000000000000000E+000
         114         131  0.000000000000000E+000
         114         132   435920227.920228     
         114         133  -15598290.5982906     
         114         134   7799145.29914531     
         114         135  -218584045.584046     
         115          40  -26037879.8670465     
         115          41   32496.4387464388     
         115          42   1949786.32478632     
         115          43   25915693.2573599     
         115          44   64992.8774928775     
         115          45  -389957.264957265     
         115          49   52294135.8024691     
         115          50  -129985.754985755     
         115          51  -7799145.29914530     
         115          52  -51394634.3779677     
         115          53  -259971.509971510     
         115          54   1559829.05982906     
         115          58   51748195.6315290     
         115          59  -19497.8632478632     
         115          60  -1169871.79487179     
         115          61  -52486514.7198481     
         115          62  -38995.7264957265     
         115          63   5849358.97435897     
         115          85   52101756.8850903     
         115          86  -129985.754985755     
         115          87  -3899572.64957266     
         115          88  -51779392.2127256     
         115          89  -259971.509971510     
         115          90   779914.529914530     
         115          94   104103858.024691     
         115          95   19497.8632478633     
         115          96  -7799145.29914531     
         115          97  -103758095.916429     
         115          98   38995.7264957266     
         115          99   1559829.05982906     
         115         103  -209081220.322887     
         115         104  -77991.4529914530     
         115         105   31196581.1965812     
         115         106   205769183.285850     
         115         107  -155982.905982906     
         115         108  -6239316.23931623     
         115         112  -206897459.639126     
         115         113  -292467.948717949     
         115         114   4679487.17948717     
         115         115   210136704.653371     
         115         116  -584935.897435898     
         115         117  -23397435.8974359     
         115         121  -103548385.565052     
         115         122   77991.4529914529     
         115         123   2339743.58974359     
         115         124   104869040.835708     
         115         125   155982.905982906     
         115         126  -11698717.9487180     
         115         130  -104640265.906933     
         115         131   519943.019943020     
         115         132   15598290.5982906     
         115         133   102685280.151947     
         115         134   1039886.03988604     
         115         135  -3119658.11965812     
         116          40   32496.4387464387     
         116          41  -26023581.4339981     
         116          42  -974893.162393162     
         116          43   64992.8774928775     
         116          44   25944290.1234568     
         116          45   194978.632478633     
         116          49  -129985.754985755     
         116          50   52151151.4719848     
         116          51   1949786.32478632     
         116          52  -259971.509971510     
         116          53  -51680603.0389364     
         116          54  -389957.264957265     
         116          58   19497.8632478632     
         116          59   103903679.962013     
         116          60   3899572.64957265     
         116          61   38995.7264957264     
         116          62  -104158452.041785     
         116          63  -779914.529914530     
         116          85  -129985.754985755     
         116          86   52101756.8850903     
         116          87   3899572.64957265     
         116          88  -259971.509971510     
         116          89  -51779392.2127256     
         116          90  -779914.529914530     
         116          94  -19497.8632478633     
         116          95   51965271.8423552     
         116          96   584935.897435897     
         116          97  -38995.7264957266     
         116          98  -52052362.2981957     
         116          99  -2924679.48717949     
         116         103   77991.4529914530     
         116         104  -104138520.892688     
         116         105  -1169871.79487180     
         116         106   155982.905982906     
         116         107   103688770.180437     
         116         108   5849358.97435898     
         116         112  -292467.948717949     
         116         113  -207479795.821463     
         116         114  -2339743.58974359     
         116         115  -584935.897435898     
         116         116   208972032.288699     
         116         117   11698717.9487180     
         116         121  -77991.4529914531     
         116         122  -208025735.992403     
         116         123  -15598290.5982906     
         116         124  -155982.905982906     
         116         125   207880151.946819     
         116         126   3119658.11965812     
         116         130   519943.019943020     
         116         131  -104411490.978158     
         116         132  -7799145.29914531     
         116         133   1039886.03988604     
         116         134   103142830.009497     
         116         135   1559829.05982906     
         117          40   1949786.32478632     
         117          41  -974893.162393163     
         117          42  -54607015.6695157     
         117          43   389957.264957265     
         117          44  -194978.632478633     
         117          45   54568019.9430199     
         117          49  -7799145.29914530     
         117          50   1949786.32478632     
         117          51   109276424.501424     
         117          52  -1559829.05982906     
         117          53   389957.264957264     
         117          54  -109011253.561254     
         117          58   1169871.79487179     
         117          59   3899572.64957265     
         117          60   218313675.213675     
         117          61   5849358.97435897     
         117          62   779914.529914530     
         117          63  -218500854.700855     
         117          85  -3899572.64957265     
         117          86   3899572.64957265     
         117          87   109229629.629630     
         117          88  -779914.529914531     
         117          89   779914.529914530     
         117          90  -109104843.304843     
         117          94  -7799145.29914530     
         117          95  -584935.897435898     
         117          96   218399465.811966     
         117          97  -1559829.05982906     
         117          98  -2924679.48717949     
         117          99  -218329273.504274     
         117         103   31196581.1965812     
         117         104   1169871.79487179     
         117         105  -437048504.273504     
         117         106   6239316.23931624     
         117         107   5849358.97435898     
         117         108   436159401.709402     
         117         112  -4679487.17948717     
         117         113   2339743.58974359     
         117         114  -873140313.390313     
         117         115  -23397435.8974359     
         117         116   11698717.9487180     
         117         117   874232193.732193     
         117         121  -2339743.58974358     
         117         122  -15598290.5982906     
         117         123  -436689743.589744     
         117         124  -11698717.9487180     
         117         125  -3119658.11965812     
         117         126   436876923.076923     
         117         130   15598290.5982906     
         117         131  -7799145.29914531     
         117         132  -218584045.584046     
         117         133   3119658.11965812     
         117         134  -1559829.05982906     
         117         135   217960113.960114     
         118          37  -51779392.2127255     
         118          38  -259971.509971510     
         118          39  -779914.529914529     
         118          40   52101756.8850902     
         118          41  -129985.754985755     
         118          42   3899572.64957265     
         118          46   102685280.151947     
         118          47   1039886.03988604     
         118          48   3119658.11965812     
         118          49  -104640265.906933     
         118          50   519943.019943020     
         118          51  -15598290.5982906     
         118          55   104869040.835707     
         118          56   155982.905982906     
         118          57   11698717.9487179     
         118          58  -103548385.565052     
         118          59   77991.4529914530     
         118          60  -2339743.58974358     
         118          82  -414928395.061728     
         118          84  -6239316.23931624     
         118          85   416467426.400760     
         118          86  2.182787284255028E-011
         118          87   31196581.1965812     
         118          91  -51779392.2127256     
         118          92   259971.509971510     
         118          93  -779914.529914529     
         118          94   52101756.8850903     
         118          95   129985.754985755     
         118          96   3899572.64957265     
         118         100   102685280.151947     
         118         101  -1039886.03988604     
         118         102   3119658.11965811     
         118         103  -104640265.906933     
         118         104  -519943.019943020     
         118         105  -15598290.5982906     
         118         109   104869040.835708     
         118         110  -155982.905982906     
         118         111   11698717.9487180     
         118         112  -103548385.565052     
         118         113  -77991.4529914530     
         118         114  -2339743.58974358     
         118         118   840338841.405508     
         118         119  2.200977178290486E-010
         118         120   93589743.5897436     
         118         121  -827693827.160494     
         118         122  1.673470251262188E-010
         118         123  -18717948.7179487     
         118         127   822868755.935423     
         118         128 -2.764863893389702E-010
         118         129   24957264.9572649     
         118         130  -836428869.895537     
         118         131 -2.328306436538696E-010
         118         132  -124786324.786325     
         119          37  -259971.509971510     
         119          38  -51779392.2127255     
         119          39   779914.529914529     
         119          40  -129985.754985755     
         119          41   52101756.8850902     
         119          42  -3899572.64957265     
         119          46   1039886.03988604     
         119          47   103142830.009497     
         119          48  -1559829.05982906     
         119          49   519943.019943020     
         119          50  -104411490.978158     
         119          51   7799145.29914530     
         119          55  -155982.905982905     
         119          56   207880151.946818     
         119          57  -3119658.11965811     
         119          58  -77991.4529914527     
         119          59  -208025735.992402     
         119          60   15598290.5982906     
         119          82 -1.455191522836685E-011
         119          83  -207991073.124406     
         119          84 -3.259629011154175E-009
         119          85 -1.818989403545856E-011
         119          86   207970275.403609     
         119          87 -9.313225746154785E-010
         119          91   259971.509971510     
         119          92  -51779392.2127256     
         119          93  -779914.529914530     
         119          94   129985.754985755     
         119          95   52101756.8850903     
         119          96   3899572.64957265     
         119         100  -1039886.03988604     
         119         101   103142830.009497     
         119         102   1559829.05982906     
         119         103  -519943.019943020     
         119         104  -104411490.978158     
         119         105  -7799145.29914530     
         119         109   155982.905982906     
         119         110   207880151.946819     
         119         111   3119658.11965811     
         119         112   77991.4529914529     
         119         113  -208025735.992403     
         119         114  -15598290.5982906     
         119         118  3.692548489198089E-010
         119         119   835014624.881291     
         119         120  1.519219949841499E-008
         119         121  1.705302565824240E-010
         119         122  -830355935.422602     
         119         123  4.365574568510056E-011
         119         127 -2.182787284255028E-010
         119         128   414318328.584995     
         119         129  5.180481821298599E-009
         119         130 -1.164153218269348E-010
         119         131  -416772459.639126     
         119         132  1.222360879182816E-009
         120          37   779914.529914531     
         120          38  -779914.529914530     
         120          39  -109104843.304843     
         120          40   3899572.64957265     
         120          41  -3899572.64957265     
         120          42   109229629.629630     
         120          46  -3119658.11965811     
         120          47   1559829.05982906     
         120          48   217960113.960114     
         120          49  -15598290.5982906     
         120          50   7799145.29914530     
         120          51  -218584045.584045     
         120          55   11698717.9487179     
         120          56   3119658.11965812     
         120          57   436876923.076922     
         120          58   2339743.58974358     
         120          59   15598290.5982906     
         120          60  -436689743.589743     
         120          82   6239316.23931625     
         120          83 -4.190951585769653E-009
         120          84  -873254700.854701     
         120          85   31196581.1965812     
         120          86  4.656612873077393E-010
         120          87   873629059.829060     
         120          91   779914.529914533     
         120          92   779914.529914531     
         120          93  -109104843.304843     
         120          94   3899572.64957265     
         120          95   3899572.64957265     
         120          96   109229629.629630     
         120         100  -3119658.11965813     
         120         101  -1559829.05982906     
         120         102   217960113.960114     
         120         103  -15598290.5982906     
         120         104  -7799145.29914530     
         120         105  -218584045.584046     
         120         109   11698717.9487180     
         120         110  -3119658.11965812     
         120         111   436876923.076923     
         120         112   2339743.58974359     
         120         113  -15598290.5982906     
         120         114  -436689743.589744     
         120         118   93589743.5897436     
         120         119  1.423177309334278E-008
         120         120   3496679202.27920     
         120         121   18717948.7179487     
         120         122  8.876668289303780E-010
         120         123  -3492686039.88604     
         120         127  -24957264.9572650     
         120         128  5.820766091346741E-009
         120         129   1744512820.51282     
         120         130  -124786324.786325     
         120         131  2.328306436538696E-010
         120         132  -1748256410.25641     
         121          37   52101756.8850902     
         121          38  -129985.754985755     
         121          39  -3899572.64957265     
         121          40  -103558784.425451     
         121          41  -519943.019943020     
         121          42  0.000000000000000E+000
         121          43   52101756.8850902     
         121          44  -129985.754985755     
         121          45   3899572.64957265     
         121          46  -104640265.906933     
         121          47   519943.019943020     
         121          48   15598290.5982906     
         121          49   205370560.303894     
         121          50   2079772.07977208     
         121          51  0.000000000000000E+000
         121          52  -104640265.906933     
         121          53   519943.019943020     
         121          54  -15598290.5982906     
         121          55  -103548385.565052     
         121          56   77991.4529914530     
         121          57   2339743.58974358     
         121          58   209738081.671415     
         121          59   311965.811965812     
         121          60  0.000000000000000E+000
         121          61  -103548385.565052     
         121          62   77991.4529914530     
         121          63  -2339743.58974358     
         121          82   416467426.400760     
         121          83  2.182787284255028E-011
         121          84  -31196581.1965812     
         121          85  -829856790.123457     
         121          87  0.000000000000000E+000
         121          88   416467426.400760     
         121          89  2.182787284255028E-011
         121          90   31196581.1965812     
         121          91   52101756.8850903     
         121          92   129985.754985755     
         121          93  -3899572.64957265     
         121          94  -103558784.425451     
         121          95   519943.019943020     
         121          96  0.000000000000000E+000
         121          97   52101756.8850903     
         121          98   129985.754985755     
         121          99   3899572.64957265     
         121         100  -104640265.906933     
         121         101  -519943.019943020     
         121         102   15598290.5982906     
         121         103   205370560.303894     
         121         104  -2079772.07977208     
         121         105  0.000000000000000E+000
         121         106  -104640265.906933     
         121         107  -519943.019943020     
         121         108  -15598290.5982906     
         121         109  -103548385.565052     
         121         110  -77991.4529914530     
         121         111   2339743.58974358     
         121         112   209738081.671415     
         121         113  -311965.811965812     
         121         114  0.000000000000000E+000
         121         115  -103548385.565052     
         121         116  -77991.4529914530     
         121         117  -2339743.58974358     
         121         118  -827693827.160494     
         121         119  1.673470251262188E-010
         121         120   18717948.7179487     
         121         121   1680677682.81102     
         121         122  4.401954356580973E-010
         121         123  0.000000000000000E+000
         121         124  -827693827.160494     
         121         125  1.673470251262188E-010
         121         126  -18717948.7179487     
         121         127  -836428869.895537     
         121         128 -2.328306436538696E-010
         121         129   124786324.786325     
         121         130   1645737511.87085     
         121         131 -5.529727786779404E-010
         121         132  0.000000000000000E+000
         121         133  -836428869.895537     
         121         134 -2.328306436538696E-010
         121         135  -124786324.786325     
         122          37  -129985.754985755     
         122          38   52101756.8850902     
         122          39   3899572.64957265     
         122          40  -519943.019943020     
         122          41  -103558784.425451     
         122          42  0.000000000000000E+000
         122          43  -129985.754985755     
         122          44   52101756.8850902     
         122          45  -3899572.64957265     
         122          46   519943.019943020     
         122          47  -104411490.978158     
         122          48  -7799145.29914530     
         122          49   2079772.07977208     
         122          50   206285660.018993     
         122          51  0.000000000000000E+000
         122          52   519943.019943020     
         122          53  -104411490.978158     
         122          54   7799145.29914530     
         122          55  -77991.4529914527     
         122          56  -208025735.992402     
         122          57  -15598290.5982906     
         122          58  -311965.811965811     
         122          59   415760303.893637     
         122          60  0.000000000000000E+000
         122          61  -77991.4529914527     
         122          62  -208025735.992402     
         122          63   15598290.5982906     
         122          82 -1.818989403545856E-011
         122          83   207970275.403609     
         122          84  9.313225746154785E-010
         122          85 -2.910383045673370E-011
         122          86  -415982146.248813     
         122          87  0.000000000000000E+000
         122          88 -1.818989403545856E-011
         122          89   207970275.403609     
         122          90 -9.313225746154785E-010
         122          91   129985.754985755     
         122          92   52101756.8850903     
         122          93  -3899572.64957265     
         122          94   519943.019943020     
         122          95  -103558784.425451     
         122          96  0.000000000000000E+000
         122          97   129985.754985755     
         122          98   52101756.8850903     
         122          99   3899572.64957265     
         122         100  -519943.019943020     
         122         101  -104411490.978158     
         122         102   7799145.29914530     
         122         103  -2079772.07977208     
         122         104   206285660.018994     
         122         105  0.000000000000000E+000
         122         106  -519943.019943020     
         122         107  -104411490.978158     
         122         108  -7799145.29914530     
         122         109   77991.4529914529     
         122         110  -208025735.992403     
         122         111   15598290.5982906     
         122         112   311965.811965812     
         122         113   415760303.893638     
         122         114  0.000000000000000E+000
         122         115   77991.4529914529     
         122         116  -208025735.992403     
         122         117  -15598290.5982906     
         122         118  1.705302565824240E-010
         122         119  -830355935.422602     
         122         120 -4.365574568510056E-011
         122         121  7.385096978396177E-010
         122         122   1670029249.76258     
         122         123  0.000000000000000E+000
         122         124  1.705302565824240E-010
         122         125  -830355935.422602     
         122         126  4.365574568510056E-011
         122         127 -1.164153218269348E-010
         122         128  -416772459.639126     
         122         129 -1.222360879182816E-009
         122         130 -4.365574568510056E-010
         122         131   828636657.169991     
         122         132  0.000000000000000E+000
         122         133 -1.164153218269348E-010
         122         134  -416772459.639126     
         122         135  1.222360879182816E-009
         123          37  -3899572.64957265     
         123          38   3899572.64957265     
         123          39   109229629.629630     
         123          40  0.000000000000000E+000
         123          41  0.000000000000000E+000
         123          42  -218209686.609686     
         123          43   3899572.64957265     
         123          44  -3899572.64957265     
         123          45   109229629.629630     
         123          46   15598290.5982906     
         123          47  -7799145.29914530     
         123          48  -218584045.584045     
         123          49  0.000000000000000E+000
         123          50  0.000000000000000E+000
         123          51   435920227.920227     
         123          52  -15598290.5982906     
         123          53   7799145.29914530     
         123          54  -218584045.584045     
         123          55  -2339743.58974358     
         123          56  -15598290.5982906     
         123          57  -436689743.589743     
         123          58  0.000000000000000E+000
         123          59  0.000000000000000E+000
         123          60   873753846.153845     
         123          61   2339743.58974358     
         123          62   15598290.5982906     
         123          63  -436689743.589743     
         123          82  -31196581.1965812     
         123          83 -4.656612873077393E-010
         123          84   873629059.829060     
         123          85  0.000000000000000E+000
         123          86  0.000000000000000E+000
         123          87  -1746509401.70940     
         123          88   31196581.1965812     
         123          89  4.656612873077393E-010
         123          90   873629059.829060     
         123          91  -3899572.64957265     
         123          92  -3899572.64957265     
         123          93   109229629.629630     
         123          94  0.000000000000000E+000
         123          95  0.000000000000000E+000
         123          96  -218209686.609687     
         123          97   3899572.64957265     
         123          98   3899572.64957265     
         123          99   109229629.629630     
         123         100   15598290.5982906     
         123         101   7799145.29914530     
         123         102  -218584045.584046     
         123         103  0.000000000000000E+000
         123         104  0.000000000000000E+000
         123         105   435920227.920228     
         123         106  -15598290.5982906     
         123         107  -7799145.29914530     
         123         108  -218584045.584046     
         123         109  -2339743.58974359     
         123         110   15598290.5982906     
         123         111  -436689743.589744     
         123         112  0.000000000000000E+000
         123         113  0.000000000000000E+000
         123         114   873753846.153846     
         123         115   2339743.58974359     
         123         116  -15598290.5982906     
         123         117  -436689743.589744     
         123         118  -18717948.7179487     
         123         119 -8.876668289303780E-010
         123         120  -3492686039.88604     
         123         121  0.000000000000000E+000
         123         122  0.000000000000000E+000
         123         123   6993358404.55840     
         123         124   18717948.7179487     
         123         125  8.876668289303780E-010
         123         126  -3492686039.88604     
         123         127   124786324.786325     
         123         128 -2.328306436538696E-010
         123         129  -1748256410.25641     
         123         130  0.000000000000000E+000
         123         131  0.000000000000000E+000
         123         132   3489025641.02564     
         123         133  -124786324.786325     
         123         134  2.328306436538696E-010
         123         135  -1748256410.25641     
         124          40   52101756.8850902     
         124          41  -129985.754985755     
         124          42  -3899572.64957265     
         124          43  -51779392.2127255     
         124          44  -259971.509971510     
         124          45   779914.529914529     
         124          49  -104640265.906933     
         124          50   519943.019943020     
         124          51   15598290.5982906     
         124          52   102685280.151947     
         124          53   1039886.03988604     
         124          54  -3119658.11965812     
         124          58  -103548385.565052     
         124          59   77991.4529914530     
         124          60   2339743.58974358     
         124          61   104869040.835707     
         124          62   155982.905982906     
         124          63  -11698717.9487179     
         124          85   416467426.400760     
         124          86  2.182787284255028E-011
         124          87  -31196581.1965812     
         124          88  -414928395.061728     
         124          90   6239316.23931624     
         124          94   52101756.8850903     
         124          95   129985.754985755     
         124          96  -3899572.64957265     
         124          97  -51779392.2127256     
         124          98   259971.509971510     
         124          99   779914.529914529     
         124         103  -104640265.906933     
         124         104  -519943.019943020     
         124         105   15598290.5982906     
         124         106   102685280.151947     
         124         107  -1039886.03988604     
         124         108  -3119658.11965811     
         124         112  -103548385.565052     
         124         113  -77991.4529914530     
         124         114   2339743.58974358     
         124         115   104869040.835708     
         124         116  -155982.905982906     
         124         117  -11698717.9487180     
         124         121  -827693827.160494     
         124         122  1.673470251262188E-010
         124         123   18717948.7179487     
         124         124   840338841.405508     
         124         125  2.200977178290486E-010
         124         126  -93589743.5897436     
         124         130  -836428869.895537     
         124         131 -2.328306436538696E-010
         124         132   124786324.786325     
         124         133   822868755.935423     
         124         134 -2.764863893389702E-010
         124         135  -24957264.9572649     
         125          40  -129985.754985755     
         125          41   52101756.8850902     
         125          42   3899572.64957265     
         125          43  -259971.509971510     
         125          44  -51779392.2127255     
         125          45  -779914.529914529     
         125          49   519943.019943020     
         125          50  -104411490.978158     
         125          51  -7799145.29914530     
         125          52   1039886.03988604     
         125          53   103142830.009497     
         125          54   1559829.05982906     
         125          58  -77991.4529914527     
         125          59  -208025735.992402     
         125          60  -15598290.5982906     
         125          61  -155982.905982905     
         125          62   207880151.946818     
         125          63   3119658.11965811     
         125          85 -1.818989403545856E-011
         125          86   207970275.403609     
         125          87  9.313225746154785E-010
         125          88 -1.455191522836685E-011
         125          89  -207991073.124406     
         125          90  3.259629011154175E-009
         125          94   129985.754985755     
         125          95   52101756.8850903     
         125          96  -3899572.64957265     
         125          97   259971.509971510     
         125          98  -51779392.2127256     
         125          99   779914.529914530     
         125         103  -519943.019943020     
         125         104  -104411490.978158     
         125         105   7799145.29914530     
         125         106  -1039886.03988604     
         125         107   103142830.009497     
         125         108  -1559829.05982906     
         125         112   77991.4529914529     
         125         113  -208025735.992403     
         125         114   15598290.5982906     
         125         115   155982.905982906     
         125         116   207880151.946819     
         125         117  -3119658.11965811     
         125         121  1.705302565824240E-010
         125         122  -830355935.422602     
         125         123 -4.365574568510056E-011
         125         124  3.692548489198089E-010
         125         125   835014624.881291     
         125         126 -1.519219949841499E-008
         125         130 -1.164153218269348E-010
         125         131  -416772459.639126     
         125         132 -1.222360879182816E-009
         125         133 -2.182787284255028E-010
         125         134   414318328.584995     
         125         135 -5.180481821298599E-009
         126          40  -3899572.64957265     
         126          41   3899572.64957265     
         126          42   109229629.629630     
         126          43  -779914.529914531     
         126          44   779914.529914530     
         126          45  -109104843.304843     
         126          49   15598290.5982906     
         126          50  -7799145.29914530     
         126          51  -218584045.584045     
         126          52   3119658.11965811     
         126          53  -1559829.05982906     
         126          54   217960113.960114     
         126          58  -2339743.58974358     
         126          59  -15598290.5982906     
         126          60  -436689743.589743     
         126          61  -11698717.9487179     
         126          62  -3119658.11965812     
         126          63   436876923.076922     
         126          85  -31196581.1965812     
         126          86 -4.656612873077393E-010
         126          87   873629059.829060     
         126          88  -6239316.23931625     
         126          89  4.190951585769653E-009
         126          90  -873254700.854701     
         126          94  -3899572.64957265     
         126          95  -3899572.64957265     
         126          96   109229629.629630     
         126          97  -779914.529914533     
         126          98  -779914.529914531     
         126          99  -109104843.304843     
         126         103   15598290.5982906     
         126         104   7799145.29914530     
         126         105  -218584045.584046     
         126         106   3119658.11965813     
         126         107   1559829.05982906     
         126         108   217960113.960114     
         126         112  -2339743.58974359     
         126         113   15598290.5982906     
         126         114  -436689743.589744     
         126         115  -11698717.9487180     
         126         116   3119658.11965812     
         126         117   436876923.076923     
         126         121  -18717948.7179487     
         126         122 -8.876668289303780E-010
         126         123  -3492686039.88604     
         126         124  -93589743.5897436     
         126         125 -1.423177309334278E-008
         126         126   3496679202.27920     
         126         130   124786324.786325     
         126         131 -2.328306436538696E-010
         126         132  -1748256410.25641     
         126         133   24957264.9572650     
         126         134 -5.820766091346741E-009
         126         135   1744512820.51282     
         127          37   102685280.151947     
         127          38   1039886.03988604     
         127          39   3119658.11965811     
         127          40  -104640265.906933     
         127          41   519943.019943020     
         127          42  -15598290.5982906     
         127          46   417729154.795821     
         127          47  2.728484105318785E-010
         127          48  2.339947968721390E-008
         127          49  -415067046.533713     
         127          50  1.909938873723149E-010
         127          51 -4.190951585769653E-009
         127          55   102685280.151947     
         127          56  -1039886.03988604     
         127          57  -3119658.11965811     
         127          58  -104640265.906933     
         127          59  -519943.019943020     
         127          60   15598290.5982906     
         127          82   822868755.935424     
         127          83  5.820766091346741E-010
         127          84   24957264.9572650     
         127          85  -836428869.895537     
         127          86  3.492459654808044E-010
         127          87  -124786324.786325     
         127          91   102685280.151947     
         127          92  -1039886.03988604     
         127          93   3119658.11965812     
         127          94  -104640265.906933     
         127          95  -519943.019943021     
         127          96  -15598290.5982906     
         127         100   417729154.795822     
         127         101 -4.074536263942719E-010
         127         102  2.142041921615601E-008
         127         103  -415067046.533714     
         127         104 -2.619344741106033E-010
         127         105 -9.313225746154785E-010
         127         109   102685280.151947     
         127         110   1039886.03988604     
         127         111  -3119658.11965812     
         127         112  -104640265.906933     
         127         113   519943.019943020     
         127         114   15598290.5982906     
         127         118   822868755.935423     
         127         119 -2.764863893389702E-010
         127         120  -24957264.9572650     
         127         121  -836428869.895537     
         127         122 -1.382431946694851E-010
         127         123   124786324.786325     
         127         127   3347379297.24596     
         127         128 -5.820766091346741E-011
         127         129  8.009374141693115E-008
         127         130  -3317763342.83001     
         127         131 -5.820766091346741E-011
         127         132  1.303851604461670E-008
         128          37   1039886.03988604     
         128          38   103142830.009497     
         128          39  -1559829.05982906     
         128          40   519943.019943020     
         128          41  -104411490.978158     
         128          42   7799145.29914530     
         128          46 -4.656612873077393E-010
         128          47   830688698.955366     
         128          48  -12478632.4786325     
         128          49 -2.110027708113194E-010
         128          50  -832518898.385565     
         128          51   62393162.3931624     
         128          55  -1039886.03988604     
         128          56   103142830.009497     
         128          57  -1559829.05982906     
         128          58  -519943.019943020     
         128          59  -104411490.978158     
         128          60   7799145.29914530     
         128          82  2.328306436538696E-010
         128          83   414318328.584996     
         128          84  8.847564458847046E-009
         128          85  1.164153218269348E-010
         128          86  -416772459.639127     
         128          91  -1039886.03988604     
         128          92   103142830.009497     
         128          93   1559829.05982906     
         128          94  -519943.019943021     
         128          95  -104411490.978158     
         128          96  -7799145.29914531     
         128         100  6.984919309616089E-010
         128         101   830688698.955366     
         128         102   12478632.4786325     
         128         103  2.910383045673370E-010
         128         104  -832518898.385566     
         128         105  -62393162.3931624     
         128         109   1039886.03988604     
         128         110   103142830.009497     
         128         111   1559829.05982906     
         128         112   519943.019943020     
         128         113  -104411490.978158     
         128         114  -7799145.29914531     
         128         118 -2.473825588822365E-010
         128         119   414318328.584995     
         128         120  6.752088665962219E-009
         128         121 -9.822542779147625E-011
         128         122  -416772459.639126     
         128         123  6.984919309616089E-010
         128         127 -2.328306436538696E-010
         128         128   3336730864.19753     
         128         129  1.722946763038635E-008
         128         130 -1.746229827404022E-010
         128         131  -3323087559.35423     
         128         132  4.190951585769653E-009
         129          37  -3119658.11965813     
         129          38   1559829.05982906     
         129          39   217960113.960114     
         129          40  -15598290.5982906     
         129          41   7799145.29914530     
         129          42  -218584045.584046     
         129          46  1.827720552682877E-008
         129          47   12478632.4786325     
         129          48   1747008547.00855     
         129          49  3.259629011154175E-009
         129          50   62393162.3931624     
         129          51  -1747008547.00855     
         129          55   3119658.11965812     
         129          56   1559829.05982906     
         129          57   217960113.960114     
         129          58   15598290.5982906     
         129          59   7799145.29914530     
         129          60  -218584045.584045     
         129          82  -24957264.9572650     
         129          83  9.778887033462524E-009
         129          84   1744512820.51282     
         129          85  -124786324.786325     
         129          86 -4.656612873077393E-010
         129          87  -1748256410.25641     
         129          91  -3119658.11965812     
         129          92  -1559829.05982906     
         129          93   217960113.960114     
         129          94  -15598290.5982906     
         129          95  -7799145.29914531     
         129          96  -218584045.584046     
         129         100  2.142041921615601E-008
         129         101  -12478632.4786325     
         129         102   1747008547.00855     
         129         103  8.381903171539307E-009
         129         104  -62393162.3931624     
         129         105  -1747008547.00855     
         129         109   3119658.11965812     
         129         110  -1559829.05982906     
         129         111   217960113.960114     
         129         112   15598290.5982906     
         129         113  -7799145.29914531     
         129         114  -218584045.584046     
         129         118   24957264.9572649     
         129         119  5.064066499471664E-009
         129         120   1744512820.51282     
         129         121   124786324.786325     
         129         122 -1.338776201009750E-009
         129         123  -1748256410.25641     
         129         127  8.754432201385498E-008
         129         128  1.769512891769409E-008
         129         129   13982723646.7237     
         129         130 -2.793967723846436E-008
         129         132  -13972740740.7407     
         130          37  -104640265.906933     
         130          38   519943.019943020     
         130          39   15598290.5982906     
         130          40   205370560.303894     
         130          41   2079772.07977208     
         130          42  0.000000000000000E+000
         130          43  -104640265.906933     
         130          44   519943.019943020     
         130          45  -15598290.5982906     
         130          46  -415067046.533713     
         130          47  1.909938873723149E-010
         130          48  4.190951585769653E-009
         130          49   835458309.591643     
         130          50  5.456968210637569E-010
         130          51  0.000000000000000E+000
         130          52  -415067046.533713     
         130          53  1.909938873723149E-010
         130          54 -4.190951585769653E-009
         130          55  -104640265.906933     
         130          56  -519943.019943020     
         130          57  -15598290.5982906     
         130          58   205370560.303894     
         130          59  -2079772.07977208     
         130          60  0.000000000000000E+000
         130          61  -104640265.906933     
         130          62  -519943.019943020     
         130          63   15598290.5982906     
         130          82  -836428869.895537     
         130          83  3.492459654808044E-010
         130          84   124786324.786325     
         130          85   1645737511.87085     
         130          86  1.164153218269348E-009
         130          87  0.000000000000000E+000
         130          88  -836428869.895537     
         130          89  3.492459654808044E-010
         130          90  -124786324.786325     
         130          91  -104640265.906933     
         130          92  -519943.019943021     
         130          93   15598290.5982906     
         130          94   205370560.303894     
         130          95  -2079772.07977208     
         130          96  0.000000000000000E+000
         130          97  -104640265.906933     
         130          98  -519943.019943021     
         130          99  -15598290.5982906     
         130         100  -415067046.533714     
         130         101 -2.619344741106033E-010
         130         102  9.313225746154785E-010
         130         103   835458309.591644     
         130         104 -8.149072527885437E-010
         130         105  0.000000000000000E+000
         130         106  -415067046.533714     
         130         107 -2.619344741106033E-010
         130         108 -9.313225746154785E-010
         130         109  -104640265.906933     
         130         110   519943.019943020     
         130         111  -15598290.5982906     
         130         112   205370560.303894     
         130         113   2079772.07977208     
         130         114  0.000000000000000E+000
         130         115  -104640265.906933     
         130         116   519943.019943020     
         130         117   15598290.5982906     
         130         118  -836428869.895537     
         130         119 -1.382431946694851E-010
         130         120  -124786324.786325     
         130         121   1645737511.87085     
         130         122 -5.529727786779404E-010
         130         123  0.000000000000000E+000
         130         124  -836428869.895537     
         130         125 -1.382431946694851E-010
         130         126   124786324.786325     
         130         127  -3317763342.83001     
         130         128 -5.820766091346741E-011
         130         129 -1.303851604461670E-008
         130         130   6694758594.49193     
         130         131 -1.164153218269348E-010
         130         132  0.000000000000000E+000
         130         133  -3317763342.83001     
         130         134 -5.820766091346741E-011
         130         135  1.303851604461670E-008
         131          37   519943.019943020     
         131          38  -104411490.978158     
         131          39  -7799145.29914530     
         131          40   2079772.07977208     
         131          41   206285660.018993     
         131          42  0.000000000000000E+000
         131          43   519943.019943020     
         131          44  -104411490.978158     
         131          45   7799145.29914530     
         131          46 -2.110027708113194E-010
         131          47  -832518898.385565     
         131          48  -62393162.3931624     
         131          49 -9.313225746154785E-010
         131          50   1661377397.91073     
         131          51  0.000000000000000E+000
         131          52 -2.110027708113194E-010
         131          53  -832518898.385565     
         131          54   62393162.3931624     
         131          55  -519943.019943020     
         131          56  -104411490.978158     
         131          57  -7799145.29914530     
         131          58  -2079772.07977208     
         131          59   206285660.018993     
         131          60  0.000000000000000E+000
         131          61  -519943.019943020     
         131          62  -104411490.978158     
         131          63   7799145.29914530     
         131          82  1.164153218269348E-010
         131          83  -416772459.639127     
         131          85  4.656612873077393E-010
         131          86   828636657.169991     
         131          87  0.000000000000000E+000
         131          88  1.164153218269348E-010
         131          89  -416772459.639127     
         131          91  -519943.019943021     
         131          92  -104411490.978158     
         131          93   7799145.29914531     
         131          94  -2079772.07977208     
         131          95   206285660.018994     
         131          96  0.000000000000000E+000
         131          97  -519943.019943021     
         131          98  -104411490.978158     
         131          99  -7799145.29914531     
         131         100  2.910383045673370E-010
         131         101  -832518898.385566     
         131         102   62393162.3931624     
         131         103  1.396983861923218E-009
         131         104   1661377397.91073     
         131         105  0.000000000000000E+000
         131         106  2.910383045673370E-010
         131         107  -832518898.385566     
         131         108  -62393162.3931624     
         131         109   519943.019943020     
         131         110  -104411490.978158     
         131         111   7799145.29914531     
         131         112   2079772.07977208     
         131         113   206285660.018994     
         131         114  0.000000000000000E+000
         131         115   519943.019943020     
         131         116  -104411490.978158     
         131         117  -7799145.29914531     
         131         118 -9.822542779147625E-011
         131         119  -416772459.639126     
         131         120 -6.984919309616089E-010
         131         121 -4.947651177644730E-010
         131         122   828636657.169991     
         131         123  0.000000000000000E+000
         131         124 -9.822542779147625E-011
         131         125  -416772459.639126     
         131         126  6.984919309616089E-010
         131         127 -1.746229827404022E-010
         131         128  -3323087559.35423     
         131         129 -4.190951585769653E-009
         131         130 -4.656612873077393E-010
         131         131   6673461728.39506     
         131         132  0.000000000000000E+000
         131         133 -1.746229827404022E-010
         131         134  -3323087559.35423     
         131         135  4.190951585769653E-009
         132          37   15598290.5982906     
         132          38  -7799145.29914530     
         132          39  -218584045.584046     
         132          40  0.000000000000000E+000
         132          41  0.000000000000000E+000
         132          42   435920227.920228     
         132          43  -15598290.5982906     
         132          44   7799145.29914530     
         132          45  -218584045.584046     
         132          46 -3.259629011154175E-009
         132          47  -62393162.3931624     
         132          48  -1747008547.00855     
         132          49  0.000000000000000E+000
         132          50  0.000000000000000E+000
         132          51   3494017094.01709     
         132          52  3.259629011154175E-009
         132          53   62393162.3931624     
         132          54  -1747008547.00855     
         132          55  -15598290.5982906     
         132          56  -7799145.29914530     
         132          57  -218584045.584045     
         132          58  0.000000000000000E+000
         132          59  0.000000000000000E+000
         132          60   435920227.920227     
         132          61   15598290.5982906     
         132          62   7799145.29914530     
         132          63  -218584045.584045     
         132          82   124786324.786325     
         132          83  4.656612873077393E-010
         132          84  -1748256410.25641     
         132          85  0.000000000000000E+000
         132          86  0.000000000000000E+000
         132          87   3489025641.02564     
         132          88  -124786324.786325     
         132          89 -4.656612873077393E-010
         132          90  -1748256410.25641     
         132          91   15598290.5982906     
         132          92   7799145.29914531     
         132          93  -218584045.584046     
         132          94  0.000000000000000E+000
         132          95  0.000000000000000E+000
         132          96   435920227.920229     
         132          97  -15598290.5982906     
         132          98  -7799145.29914531     
         132          99  -218584045.584046     
         132         100 -8.381903171539307E-009
         132         101   62393162.3931624     
         132         102  -1747008547.00855     
         132         103  0.000000000000000E+000
         132         104  0.000000000000000E+000
         132         105   3494017094.01710     
         132         106  8.381903171539307E-009
         132         107  -62393162.3931624     
         132         108  -1747008547.00855     
         132         109  -15598290.5982906     
         132         110   7799145.29914531     
         132         111  -218584045.584046     
         132         112  0.000000000000000E+000
         132         113  0.000000000000000E+000
         132         114   435920227.920228     
         132         115   15598290.5982906     
         132         116  -7799145.29914531     
         132         117  -218584045.584046     
         132         118  -124786324.786325     
         132         119  1.338776201009750E-009
         132         120  -1748256410.25641     
         132         121  0.000000000000000E+000
         132         122  0.000000000000000E+000
         132         123   3489025641.02564     
         132         124   124786324.786325     
         132         125 -1.338776201009750E-009
         132         126  -1748256410.25641     
         132         127  2.793967723846436E-008
         132         129  -13972740740.7407     
         132         130  0.000000000000000E+000
         132         131  0.000000000000000E+000
         132         132   27965447293.4473     
         132         133 -2.793967723846436E-008
         132         135  -13972740740.7407     
         133          40  -104640265.906933     
         133          41   519943.019943020     
         133          42   15598290.5982906     
         133          43   102685280.151947     
         133          44   1039886.03988604     
         133          45  -3119658.11965811     
         133          49  -415067046.533713     
         133          50  1.909938873723149E-010
         133          51  4.190951585769653E-009
         133          52   417729154.795821     
         133          53  2.728484105318785E-010
         133          54 -2.339947968721390E-008
         133          58  -104640265.906933     
         133          59  -519943.019943020     
         133          60  -15598290.5982906     
         133          61   102685280.151947     
         133          62  -1039886.03988604     
         133          63   3119658.11965811     
         133          85  -836428869.895537     
         133          86  3.492459654808044E-010
         133          87   124786324.786325     
         133          88   822868755.935424     
         133          89  5.820766091346741E-010
         133          90  -24957264.9572650     
         133          94  -104640265.906933     
         133          95  -519943.019943021     
         133          96   15598290.5982906     
         133          97   102685280.151947     
         133          98  -1039886.03988604     
         133          99  -3119658.11965812     
         133         103  -415067046.533714     
         133         104 -2.619344741106033E-010
         133         105  9.313225746154785E-010
         133         106   417729154.795822     
         133         107 -4.074536263942719E-010
         133         108 -2.142041921615601E-008
         133         112  -104640265.906933     
         133         113   519943.019943020     
         133         114  -15598290.5982906     
         133         115   102685280.151947     
         133         116   1039886.03988604     
         133         117   3119658.11965812     
         133         121  -836428869.895537     
         133         122 -1.382431946694851E-010
         133         123  -124786324.786325     
         133         124   822868755.935423     
         133         125 -2.764863893389702E-010
         133         126   24957264.9572650     
         133         130  -3317763342.83001     
         133         131 -5.820766091346741E-011
         133         132 -1.303851604461670E-008
         133         133   3347379297.24596     
         133         134 -5.820766091346741E-011
         133         135 -8.009374141693115E-008
         134          40   519943.019943020     
         134          41  -104411490.978158     
         134          42  -7799145.29914530     
         134          43   1039886.03988604     
         134          44   103142830.009497     
         134          45   1559829.05982906     
         134          49 -2.110027708113194E-010
         134          50  -832518898.385565     
         134          51  -62393162.3931624     
         134          52 -4.656612873077393E-010
         134          53   830688698.955366     
         134          54   12478632.4786325     
         134          58  -519943.019943020     
         134          59  -104411490.978158     
         134          60  -7799145.29914530     
         134          61  -1039886.03988604     
         134          62   103142830.009497     
         134          63   1559829.05982906     
         134          85  1.164153218269348E-010
         134          86  -416772459.639127     
         134          88  2.328306436538696E-010
         134          89   414318328.584996     
         134          90 -8.847564458847046E-009
         134          94  -519943.019943021     
         134          95  -104411490.978158     
         134          96   7799145.29914531     
         134          97  -1039886.03988604     
         134          98   103142830.009497     
         134          99  -1559829.05982906     
         134         103  2.910383045673370E-010
         134         104  -832518898.385566     
         134         105   62393162.3931624     
         134         106  6.984919309616089E-010
         134         107   830688698.955366     
         134         108  -12478632.4786325     
         134         112   519943.019943020     
         134         113  -104411490.978158     
         134         114   7799145.29914531     
         134         115   1039886.03988604     
         134         116   103142830.009497     
         134         117  -1559829.05982906     
         134         121 -9.822542779147625E-011
         134         122  -416772459.639126     
         134         123 -6.984919309616089E-010
         134         124 -2.473825588822365E-010
         134         125   414318328.584995     
         134         126 -6.752088665962219E-009
         134         130 -1.746229827404022E-010
         134         131  -3323087559.35423     
         134         132 -4.190951585769653E-009
         134         133 -2.328306436538696E-010
         134         134   3336730864.19753     
         134         135 -1.722946763038635E-008
         135          40   15598290.5982906     
         135          41  -7799145.29914530     
         135          42  -218584045.584046     
         135          43   3119658.11965813     
         135          44  -1559829.05982906     
         135          45   217960113.960114     
         135          49 -3.259629011154175E-009
         135          50  -62393162.3931624     
         135          51  -1747008547.00855     
         135          52 -1.827720552682877E-008
         135          53  -12478632.4786325     
         135          54   1747008547.00855     
         135          58  -15598290.5982906     
         135          59  -7799145.29914530     
         135          60  -218584045.584045     
         135          61  -3119658.11965812     
         135          62  -1559829.05982906     
         135          63   217960113.960114     
         135          85   124786324.786325     
         135          86  4.656612873077393E-010
         135          87  -1748256410.25641     
         135          88   24957264.9572650     
         135          89 -9.778887033462524E-009
         135          90   1744512820.51282     
         135          94   15598290.5982906     
         135          95   7799145.29914531     
         135          96  -218584045.584046     
         135          97   3119658.11965812     
         135          98   1559829.05982906     
         135          99   217960113.960114     
         135         103 -8.381903171539307E-009
         135         104   62393162.3931624     
         135         105  -1747008547.00855     
         135         106 -2.142041921615601E-008
         135         107   12478632.4786325     
         135         108   1747008547.00855     
         135         112  -15598290.5982906     
         135         113   7799145.29914531     
         135         114  -218584045.584046     
         135         115  -3119658.11965812     
         135         116   1559829.05982906     
         135         117   217960113.960114     
         135         121  -124786324.786325     
         135         122  1.338776201009750E-009
         135         123  -1748256410.25641     
         135         124  -24957264.9572649     
         135         125 -5.064066499471664E-009
         135         126   1744512820.51282     
         135         130  2.793967723846436E-008
         135         132  -13972740740.7407     
         135         133 -8.754432201385498E-008
         135         134 -1.769512891769409E-008
         135         135   13982723646.7237     
