# vtk DataFile Version 2.0
  Generated by MUL2 - Zappino
ASCII
DATASET UNSTRUCTURED_GRID
POINTS      216 double
   -0.005000000    0.000000000   -0.000500000
   -0.005000000    0.000000000   -0.000250000
   -0.005000000    0.000000000    0.000000000
   -0.005000000    0.012500000   -0.000500000
   -0.005000000    0.012500000   -0.000250000
   -0.005000000    0.012500000    0.000000000
   -0.005000000    0.025000000   -0.000500000
   -0.005000000    0.025000000   -0.000250000
   -0.005000000    0.025000000    0.000000000
    0.000000000    0.000000000   -0.000500000
    0.000000000    0.000000000   -0.000250000
    0.000000000    0.000000000    0.000000000
    0.000000000    0.012500000   -0.000500000
    0.000000000    0.012500000   -0.000250000
    0.000000000    0.012500000    0.000000000
    0.000000000    0.025000000   -0.000500000
    0.000000000    0.025000000   -0.000250000
    0.000000000    0.025000000    0.000000000
    0.005000000    0.000000000   -0.000500000
    0.005000000    0.000000000   -0.000250000
    0.005000000    0.000000000    0.000000000
    0.005000000    0.012500000   -0.000500000
    0.005000000    0.012500000   -0.000250000
    0.005000000    0.012500000    0.000000000
    0.005000000    0.025000000   -0.000500000
    0.005000000    0.025000000   -0.000250000
    0.005000000    0.025000000    0.000000000
   -0.005000000    0.000000000    0.000000000
   -0.005000000    0.000000000    0.000250000
   -0.005000000    0.000000000    0.000500000
   -0.005000000    0.012500000    0.000000000
   -0.005000000    0.012500000    0.000250000
   -0.005000000    0.012500000    0.000500000
   -0.005000000    0.025000000    0.000000000
   -0.005000000    0.025000000    0.000250000
   -0.005000000    0.025000000    0.000500000
    0.000000000    0.000000000    0.000000000
    0.000000000    0.000000000    0.000250000
    0.000000000    0.000000000    0.000500000
    0.000000000    0.012500000    0.000000000
    0.000000000    0.012500000    0.000250000
    0.000000000    0.012500000    0.000500000
    0.000000000    0.025000000    0.000000000
    0.000000000    0.025000000    0.000250000
    0.000000000    0.025000000    0.000500000
    0.005000000    0.000000000    0.000000000
    0.005000000    0.000000000    0.000250000
    0.005000000    0.000000000    0.000500000
    0.005000000    0.012500000    0.000000000
    0.005000000    0.012500000    0.000250000
    0.005000000    0.012500000    0.000500000
    0.005000000    0.025000000    0.000000000
    0.005000000    0.025000000    0.000250000
    0.005000000    0.025000000    0.000500000
   -0.005000000    0.025000000   -0.000500000
   -0.005000000    0.025000000   -0.000250000
   -0.005000000    0.025000000    0.000000000
   -0.005000000    0.037500000   -0.000500000
   -0.005000000    0.037500000   -0.000250000
   -0.005000000    0.037500000    0.000000000
   -0.005000000    0.050000000   -0.000500000
   -0.005000000    0.050000000   -0.000250000
   -0.005000000    0.050000000    0.000000000
    0.000000000    0.025000000   -0.000500000
    0.000000000    0.025000000   -0.000250000
    0.000000000    0.025000000    0.000000000
    0.000000000    0.037500000   -0.000500000
    0.000000000    0.037500000   -0.000250000
    0.000000000    0.037500000    0.000000000
    0.000000000    0.050000000   -0.000500000
    0.000000000    0.050000000   -0.000250000
    0.000000000    0.050000000    0.000000000
    0.005000000    0.025000000   -0.000500000
    0.005000000    0.025000000   -0.000250000
    0.005000000    0.025000000    0.000000000
    0.005000000    0.037500000   -0.000500000
    0.005000000    0.037500000   -0.000250000
    0.005000000    0.037500000    0.000000000
    0.005000000    0.050000000   -0.000500000
    0.005000000    0.050000000   -0.000250000
    0.005000000    0.050000000    0.000000000
   -0.005000000    0.025000000    0.000000000
   -0.005000000    0.025000000    0.000250000
   -0.005000000    0.025000000    0.000500000
   -0.005000000    0.037500000    0.000000000
   -0.005000000    0.037500000    0.000250000
   -0.005000000    0.037500000    0.000500000
   -0.005000000    0.050000000    0.000000000
   -0.005000000    0.050000000    0.000250000
   -0.005000000    0.050000000    0.000500000
    0.000000000    0.025000000    0.000000000
    0.000000000    0.025000000    0.000250000
    0.000000000    0.025000000    0.000500000
    0.000000000    0.037500000    0.000000000
    0.000000000    0.037500000    0.000250000
    0.000000000    0.037500000    0.000500000
    0.000000000    0.050000000    0.000000000
    0.000000000    0.050000000    0.000250000
    0.000000000    0.050000000    0.000500000
    0.005000000    0.025000000    0.000000000
    0.005000000    0.025000000    0.000250000
    0.005000000    0.025000000    0.000500000
    0.005000000    0.037500000    0.000000000
    0.005000000    0.037500000    0.000250000
    0.005000000    0.037500000    0.000500000
    0.005000000    0.050000000    0.000000000
    0.005000000    0.050000000    0.000250000
    0.005000000    0.050000000    0.000500000
   -0.005000000    0.050000000   -0.000500000
   -0.005000000    0.050000000   -0.000250000
   -0.005000000    0.050000000    0.000000000
   -0.005000000    0.062500000   -0.000500000
   -0.005000000    0.062500000   -0.000250000
   -0.005000000    0.062500000    0.000000000
   -0.005000000    0.075000000   -0.000500000
   -0.005000000    0.075000000   -0.000250000
   -0.005000000    0.075000000    0.000000000
    0.000000000    0.050000000   -0.000500000
    0.000000000    0.050000000   -0.000250000
    0.000000000    0.050000000    0.000000000
    0.000000000    0.062500000   -0.000500000
    0.000000000    0.062500000   -0.000250000
    0.000000000    0.062500000    0.000000000
    0.000000000    0.075000000   -0.000500000
    0.000000000    0.075000000   -0.000250000
    0.000000000    0.075000000    0.000000000
    0.005000000    0.050000000   -0.000500000
    0.005000000    0.050000000   -0.000250000
    0.005000000    0.050000000    0.000000000
    0.005000000    0.062500000   -0.000500000
    0.005000000    0.062500000   -0.000250000
    0.005000000    0.062500000    0.000000000
    0.005000000    0.075000000   -0.000500000
    0.005000000    0.075000000   -0.000250000
    0.005000000    0.075000000    0.000000000
   -0.005000000    0.050000000    0.000000000
   -0.005000000    0.050000000    0.000250000
   -0.005000000    0.050000000    0.000500000
   -0.005000000    0.062500000    0.000000000
   -0.005000000    0.062500000    0.000250000
   -0.005000000    0.062500000    0.000500000
   -0.005000000    0.075000000    0.000000000
   -0.005000000    0.075000000    0.000250000
   -0.005000000    0.075000000    0.000500000
    0.000000000    0.050000000    0.000000000
    0.000000000    0.050000000    0.000250000
    0.000000000    0.050000000    0.000500000
    0.000000000    0.062500000    0.000000000
    0.000000000    0.062500000    0.000250000
    0.000000000    0.062500000    0.000500000
    0.000000000    0.075000000    0.000000000
    0.000000000    0.075000000    0.000250000
    0.000000000    0.075000000    0.000500000
    0.005000000    0.050000000    0.000000000
    0.005000000    0.050000000    0.000250000
    0.005000000    0.050000000    0.000500000
    0.005000000    0.062500000    0.000000000
    0.005000000    0.062500000    0.000250000
    0.005000000    0.062500000    0.000500000
    0.005000000    0.075000000    0.000000000
    0.005000000    0.075000000    0.000250000
    0.005000000    0.075000000    0.000500000
   -0.005000000    0.075000000   -0.000500000
   -0.005000000    0.075000000   -0.000250000
   -0.005000000    0.075000000    0.000000000
   -0.005000000    0.087500000   -0.000500000
   -0.005000000    0.087500000   -0.000250000
   -0.005000000    0.087500000    0.000000000
   -0.005000000    0.100000000   -0.000500000
   -0.005000000    0.100000000   -0.000250000
   -0.005000000    0.100000000    0.000000000
    0.000000000    0.075000000   -0.000500000
    0.000000000    0.075000000   -0.000250000
    0.000000000    0.075000000    0.000000000
    0.000000000    0.087500000   -0.000500000
    0.000000000    0.087500000   -0.000250000
    0.000000000    0.087500000    0.000000000
    0.000000000    0.100000000   -0.000500000
    0.000000000    0.100000000   -0.000250000
    0.000000000    0.100000000    0.000000000
    0.005000000    0.075000000   -0.000500000
    0.005000000    0.075000000   -0.000250000
    0.005000000    0.075000000    0.000000000
    0.005000000    0.087500000   -0.000500000
    0.005000000    0.087500000   -0.000250000
    0.005000000    0.087500000    0.000000000
    0.005000000    0.100000000   -0.000500000
    0.005000000    0.100000000   -0.000250000
    0.005000000    0.100000000    0.000000000
   -0.005000000    0.075000000    0.000000000
   -0.005000000    0.075000000    0.000250000
   -0.005000000    0.075000000    0.000500000
   -0.005000000    0.087500000    0.000000000
   -0.005000000    0.087500000    0.000250000
   -0.005000000    0.087500000    0.000500000
   -0.005000000    0.100000000    0.000000000
   -0.005000000    0.100000000    0.000250000
   -0.005000000    0.100000000    0.000500000
    0.000000000    0.075000000    0.000000000
    0.000000000    0.075000000    0.000250000
    0.000000000    0.075000000    0.000500000
    0.000000000    0.087500000    0.000000000
    0.000000000    0.087500000    0.000250000
    0.000000000    0.087500000    0.000500000
    0.000000000    0.100000000    0.000000000
    0.000000000    0.100000000    0.000250000
    0.000000000    0.100000000    0.000500000
    0.005000000    0.075000000    0.000000000
    0.005000000    0.075000000    0.000250000
    0.005000000    0.075000000    0.000500000
    0.005000000    0.087500000    0.000000000
    0.005000000    0.087500000    0.000250000
    0.005000000    0.087500000    0.000500000
    0.005000000    0.100000000    0.000000000
    0.005000000    0.100000000    0.000250000
    0.005000000    0.100000000    0.000500000
         
 CELLS       8     168
       20        0       18       24        6        2       20       26        8        9       21       15        3       11       23       17        5        1       19       25        7
       20       27       45       51       33       29       47       53       35       36       48       42       30       38       50       44       32       28       46       52       34
       20       54       72       78       60       56       74       80       62       63       75       69       57       65       77       71       59       55       73       79       61
       20       81       99      105       87       83      101      107       89       90      102       96       84       92      104       98       86       82      100      106       88
       20      108      126      132      114      110      128      134      116      117      129      123      111      119      131      125      113      109      127      133      115
       20      135      153      159      141      137      155      161      143      144      156      150      138      146      158      152      140      136      154      160      142
       20      162      180      186      168      164      182      188      170      171      183      177      165      173      185      179      167      163      181      187      169
       20      189      207      213      195      191      209      215      197      198      210      204      192      200      212      206      194      190      208      214      196
         
  CELL_TYPES        8
25
25
25
25
25
25
25
25
POINT_DATA      216
VECTORS Displacements double
        0.000000000E+000        0.000000000E+000        0.000000000E+000
        0.000000000E+000        0.000000000E+000        0.000000000E+000
        0.000000000E+000        0.000000000E+000        0.000000000E+000
        5.176453358E-005        4.260358523E-004        6.748827333E-003
        1.763118567E-005        1.449330039E-004        6.746762089E-003
       -1.652307419E-005       -1.361004371E-004        6.746732278E-003
        3.962233978E-005        8.172904621E-004        2.770155470E-002
        1.355904788E-005        2.788156574E-004        2.769991336E-002
       -1.259058442E-005       -2.604575004E-004        2.769988922E-002
        0.000000000E+000        0.000000000E+000        0.000000000E+000
        0.000000000E+000        0.000000000E+000        0.000000000E+000
        0.000000000E+000        0.000000000E+000        0.000000000E+000
        7.939308259E-013        4.279223395E-004        7.089922837E-003
        1.698865540E-013        1.456397021E-004        7.087958073E-003
       -4.542215573E-013       -1.366624387E-004        7.087926513E-003
        1.577908559E-012        8.298270701E-004        2.796118849E-002
        1.551358942E-013        2.819983359E-004        2.795939137E-002
       -1.268043555E-012       -2.652260265E-004        2.795936481E-002
        0.000000000E+000        0.000000000E+000        0.000000000E+000
        0.000000000E+000        0.000000000E+000        0.000000000E+000
        0.000000000E+000        0.000000000E+000        0.000000000E+000
       -5.176453200E-005        4.260358535E-004        6.748827358E-003
       -1.763118535E-005        1.449330044E-004        6.746762114E-003
        1.652307327E-005       -1.361004372E-004        6.746732303E-003
       -3.962233664E-005        8.172904635E-004        2.770155476E-002
       -1.355904758E-005        2.788156581E-004        2.769991342E-002
        1.259058188E-005       -2.604575003E-004        2.769988928E-002
        0.000000000E+000        0.000000000E+000        0.000000000E+000
        0.000000000E+000        0.000000000E+000        0.000000000E+000
        0.000000000E+000        0.000000000E+000        0.000000000E+000
       -1.652307419E-005       -1.361004371E-004        6.746732278E-003
       -5.071774869E-005       -4.169261866E-004        6.748732451E-003
       -8.485207316E-005       -6.979518829E-004        6.752761930E-003
       -1.259058442E-005       -2.604575004E-004        2.769988922E-002
       -3.901238181E-005       -8.020682497E-004        2.770146531E-002
       -6.518758834E-005       -1.341380579E-003        2.770465500E-002
        0.000000000E+000        0.000000000E+000        0.000000000E+000
        0.000000000E+000        0.000000000E+000        0.000000000E+000
        0.000000000E+000        0.000000000E+000        0.000000000E+000
       -4.542215573E-013       -1.366624387E-004        7.087926513E-003
       -1.078621578E-012       -4.189621035E-004        7.089829843E-003
       -1.702693288E-012       -7.012055443E-004        7.093668281E-003
       -1.268043555E-012       -2.652260265E-004        2.795936481E-002
       -2.692606888E-012       -8.112262745E-004        2.796111082E-002
       -4.115892910E-012       -1.358965875E-003        2.796462152E-002
        0.000000000E+000        0.000000000E+000        0.000000000E+000
        0.000000000E+000        0.000000000E+000        0.000000000E+000
        0.000000000E+000        0.000000000E+000        0.000000000E+000
        1.652307327E-005       -1.361004372E-004        6.746732303E-003
        5.071774652E-005       -4.169261873E-004        6.748732476E-003
        8.485206974E-005       -6.979518843E-004        6.752761955E-003
        1.259058188E-005       -2.604575003E-004        2.769988928E-002
        3.901237643E-005       -8.020682502E-004        2.770146536E-002
        6.518758011E-005       -1.341380580E-003        2.770465506E-002
        3.962233978E-005        8.172904621E-004        2.770155470E-002
        1.355904788E-005        2.788156574E-004        2.769991336E-002
       -1.259058442E-005       -2.604575004E-004        2.769988922E-002
        3.701207193E-005        1.163248782E-003        6.066567576E-002
        1.258867912E-005        3.958500474E-004        6.066447218E-002
       -1.182594406E-005       -3.715132097E-004        6.066445267E-002
        3.086855215E-005        1.440668274E-003        1.036964769E-001
        1.047759328E-005        4.895265004E-004        1.036954750E-001
       -9.882428601E-006       -4.606589259E-004        1.036954624E-001
        1.577908559E-012        8.298270701E-004        2.796118849E-002
        1.551358942E-013        2.819983359E-004        2.795939137E-002
       -1.268043555E-012       -2.652260265E-004        2.795936481E-002
        2.154480326E-012        1.160981789E-003        6.091001095E-002
       -6.659318390E-014        3.951044762E-004        6.090882061E-002
       -2.287581181E-012       -3.707614219E-004        6.090880207E-002
        2.581951269E-012        1.433297929E-003        1.039007468E-001
       -4.316816599E-013        4.882053526E-004        1.038998444E-001
       -3.445376631E-012       -4.575243083E-004        1.038998279E-001
       -3.962233664E-005        8.172904635E-004        2.770155476E-002
       -1.355904758E-005        2.788156581E-004        2.769991342E-002
        1.259058188E-005       -2.604575003E-004        2.769988928E-002
       -3.701206763E-005        1.163248783E-003        6.066567585E-002
       -1.258867926E-005        3.958500483E-004        6.066447227E-002
        1.182593947E-005       -3.715132094E-004        6.066445275E-002
       -3.086854700E-005        1.440668275E-003        1.036964771E-001
       -1.047759415E-005        4.895265014E-004        1.036954751E-001
        9.882421706E-006       -4.606589256E-004        1.036954625E-001
       -1.259058442E-005       -2.604575004E-004        2.769988922E-002
       -3.901238181E-005       -8.020682497E-004        2.770146531E-002
       -6.518758834E-005       -1.341380579E-003        2.770465500E-002
       -1.182594406E-005       -3.715132097E-004        6.066445267E-002
       -3.621330612E-005       -1.138744130E-003        6.066561965E-002
       -6.062580619E-005       -1.906076824E-003        6.066797243E-002
       -9.882428601E-006       -4.606589259E-004        1.036954624E-001
       -3.013746554E-005       -1.408216801E-003        1.036964403E-001
       -5.048019781E-005       -2.358529961E-003        1.036983994E-001
       -1.268043555E-012       -2.652260265E-004        2.795936481E-002
       -2.692606888E-012       -8.112262745E-004        2.796111082E-002
       -4.115892910E-012       -1.358965875E-003        2.796462152E-002
       -2.287581181E-012       -3.707614219E-004        6.090880207E-002
       -4.508335151E-012       -1.136598995E-003        6.090995469E-002
       -6.729270878E-012       -1.902469524E-003        6.091227916E-002
       -3.445376631E-012       -4.575243083E-004        1.038998279E-001
       -6.459274153E-012       -1.404427251E-003        1.039006997E-001
       -9.472967890E-012       -2.349495756E-003        1.039024637E-001
        1.259058188E-005       -2.604575003E-004        2.769988928E-002
        3.901237643E-005       -8.020682502E-004        2.770146536E-002
        6.518758011E-005       -1.341380580E-003        2.770465506E-002
        1.182593947E-005       -3.715132094E-004        6.066445275E-002
        3.621329709E-005       -1.138744130E-003        6.066561974E-002
        6.062579272E-005       -1.906076825E-003        6.066797252E-002
        9.882421706E-006       -4.606589256E-004        1.036954625E-001
        3.013745262E-005       -1.408216802E-003        1.036964404E-001
        5.048017886E-005       -2.358529962E-003        1.036983995E-001
        3.086855215E-005        1.440668274E-003        1.036964769E-001
        1.047759328E-005        4.895265004E-004        1.036954750E-001
       -9.882428601E-006       -4.606589259E-004        1.036954624E-001
        2.176286574E-005        1.649738224E-003        1.547807085E-001
        7.409293829E-006        5.614168087E-004        1.547799752E-001
       -6.947407224E-006       -5.268633849E-004        1.547799642E-001
        1.415894514E-005        1.799971342E-003        2.118859474E-001
        4.828130448E-006        6.132525355E-004        2.118854775E-001
       -4.513253867E-006       -5.743318482E-004        2.118854629E-001
        2.581951269E-012        1.433297929E-003        1.039007468E-001
       -4.316816599E-013        4.882053526E-004        1.038998444E-001
       -3.445376631E-012       -4.575243083E-004        1.038998279E-001
        3.005569607E-012        1.648651730E-003        1.549242075E-001
       -8.571401501E-013        5.610705912E-004        1.549234650E-001
       -4.719661858E-012       -5.265020416E-004        1.549234533E-001
        2.982924548E-012        1.802065259E-003        2.119791346E-001
       -1.461449859E-012        6.128720446E-004        2.119786187E-001
       -5.905383098E-012       -5.756752786E-004        2.119786141E-001
       -3.086854700E-005        1.440668275E-003        1.036964771E-001
       -1.047759415E-005        4.895265014E-004        1.036954751E-001
        9.882421706E-006       -4.606589256E-004        1.036954625E-001
       -2.176285973E-005        1.649738226E-003        1.547807086E-001
       -7.409295544E-006        5.614168097E-004        1.547799753E-001
        6.947397783E-006       -5.268633845E-004        1.547799643E-001
       -1.415893917E-005        1.799971343E-003        2.118859476E-001
       -4.828133368E-006        6.132525364E-004        2.118854777E-001
        4.513242056E-006       -5.743318477E-004        2.118854630E-001
       -9.882428601E-006       -4.606589259E-004        1.036954624E-001
       -3.013746554E-005       -1.408216801E-003        1.036964403E-001
       -5.048019781E-005       -2.358529961E-003        1.036983994E-001
       -6.947407224E-006       -5.268633849E-004        1.547799642E-001
       -2.131468674E-005       -1.615032636E-003        1.547806733E-001
       -3.567307915E-005       -2.703320636E-003        1.547821037E-001
       -4.513253867E-006       -5.743318482E-004        2.118854629E-001
       -1.389179573E-005       -1.764157592E-003        2.118859188E-001
       -2.324052299E-005       -2.951487755E-003        2.118868481E-001
       -3.445376631E-012       -4.575243083E-004        1.038998279E-001
       -6.459274153E-012       -1.404427251E-003        1.039006997E-001
       -9.472967890E-012       -2.349495756E-003        1.039024637E-001
       -4.719661858E-012       -5.265020416E-004        1.549234533E-001
       -8.581586529E-012       -1.614036161E-003        1.549241730E-001
       -1.244402660E-011       -2.701594684E-003        1.549256237E-001
       -5.905383098E-012       -5.756752786E-004        2.119786141E-001
       -1.034791543E-011       -1.763049492E-003        2.119791126E-001
       -1.479169657E-011       -2.952284050E-003        2.119801144E-001
        9.882421706E-006       -4.606589256E-004        1.036954625E-001
        3.013745262E-005       -1.408216802E-003        1.036964404E-001
        5.048017886E-005       -2.358529962E-003        1.036983995E-001
        6.947397783E-006       -5.268633845E-004        1.547799643E-001
        2.131466957E-005       -1.615032637E-003        1.547806735E-001
        3.567305425E-005       -2.703320637E-003        1.547821038E-001
        4.513242056E-006       -5.743318477E-004        2.118854630E-001
        1.389177503E-005       -1.764157592E-003        2.118859190E-001
        2.324049339E-005       -2.951487755E-003        2.118868483E-001
        1.415894514E-005        1.799971342E-003        2.118859474E-001
        4.828130448E-006        6.132525355E-004        2.118854775E-001
       -4.513253867E-006       -5.743318482E-004        2.118854629E-001
        7.280099368E-006        1.893577707E-003        2.730068017E-001
        2.478204843E-006        6.443964567E-004        2.730065621E-001
       -2.324393860E-006       -6.047406910E-004        2.730065540E-001
        4.182406040E-006        1.925432892E-003        3.361287715E-001
        1.397998347E-006        6.545780695E-004        3.361287695E-001
       -1.354962193E-006       -6.153786663E-004        3.361288103E-001
        2.982924548E-012        1.802065259E-003        2.119791346E-001
       -1.461449859E-012        6.128720446E-004        2.119786187E-001
       -5.905383098E-012       -5.756752786E-004        2.119786141E-001
        2.202981912E-012        1.892211764E-003        2.730548153E-001
       -2.319425577E-012        6.439635510E-004        2.730545675E-001
       -6.841699564E-012       -6.042782993E-004        2.730545655E-001
        1.164903709E-012        1.923373753E-003        3.361569539E-001
       -3.258996458E-012        6.549533004E-004        3.361570242E-001
       -7.683160561E-012       -6.140727420E-004        3.361570068E-001
       -1.415893917E-005        1.799971343E-003        2.118859476E-001
       -4.828133368E-006        6.132525364E-004        2.118854777E-001
        4.513242056E-006       -5.743318477E-004        2.118854630E-001
       -7.280094961E-006        1.893577708E-003        2.730068018E-001
       -2.478209481E-006        6.443964573E-004        2.730065622E-001
        2.324380177E-006       -6.047406903E-004        2.730065542E-001
       -4.182403712E-006        1.925432893E-003        3.361287717E-001
       -1.398004867E-006        6.545780702E-004        3.361287697E-001
        1.354946826E-006       -6.153786656E-004        3.361288105E-001
       -4.513253867E-006       -5.743318482E-004        2.118854629E-001
       -1.389179573E-005       -1.764157592E-003        2.118859188E-001
       -2.324052299E-005       -2.951487755E-003        2.118868481E-001
       -2.324393860E-006       -6.047406910E-004        2.730065540E-001
       -7.129953291E-006       -1.853740188E-003        2.730067900E-001
       -1.193335647E-005       -3.102866509E-003        2.730072678E-001
       -1.354962193E-006       -6.153786663E-004        3.361288103E-001
       -4.011428470E-006       -1.883017661E-003        3.361287825E-001
       -6.758642115E-006       -3.153246173E-003        3.361286982E-001
       -5.905383098E-012       -5.756752786E-004        2.119786141E-001
       -1.034791543E-011       -1.763049492E-003        2.119791126E-001
       -1.479169657E-011       -2.952284050E-003        2.119801144E-001
       -6.841699564E-012       -6.042782993E-004        2.730545655E-001
       -1.136355796E-011       -1.852494299E-003        2.730548033E-001
       -1.588579321E-011       -3.100728606E-003        2.730552830E-001
       -7.683160561E-012       -6.140727420E-004        3.361570068E-001
       -1.210813267E-011       -1.884120319E-003        3.361569569E-001
       -1.653236450E-011       -3.152423541E-003        3.361568596E-001
        4.513242056E-006       -5.743318477E-004        2.118854630E-001
        1.389177503E-005       -1.764157592E-003        2.118859190E-001
        2.324049339E-005       -2.951487755E-003        2.118868483E-001
        2.324380177E-006       -6.047406903E-004        2.730065542E-001
        7.129930562E-006       -1.853740188E-003        2.730067902E-001
        1.193332469E-005       -3.102866508E-003        2.730072680E-001
        1.354946826E-006       -6.153786656E-004        3.361288105E-001
        4.011404256E-006       -1.883017660E-003        3.361287827E-001
        6.758609054E-006       -3.153246172E-003        3.361286983E-001
VECTORS  ElectricDisplacements double
        0.000000000E+000        0.000000000E+000        0.000000000E+000
        0.000000000E+000        0.000000000E+000        0.000000000E+000
        0.000000000E+000        0.000000000E+000        0.000000000E+000
        0.000000000E+000        0.000000000E+000        0.000000000E+000
        0.000000000E+000        0.000000000E+000        0.000000000E+000
        0.000000000E+000        0.000000000E+000        0.000000000E+000
        0.000000000E+000        0.000000000E+000        0.000000000E+000
        0.000000000E+000        0.000000000E+000        0.000000000E+000
        0.000000000E+000        0.000000000E+000        0.000000000E+000
        0.000000000E+000        0.000000000E+000        0.000000000E+000
        0.000000000E+000        0.000000000E+000        0.000000000E+000
        0.000000000E+000        0.000000000E+000        0.000000000E+000
        0.000000000E+000        0.000000000E+000        0.000000000E+000
        0.000000000E+000        0.000000000E+000        0.000000000E+000
        0.000000000E+000        0.000000000E+000        0.000000000E+000
        0.000000000E+000        0.000000000E+000        0.000000000E+000
        0.000000000E+000        0.000000000E+000        0.000000000E+000
        0.000000000E+000        0.000000000E+000        0.000000000E+000
        0.000000000E+000        0.000000000E+000        0.000000000E+000
        0.000000000E+000        0.000000000E+000        0.000000000E+000
        0.000000000E+000        0.000000000E+000        0.000000000E+000
        0.000000000E+000        0.000000000E+000        0.000000000E+000
        0.000000000E+000        0.000000000E+000        0.000000000E+000
        0.000000000E+000        0.000000000E+000        0.000000000E+000
        0.000000000E+000        0.000000000E+000        0.000000000E+000
        0.000000000E+000        0.000000000E+000        0.000000000E+000
        0.000000000E+000        0.000000000E+000        0.000000000E+000
        0.000000000E+000        0.000000000E+000        0.000000000E+000
        0.000000000E+000        0.000000000E+000        0.000000000E+000
        0.000000000E+000        0.000000000E+000        0.000000000E+000
        0.000000000E+000        0.000000000E+000        0.000000000E+000
        0.000000000E+000        0.000000000E+000        0.000000000E+000
        0.000000000E+000        0.000000000E+000        0.000000000E+000
        0.000000000E+000        0.000000000E+000        0.000000000E+000
        0.000000000E+000        0.000000000E+000        0.000000000E+000
        0.000000000E+000        0.000000000E+000        0.000000000E+000
        0.000000000E+000        0.000000000E+000        0.000000000E+000
        0.000000000E+000        0.000000000E+000        0.000000000E+000
        0.000000000E+000        0.000000000E+000        0.000000000E+000
        0.000000000E+000        0.000000000E+000        0.000000000E+000
        0.000000000E+000        0.000000000E+000        0.000000000E+000
        0.000000000E+000        0.000000000E+000        0.000000000E+000
        0.000000000E+000        0.000000000E+000        0.000000000E+000
        0.000000000E+000        0.000000000E+000        0.000000000E+000
        0.000000000E+000        0.000000000E+000        0.000000000E+000
        0.000000000E+000        0.000000000E+000        0.000000000E+000
        0.000000000E+000        0.000000000E+000        0.000000000E+000
        0.000000000E+000        0.000000000E+000        0.000000000E+000
        0.000000000E+000        0.000000000E+000        0.000000000E+000
        0.000000000E+000        0.000000000E+000        0.000000000E+000
        0.000000000E+000        0.000000000E+000        0.000000000E+000
        0.000000000E+000        0.000000000E+000        0.000000000E+000
        0.000000000E+000        0.000000000E+000        0.000000000E+000
        0.000000000E+000        0.000000000E+000        0.000000000E+000
        0.000000000E+000        0.000000000E+000        0.000000000E+000
        0.000000000E+000        0.000000000E+000        0.000000000E+000
        0.000000000E+000        0.000000000E+000        0.000000000E+000
        0.000000000E+000        0.000000000E+000        0.000000000E+000
        0.000000000E+000        0.000000000E+000        0.000000000E+000
        0.000000000E+000        0.000000000E+000        0.000000000E+000
        0.000000000E+000        0.000000000E+000        0.000000000E+000
        0.000000000E+000        0.000000000E+000        0.000000000E+000
        0.000000000E+000        0.000000000E+000        0.000000000E+000
        0.000000000E+000        0.000000000E+000        0.000000000E+000
        0.000000000E+000        0.000000000E+000        0.000000000E+000
        0.000000000E+000        0.000000000E+000        0.000000000E+000
        0.000000000E+000        0.000000000E+000        0.000000000E+000
        0.000000000E+000        0.000000000E+000        0.000000000E+000
        0.000000000E+000        0.000000000E+000        0.000000000E+000
        0.000000000E+000        0.000000000E+000        0.000000000E+000
        0.000000000E+000        0.000000000E+000        0.000000000E+000
        0.000000000E+000        0.000000000E+000        0.000000000E+000
        0.000000000E+000        0.000000000E+000        0.000000000E+000
        0.000000000E+000        0.000000000E+000        0.000000000E+000
        0.000000000E+000        0.000000000E+000        0.000000000E+000
        0.000000000E+000        0.000000000E+000        0.000000000E+000
        0.000000000E+000        0.000000000E+000        0.000000000E+000
        0.000000000E+000        0.000000000E+000        0.000000000E+000
        0.000000000E+000        0.000000000E+000        0.000000000E+000
        0.000000000E+000        0.000000000E+000        0.000000000E+000
        0.000000000E+000        0.000000000E+000        0.000000000E+000
        0.000000000E+000        0.000000000E+000        0.000000000E+000
        0.000000000E+000        0.000000000E+000        0.000000000E+000
        0.000000000E+000        0.000000000E+000        0.000000000E+000
        0.000000000E+000        0.000000000E+000        0.000000000E+000
        0.000000000E+000        0.000000000E+000        0.000000000E+000
        0.000000000E+000        0.000000000E+000        0.000000000E+000
        0.000000000E+000        0.000000000E+000        0.000000000E+000
        0.000000000E+000        0.000000000E+000        0.000000000E+000
        0.000000000E+000        0.000000000E+000        0.000000000E+000
        0.000000000E+000        0.000000000E+000        0.000000000E+000
        0.000000000E+000        0.000000000E+000        0.000000000E+000
        0.000000000E+000        0.000000000E+000        0.000000000E+000
        0.000000000E+000        0.000000000E+000        0.000000000E+000
        0.000000000E+000        0.000000000E+000        0.000000000E+000
        0.000000000E+000        0.000000000E+000        0.000000000E+000
        0.000000000E+000        0.000000000E+000        0.000000000E+000
        0.000000000E+000        0.000000000E+000        0.000000000E+000
        0.000000000E+000        0.000000000E+000        0.000000000E+000
        0.000000000E+000        0.000000000E+000        0.000000000E+000
        0.000000000E+000        0.000000000E+000        0.000000000E+000
        0.000000000E+000        0.000000000E+000        0.000000000E+000
        0.000000000E+000        0.000000000E+000        0.000000000E+000
        0.000000000E+000        0.000000000E+000        0.000000000E+000
        0.000000000E+000        0.000000000E+000        0.000000000E+000
        0.000000000E+000        0.000000000E+000        0.000000000E+000
        0.000000000E+000        0.000000000E+000        0.000000000E+000
        0.000000000E+000        0.000000000E+000        0.000000000E+000
        0.000000000E+000        0.000000000E+000        0.000000000E+000
        0.000000000E+000        0.000000000E+000        0.000000000E+000
        0.000000000E+000        0.000000000E+000        0.000000000E+000
        0.000000000E+000        0.000000000E+000        0.000000000E+000
        0.000000000E+000        0.000000000E+000        0.000000000E+000
        0.000000000E+000        0.000000000E+000        0.000000000E+000
        0.000000000E+000        0.000000000E+000        0.000000000E+000
        0.000000000E+000        0.000000000E+000        0.000000000E+000
        0.000000000E+000        0.000000000E+000        0.000000000E+000
        0.000000000E+000        0.000000000E+000        0.000000000E+000
        0.000000000E+000        0.000000000E+000        0.000000000E+000
        0.000000000E+000        0.000000000E+000        0.000000000E+000
        0.000000000E+000        0.000000000E+000        0.000000000E+000
        0.000000000E+000        0.000000000E+000        0.000000000E+000
        0.000000000E+000        0.000000000E+000        0.000000000E+000
        0.000000000E+000        0.000000000E+000        0.000000000E+000
        0.000000000E+000        0.000000000E+000        0.000000000E+000
        0.000000000E+000        0.000000000E+000        0.000000000E+000
        0.000000000E+000        0.000000000E+000        0.000000000E+000
        0.000000000E+000        0.000000000E+000        0.000000000E+000
        0.000000000E+000        0.000000000E+000        0.000000000E+000
        0.000000000E+000        0.000000000E+000        0.000000000E+000
        0.000000000E+000        0.000000000E+000        0.000000000E+000
        0.000000000E+000        0.000000000E+000        0.000000000E+000
        0.000000000E+000        0.000000000E+000        0.000000000E+000
        0.000000000E+000        0.000000000E+000        0.000000000E+000
        0.000000000E+000        0.000000000E+000        0.000000000E+000
        0.000000000E+000        0.000000000E+000        0.000000000E+000
        0.000000000E+000        0.000000000E+000        0.000000000E+000
        0.000000000E+000        0.000000000E+000        0.000000000E+000
        0.000000000E+000        0.000000000E+000        0.000000000E+000
        0.000000000E+000        0.000000000E+000        0.000000000E+000
        0.000000000E+000        0.000000000E+000        0.000000000E+000
        0.000000000E+000        0.000000000E+000        0.000000000E+000
        0.000000000E+000        0.000000000E+000        0.000000000E+000
        0.000000000E+000        0.000000000E+000        0.000000000E+000
        0.000000000E+000        0.000000000E+000        0.000000000E+000
        0.000000000E+000        0.000000000E+000        0.000000000E+000
        0.000000000E+000        0.000000000E+000        0.000000000E+000
        0.000000000E+000        0.000000000E+000        0.000000000E+000
        0.000000000E+000        0.000000000E+000        0.000000000E+000
        0.000000000E+000        0.000000000E+000        0.000000000E+000
        0.000000000E+000        0.000000000E+000        0.000000000E+000
        0.000000000E+000        0.000000000E+000        0.000000000E+000
        0.000000000E+000        0.000000000E+000        0.000000000E+000
        0.000000000E+000        0.000000000E+000        0.000000000E+000
        0.000000000E+000        0.000000000E+000        0.000000000E+000
        0.000000000E+000        0.000000000E+000        0.000000000E+000
        0.000000000E+000        0.000000000E+000        0.000000000E+000
        0.000000000E+000        0.000000000E+000        0.000000000E+000
        0.000000000E+000        0.000000000E+000        0.000000000E+000
        0.000000000E+000        0.000000000E+000        0.000000000E+000
        0.000000000E+000        0.000000000E+000        0.000000000E+000
        0.000000000E+000        0.000000000E+000        0.000000000E+000
        0.000000000E+000        0.000000000E+000        0.000000000E+000
        0.000000000E+000        0.000000000E+000        0.000000000E+000
        0.000000000E+000        0.000000000E+000        0.000000000E+000
        0.000000000E+000        0.000000000E+000        0.000000000E+000
        0.000000000E+000        0.000000000E+000        0.000000000E+000
        0.000000000E+000        0.000000000E+000        0.000000000E+000
        0.000000000E+000        0.000000000E+000        0.000000000E+000
        0.000000000E+000        0.000000000E+000        0.000000000E+000
        0.000000000E+000        0.000000000E+000        0.000000000E+000
        0.000000000E+000        0.000000000E+000        0.000000000E+000
        0.000000000E+000        0.000000000E+000        0.000000000E+000
        0.000000000E+000        0.000000000E+000        0.000000000E+000
        0.000000000E+000        0.000000000E+000        0.000000000E+000
        0.000000000E+000        0.000000000E+000        0.000000000E+000
        0.000000000E+000        0.000000000E+000        0.000000000E+000
        0.000000000E+000        0.000000000E+000        0.000000000E+000
        0.000000000E+000        0.000000000E+000        0.000000000E+000
        0.000000000E+000        0.000000000E+000        0.000000000E+000
        0.000000000E+000        0.000000000E+000        0.000000000E+000
        0.000000000E+000        0.000000000E+000        0.000000000E+000
        0.000000000E+000        0.000000000E+000        0.000000000E+000
        0.000000000E+000        0.000000000E+000        0.000000000E+000
        0.000000000E+000        0.000000000E+000        0.000000000E+000
        0.000000000E+000        0.000000000E+000        0.000000000E+000
        0.000000000E+000        0.000000000E+000        0.000000000E+000
        0.000000000E+000        0.000000000E+000        0.000000000E+000
        0.000000000E+000        0.000000000E+000        0.000000000E+000
        0.000000000E+000        0.000000000E+000        0.000000000E+000
        0.000000000E+000        0.000000000E+000        0.000000000E+000
        0.000000000E+000        0.000000000E+000        0.000000000E+000
        0.000000000E+000        0.000000000E+000        0.000000000E+000
        0.000000000E+000        0.000000000E+000        0.000000000E+000
        0.000000000E+000        0.000000000E+000        0.000000000E+000
        0.000000000E+000        0.000000000E+000        0.000000000E+000
        0.000000000E+000        0.000000000E+000        0.000000000E+000
        0.000000000E+000        0.000000000E+000        0.000000000E+000
        0.000000000E+000        0.000000000E+000        0.000000000E+000
        0.000000000E+000        0.000000000E+000        0.000000000E+000
        0.000000000E+000        0.000000000E+000        0.000000000E+000
        0.000000000E+000        0.000000000E+000        0.000000000E+000
        0.000000000E+000        0.000000000E+000        0.000000000E+000
        0.000000000E+000        0.000000000E+000        0.000000000E+000
        0.000000000E+000        0.000000000E+000        0.000000000E+000
        0.000000000E+000        0.000000000E+000        0.000000000E+000
        0.000000000E+000        0.000000000E+000        0.000000000E+000
        0.000000000E+000        0.000000000E+000        0.000000000E+000
        0.000000000E+000        0.000000000E+000        0.000000000E+000
        0.000000000E+000        0.000000000E+000        0.000000000E+000
        0.000000000E+000        0.000000000E+000        0.000000000E+000
        0.000000000E+000        0.000000000E+000        0.000000000E+000
        0.000000000E+000        0.000000000E+000        0.000000000E+000
        0.000000000E+000        0.000000000E+000        0.000000000E+000
        0.000000000E+000        0.000000000E+000        0.000000000E+000
        0.000000000E+000        0.000000000E+000        0.000000000E+000
        VECTORS SHEAR double
        1.283389364E+009        0.000000000E+000       -2.131042022E+008
        4.112116317E+008        0.000000000E+000       -4.698351006E+008
       -4.285840664E+008        0.000000000E+000       -6.787052511E+008
        1.060377870E+008        0.000000000E+000        3.006475223E+007
        3.706953196E+007        0.000000000E+000        6.070147476E+007
       -3.340923593E+007        0.000000000E+000        8.317730063E+007
       -2.905661034E+008        0.000000000E+000       -8.068189823E+007
       -1.024687700E+008        0.000000000E+000       -1.465629332E+008
        9.144193578E+007        0.000000000E+000       -1.962977729E+008
        5.154528277E+000        0.000000000E+000        1.228954041E+008
        1.717560149E+000        0.000000000E+000        2.237902121E+008
       -1.672930579E+000        0.000000000E+000        3.712950077E+008
        1.633537633E+001        0.000000000E+000       -1.253766372E+007
        5.476959014E+000        0.000000000E+000       -1.076089326E+007
       -5.337091111E+000        0.000000000E+000       -1.693260066E+007
        1.200438138E+001        0.000000000E+000        7.135182978E+007
        4.037233087E+000        0.000000000E+000        9.855287664E+007
       -3.902186427E+000        0.000000000E+000        1.452741532E+008
       -1.283389354E+009        0.000000000E+000       -2.131042001E+008
       -4.112116287E+008        0.000000000E+000       -4.698350961E+008
        4.285840627E+008        0.000000000E+000       -6.787052441E+008
       -1.060377542E+008        0.000000000E+000        3.006475307E+007
       -3.706952092E+007        0.000000000E+000        6.070147717E+007
        3.340922529E+007        0.000000000E+000        8.317730453E+007
        2.905661271E+008        0.000000000E+000       -8.068189652E+007
        1.024687779E+008        0.000000000E+000       -1.465629298E+008
       -9.144194365E+007        0.000000000E+000       -1.962977676E+008
       -1.489839850E+008        0.000000000E+000       -5.220497363E+008
       -4.113835371E+008        0.000000000E+000       -2.974975632E+008
       -7.061854116E+008        0.000000000E+000       -5.647108722E+007
       -1.161368677E+007        0.000000000E+000        5.956964925E+007
       -3.709109935E+007        0.000000000E+000        3.440183055E+007
       -6.104861370E+007        0.000000000E+000        6.462832135E+006
        3.178695863E+007        0.000000000E+000       -1.288820217E+008
        1.025212325E+008        0.000000000E+000       -7.382969812E+007
        1.674023318E+008        0.000000000E+000       -1.328874644E+007
       -5.815425590E-001        0.000000000E+000        2.860198211E+008
       -1.723864130E+000        0.000000000E+000        1.537292096E+008
       -2.910376668E+000        0.000000000E+000        3.762969477E+007
       -1.855274529E+000        0.000000000E+000       -7.670035912E+006
       -5.567997405E+000        0.000000000E+000       -4.095624380E+006
       -9.325456457E+000        0.000000000E+000       -3.277565384E+006
       -1.356474232E+000        0.000000000E+000        9.476044467E+007
       -4.098242530E+000        0.000000000E+000        5.443880411E+007
       -6.867072802E+000        0.000000000E+000        2.084787129E+007
        1.489839837E+008        0.000000000E+000       -5.220497308E+008
        4.113835336E+008        0.000000000E+000       -2.974975602E+008
        7.061854058E+008        0.000000000E+000       -5.647108658E+007
        1.161368308E+007        0.000000000E+000        5.956965262E+007
        3.709108819E+007        0.000000000E+000        3.440183241E+007
        6.104859501E+007        0.000000000E+000        6.462832449E+006
       -3.178696136E+007        0.000000000E+000       -1.288820176E+008
       -1.025212406E+008        0.000000000E+000       -7.382969584E+007
       -1.674023454E+008        0.000000000E+000       -1.328874593E+007
        1.929454499E+008        0.000000000E+000        5.896779281E+007
        6.573508115E+007        0.000000000E+000        9.388211391E+007
       -6.289239535E+007        0.000000000E+000        1.242710752E+008
       -1.452126479E+008        0.000000000E+000       -3.202282697E+006
       -4.818061302E+007        0.000000000E+000        9.821453974E+006
        4.762300680E+007        0.000000000E+000        2.129456890E+007
        9.220825709E+007        0.000000000E+000        5.910319747E+007
        3.106081496E+007        0.000000000E+000        8.138076684E+007
       -3.075253406E+007        0.000000000E+000        1.022148428E+008
        1.659677253E+001        0.000000000E+000       -3.926052540E+007
        5.557814799E+000        0.000000000E+000       -3.812927420E+007
       -5.428982174E+000        0.000000000E+000       -4.700255399E+007
        1.487617481E+001        0.000000000E+000        8.197958265E+006
        4.998331414E+000        0.000000000E+000        1.220581908E+007
       -4.844491710E+000        0.000000000E+000        1.591734622E+007
        1.638634420E+001        0.000000000E+000       -1.633015437E+007
        5.508611596E+000        0.000000000E+000       -1.196564572E+007
       -5.323958982E+000        0.000000000E+000       -1.355947113E+007
       -1.929454165E+008        0.000000000E+000        5.896779349E+007
       -6.573506991E+007        0.000000000E+000        9.388211632E+007
        6.289238453E+007        0.000000000E+000        1.242710792E+008
        1.452126776E+008        0.000000000E+000       -3.202281641E+006
        4.818062302E+007        0.000000000E+000        9.821456499E+006
       -4.762301647E+007        0.000000000E+000        2.129457291E+007
       -9.220822426E+007        0.000000000E+000        5.910319824E+007
       -3.106080390E+007        0.000000000E+000        8.138076931E+007
        3.075252344E+007        0.000000000E+000        1.022148469E+008
       -2.186259458E+007        0.000000000E+000        7.407167598E+007
       -6.576469414E+007        0.000000000E+000        4.222075414E+007
       -1.082078743E+008        0.000000000E+000        8.789480489E+006
        1.655466427E+007        0.000000000E+000        2.598772164E+007
        4.816912521E+007        0.000000000E+000        1.399975651E+007
        8.100261941E+007        0.000000000E+000        1.485802795E+006
       -1.069016660E+007        0.000000000E+000        5.400649964E+007
       -3.104983970E+007        0.000000000E+000        3.274882852E+007
       -5.070761359E+007        0.000000000E+000        1.091384889E+007
       -1.887217808E+000        0.000000000E+000       -1.837025257E+007
       -5.649689022E+000        0.000000000E+000       -1.280437040E+007
       -9.464721340E+000        0.000000000E+000       -1.063735938E+007
       -1.684037594E+000        0.000000000E+000        9.923800093E+006
       -5.072439740E+000        0.000000000E+000        6.126408915E+006
       -8.495951669E+000        0.000000000E+000        2.206599947E+006
       -1.850709551E+000        0.000000000E+000       -4.759291797E+005
       -5.569184320E+000        0.000000000E+000       -8.695476458E+005
       -9.333131501E+000        0.000000000E+000       -3.254816373E+006
        2.186259081E+007        0.000000000E+000        7.407167964E+007
        6.576468279E+007        0.000000000E+000        4.222075614E+007
        1.082078553E+008        0.000000000E+000        8.789480789E+006
       -1.655466763E+007        0.000000000E+000        2.598772494E+007
       -4.816913534E+007        0.000000000E+000        1.399975834E+007
       -8.100263638E+007        0.000000000E+000        1.485803145E+006
        1.069016291E+007        0.000000000E+000        5.400650334E+007
        3.104982854E+007        0.000000000E+000        3.274883054E+007
        5.070759490E+007        0.000000000E+000        1.091384921E+007
       -1.882156096E+008        0.000000000E+000       -2.435292372E+007
       -6.178692832E+007        0.000000000E+000       -8.169054242E+006
        6.258898972E+007        0.000000000E+000        5.484023531E+006
       -7.515281835E+007        0.000000000E+000        1.496265101E+007
       -2.494975967E+007        0.000000000E+000        2.966127591E+007
        2.434426231E+007        0.000000000E+000        4.303691256E+007
       -1.459751649E+008        0.000000000E+000       -7.343249546E+006
       -4.764956929E+007        0.000000000E+000        1.058850567E+007
        4.868417650E+007        0.000000000E+000        2.599096595E+007
        1.677041186E+001        0.000000000E+000        1.195484877E+007
        5.640103320E+000        0.000000000E+000        1.334897897E+007
       -5.444601050E+000        0.000000000E+000        1.535980915E+007
        1.500376063E+001        0.000000000E+000       -1.727117051E+006
        5.043056851E+000        0.000000000E+000        2.947529855E+006
       -4.876763421E+000        0.000000000E+000        5.705068014E+006
        6.387965477E+000        0.000000000E+000        1.568118686E+007
        2.136187349E+000        0.000000000E+000        1.692029358E+007
       -2.097979082E+000        0.000000000E+000        1.794830641E+007
        1.882156432E+008        0.000000000E+000       -2.435292236E+007
        6.178693964E+007        0.000000000E+000       -8.169051130E+006
       -6.258900058E+007        0.000000000E+000        5.484028379E+006
        7.515284838E+007        0.000000000E+000        1.496265199E+007
        2.494976978E+007        0.000000000E+000        2.966127849E+007
       -2.434427205E+007        0.000000000E+000        4.303691672E+007
        1.459751777E+008        0.000000000E+000       -7.343248995E+006
        4.764957359E+007        0.000000000E+000        1.058850685E+007
       -4.868418067E+007        0.000000000E+000        2.599096775E+007
        2.175712500E+007        0.000000000E+000        2.812702206E+007
        6.177510116E+007        0.000000000E+000        1.357815750E+007
        1.038184953E+008        0.000000000E+000       -1.725030189E+006
        8.462529279E+006        0.000000000E+000        3.177351816E+007
        2.496238098E+007        0.000000000E+000        1.798415577E+007
        4.237673453E+007        0.000000000E+000        3.702641704E+006
        1.692354707E+007        0.000000000E+000        3.567276439E+007
        4.762013843E+007        0.000000000E+000        1.934959458E+007
        8.028944832E+007        0.000000000E+000        2.326812978E+006
       -1.892646886E+000        0.000000000E+000        5.939238768E+006
       -5.702346346E+000        0.000000000E+000        4.172067230E+006
       -9.557187743E+000        0.000000000E+000        2.540772855E+006
       -1.695255856E+000        0.000000000E+000        7.201139192E+006
       -5.102733334E+000        0.000000000E+000        3.808626741E+006
       -8.551335015E+000        0.000000000E+000       -2.324924395E+005
       -7.292974905E-001        0.000000000E+000        6.580255519E+006
       -2.184735158E+000        0.000000000E+000        5.530255606E+006
       -3.657313170E+000        0.000000000E+000        4.318144520E+006
       -2.175712877E+007        0.000000000E+000        2.812702597E+007
       -6.177511257E+007        0.000000000E+000        1.357815967E+007
       -1.038185145E+008        0.000000000E+000       -1.725029756E+006
       -8.462532666E+006        0.000000000E+000        3.177352169E+007
       -2.496239119E+007        0.000000000E+000        1.798415772E+007
       -4.237675164E+007        0.000000000E+000        3.702642052E+006
       -1.692354852E+007        0.000000000E+000        3.567276579E+007
       -4.762014280E+007        0.000000000E+000        1.934959537E+007
       -8.028945564E+007        0.000000000E+000        2.326813142E+006
       -4.847312846E+007        0.000000000E+000        1.526569472E+007
       -1.666871505E+007        0.000000000E+000        2.547684274E+007
        1.505913434E+007        0.000000000E+000        3.534976728E+007
       -9.135027090E+007        0.000000000E+000        7.495633852E+006
       -2.999990962E+007        0.000000000E+000        2.359144515E+007
        3.006878195E+007        0.000000000E+000        3.774439384E+007
        4.510072389E+007        0.000000000E+000        6.123969996E+006
        1.406718561E+007        0.000000000E+000        8.098085517E+006
       -1.557383932E+007        0.000000000E+000        1.018478400E+007
        6.533924083E+000        0.000000000E+000       -5.304924395E+006
        2.190787431E+000        0.000000000E+000        2.049344903E+006
       -2.133783024E+000        0.000000000E+000        6.654114942E+006
       -1.846670613E+000        0.000000000E+000        2.304640521E+006
       -6.119938504E-001        0.000000000E+000        5.747824319E+006
        6.126538729E-001        0.000000000E+000        7.882030520E+006
       -3.104125931E-001        0.000000000E+000        3.440201418E+006
       -1.071935008E-001        0.000000000E+000        1.492030158E+007
        9.711686583E-002        0.000000000E+000        2.277347409E+007
        4.847314150E+007        0.000000000E+000        1.526569518E+007
        1.666871940E+007        0.000000000E+000        2.547684401E+007
       -1.505913863E+007        0.000000000E+000        3.534976936E+007
        9.135026720E+007        0.000000000E+000        7.495633665E+006
        2.999990839E+007        0.000000000E+000        2.359144463E+007
       -3.006878072E+007        0.000000000E+000        3.774439300E+007
       -4.510072455E+007        0.000000000E+000        6.123970062E+006
       -1.406718586E+007        0.000000000E+000        8.098085748E+006
        1.557383948E+007        0.000000000E+000        1.018478438E+007
        5.234841937E+006        0.000000000E+000        2.280836549E+007
        1.667807461E+007        0.000000000E+000        1.301722348E+007
        2.820720277E+007        0.000000000E+000        2.730859706E+006
        1.045248135E+007        0.000000000E+000        3.322491680E+007
        2.999331118E+007        0.000000000E+000        1.838482011E+007
        5.081459042E+007        0.000000000E+000        2.974998323E+006
       -5.413763192E+006        0.000000000E+000        5.047944749E+006
       -1.404785957E+007        0.000000000E+000        3.416892088E+006
       -2.407506423E+007        0.000000000E+000        9.897097881E+005
       -7.417435252E-001        0.000000000E+000        1.070553084E+007
       -2.226419200E+000        0.000000000E+000        5.122644332E+006
       -3.730277812E+000        0.000000000E+000       -1.256277819E+006
        2.129701558E-001        0.000000000E+000        6.313860386E+006
        6.280185062E-001        0.000000000E+000        3.774681207E+006
        1.053225837E+000        0.000000000E+000        7.369496358E+005
        3.375967241E-002        0.000000000E+000        2.079732913E+007
        1.060169626E-001        0.000000000E+000        1.159072352E+007
        1.767767450E-001        0.000000000E+000        1.463004188E+006
       -5.234843429E+006        0.000000000E+000        2.280836731E+007
       -1.667807907E+007        0.000000000E+000        1.301722447E+007
       -2.820721023E+007        0.000000000E+000        2.730859877E+006
       -1.045248092E+007        0.000000000E+000        3.322491608E+007
       -2.999330991E+007        0.000000000E+000        1.838481971E+007
       -5.081458829E+007        0.000000000E+000        2.974998256E+006
        5.413763249E+006        0.000000000E+000        5.047945100E+006
        1.404785978E+007        0.000000000E+000        3.416892278E+006
        2.407506458E+007        0.000000000E+000        9.897098171E+005
 SCALARS Sigma_XX double 1
 LOOKUP_TABLE default
        3.269017284E+009
        1.134888949E+009
       -1.025275152E+009
        5.427413863E+007
        8.360639246E+006
       -2.461780080E+007
       -8.327913037E+008
       -2.495218274E+008
        2.944235260E+008
        4.109706179E+009
        1.385195213E+009
       -1.320380690E+009
       -2.438351548E+008
       -7.827537782E+007
        8.027704635E+007
        6.515838179E+007
       -3.245900722E+006
       -3.535967666E+007
        3.269017315E+009
        1.134888960E+009
       -1.025275159E+009
        5.427413527E+007
        8.360638028E+006
       -2.461779996E+007
       -8.327912975E+008
       -2.495218260E+008
        2.944235232E+008
       -3.564051719E+008
       -1.134707752E+009
       -1.886969612E+009
       -8.959592834E+006
       -8.239867037E+006
       -2.046090050E+007
        9.978834804E+007
        2.476753431E+008
        4.349423574E+008
       -4.589894779E+008
       -1.385255629E+009
       -2.330458964E+009
        2.802929470E+007
        7.817956529E+007
        1.353342376E+008
       -1.145752011E+007
        4.199902553E+006
       -1.640685236E+007
       -3.564051744E+008
       -1.134707761E+009
       -1.886969627E+009
       -8.959592549E+006
       -8.239866112E+006
       -2.046089886E+007
        9.978834708E+007
        2.476753412E+008
        4.349423539E+008
        5.688559248E+008
        1.477237293E+008
       -2.176212415E+008
       -9.721511622E+007
       -2.212203391E+007
        3.936166810E+007
        1.969362848E+008
        2.680028512E+007
       -9.249165315E+007
       -1.754565975E+008
       -3.914139511E+007
        6.593778868E+007
        3.621873087E+007
        6.584280271E+006
       -1.424656198E+007
       -1.734337303E+008
       -3.355504223E+007
        6.738009976E+007
        5.688559185E+008
        1.477237273E+008
       -2.176212395E+008
       -9.721511562E+007
       -2.212203378E+007
        3.936166788E+007
        1.969362858E+008
        2.680028580E+007
       -9.249165323E+007
       -7.820816636E+007
       -1.496605613E+008
       -2.769167471E+008
        1.394906297E+007
        2.218549083E+007
        4.404529172E+007
       -3.126860981E+007
       -2.519545466E+007
       -7.006333737E+007
        2.375540832E+007
        4.013652753E+007
        8.781033323E+007
       -5.061448379E+006
       -6.627329794E+006
       -1.700515530E+007
        2.326872814E+007
        3.277796691E+007
        8.123495943E+007
       -7.820816567E+007
       -1.496605595E+008
       -2.769167439E+008
        1.394906290E+007
        2.218549071E+007
        4.404529143E+007
       -3.126860985E+007
       -2.519545531E+007
       -7.006333815E+007
       -2.983831561E+008
       -5.660068593E+007
        1.302301683E+008
        5.012698266E+007
        6.530401831E+006
       -2.357834219E+007
       -1.071671048E+008
        2.415983786E+006
        5.955560391E+007
        6.304126283E+007
       -2.168381893E+006
       -3.165974039E+007
       -1.660970448E+007
        2.254022214E+005
        7.873943914E+006
        8.502353158E+007
        5.418112326E+006
       -3.628140528E+007
       -2.983831538E+008
       -5.660068551E+007
        1.302301674E+008
        5.012698060E+007
        6.530401275E+006
       -2.357834145E+007
       -1.071671068E+008
        2.415982862E+006
        5.955560440E+007
        4.615373766E+007
        5.790408127E+007
        1.246748183E+008
       -8.460070654E+006
       -6.610248347E+006
       -1.827157737E+007
        2.175428798E+007
       -3.278541340E+006
        2.424983616E+007
       -1.115940676E+007
        1.532281914E+006
       -2.155923145E+007
        2.851871268E+006
       -1.827023743E+005
        5.982204234E+006
       -1.333248627E+007
       -5.009396850E+006
       -3.462470313E+007
        4.615373733E+007
        5.790408089E+007
        1.246748174E+008
       -8.460070401E+006
       -6.610247800E+006
       -1.827157632E+007
        2.175428815E+007
       -3.278540466E+006
        2.424983743E+007
        1.653047094E+008
        1.248917267E+007
       -8.727273360E+007
       -2.446353894E+007
        4.580452253E+005
        1.228771985E+007
       -1.411280167E+008
       -7.319213991E+007
        4.434196495E+007
       -5.166739449E+007
        6.690654151E+006
        2.872225645E+007
        1.507015670E+007
       -2.010815412E+005
       -6.205575435E+006
       -2.019880681E+008
       -5.018228414E+007
        6.345612391E+007
        1.653047035E+008
        1.248917110E+007
       -8.727273150E+007
       -2.446353973E+007
        4.580449117E+005
        1.228772008E+007
       -1.411280153E+008
       -7.319213925E+007
        4.434196436E+007
       -2.928603887E+007
       -1.297451893E+007
       -4.982189461E+007
        5.488050747E+006
       -3.649753269E+005
        6.901465164E+006
        5.023255784E+006
        7.315222981E+007
        9.156819993E+007
        9.264024705E+006
       -6.487628631E+006
        1.414667813E+007
       -2.812232253E+006
        1.546532258E+005
       -6.160127188E+006
        2.796470247E+007
        5.023379619E+007
        1.107233913E+008
       -2.928603814E+007
       -1.297451744E+007
       -4.982189168E+007
        5.488050811E+006
       -3.649750175E+005
        6.901465654E+006
        5.023255725E+006
        7.315222916E+007
        9.156819905E+007
 SCALARS Sigma_YY double 1
 LOOKUP_TABLE default
        7.627706996E+009
        2.648074214E+009
       -2.392308688E+009
        7.693348129E+009
        2.595114972E+009
       -2.475188437E+009
        3.906881533E+009
        1.416064504E+009
       -1.175807008E+009
        9.589314419E+009
        3.232122163E+009
       -3.080888276E+009
        6.899807151E+009
        2.361066632E+009
       -2.196276436E+009
        6.152296745E+009
        2.041819489E+009
       -1.993278116E+009
        7.627707069E+009
        2.648074241E+009
       -2.392308705E+009
        7.693348127E+009
        2.595114974E+009
       -2.475188431E+009
        3.906881556E+009
        1.416064513E+009
       -1.175807013E+009
       -8.316120677E+008
       -2.647651422E+009
       -4.402929094E+009
       -8.608246235E+008
       -2.595067023E+009
       -4.357245270E+009
       -4.112917901E+008
       -1.417787817E+009
       -2.323165783E+009
       -1.070975448E+009
       -3.232263134E+009
       -5.437737582E+009
       -7.633440587E+008
       -2.361090151E+009
       -3.940233381E+009
       -6.920672632E+008
       -2.041032790E+009
       -3.465383380E+009
       -8.316120737E+008
       -2.647651443E+009
       -4.402929131E+009
       -8.608246215E+008
       -2.595067020E+009
       -4.357245265E+009
       -4.112917918E+008
       -1.417787823E+009
       -2.323165793E+009
        7.177391733E+009
        2.342970803E+009
       -2.370578132E+009
        4.919316220E+009
        1.699238735E+009
       -1.551649549E+009
        4.750873369E+009
        1.518671170E+009
       -1.591563208E+009
        5.590861793E+009
        1.958063335E+009
       -1.756917363E+009
        5.218145247E+009
        1.761629470E+009
       -1.673400132E+009
        3.789045218E+009
        1.346942802E+009
       -1.182696211E+009
        7.177391727E+009
        2.342970804E+009
       -2.370578126E+009
        4.919316222E+009
        1.699238736E+009
       -1.551649547E+009
        4.750873373E+009
        1.518671173E+009
       -1.591563207E+009
       -8.266169904E+008
       -2.344904928E+009
       -3.984170360E+009
       -5.391167410E+008
       -1.699207986E+009
       -2.828452424E+009
       -5.523744360E+008
       -1.516863962E+009
       -2.603498863E+009
       -6.099037635E+008
       -1.957180665E+009
       -3.222209947E+009
       -5.818148323E+008
       -1.761645163E+009
       -2.962977761E+009
       -4.112816085E+008
       -1.347759081E+009
       -2.196641414E+009
       -8.266169882E+008
       -2.344904924E+009
       -3.984170354E+009
       -5.391167404E+008
       -1.699207985E+009
       -2.828452424E+009
       -5.523744357E+008
       -1.516863963E+009
       -2.603498865E+009
        3.595128006E+009
        1.324068904E+009
       -1.071878958E+009
        3.167820772E+009
        1.053621608E+009
       -1.029442921E+009
        1.725515603E+009
        6.821373856E+008
       -4.847471917E+008
        4.340820202E+009
        1.420178343E+009
       -1.413789171E+009
        3.020775538E+009
        1.042120404E+009
       -9.583070319E+008
        2.221747579E+009
        7.007279194E+008
       -7.329829027E+008
        3.595128014E+009
        1.324068907E+009
       -1.071878959E+009
        3.167820766E+009
        1.053621607E+009
       -1.029442918E+009
        1.725515593E+009
        6.821373815E+008
       -4.847471892E+008
       -3.717222919E+008
       -1.322965045E+009
       -2.149109833E+009
       -3.581177574E+008
       -1.053639723E+009
       -1.780355012E+009
       -1.674557315E+008
       -6.832725766E+008
       -1.075330469E+009
       -4.916139233E+008
       -1.420665679E+009
       -2.436494526E+009
       -3.330110394E+008
       -1.042110765E+009
       -1.729412339E+009
       -2.555191973E+008
       -7.002299534E+008
       -1.232347496E+009
       -3.717222923E+008
       -1.322965046E+009
       -2.149109836E+009
       -3.581177564E+008
       -1.053639721E+009
       -1.780355008E+009
       -1.674557306E+008
       -6.832725727E+008
       -1.075330463E+009
        2.361283169E+009
        7.056414930E+008
       -8.273466459E+008
        9.565806605E+008
        3.479527679E+008
       -2.912987483E+008
        1.362137109E+008
       -3.275199909E+007
       -8.260189399E+007
        1.902802084E+009
        7.036971837E+008
       -5.813076920E+008
        1.058711880E+009
        3.471311010E+008
       -3.429031094E+008
       -9.463483632E+007
        1.635801223E+007
        4.168026671E+007
        2.361283151E+009
        7.056414874E+008
       -8.273466397E+008
        9.565806573E+008
        3.479527666E+008
       -2.912987475E+008
        1.362137159E+008
       -3.275199673E+007
       -8.260189537E+007
       -2.865498274E+008
       -7.058965244E+008
       -1.248164508E+009
       -1.000443882E+008
       -3.479322573E+008
       -5.651273165E+008
       -3.910484756E+007
        3.311026079E+007
       -1.406884921E+007
       -2.027940050E+008
       -7.036791609E+008
       -1.118547607E+009
       -1.198547083E+008
       -3.471421364E+008
       -5.960060636E+008
        2.039499972E+007
       -1.642050369E+007
        3.254795378E+007
       -2.865498253E+008
       -7.058965190E+008
       -1.248164498E+009
       -1.000443879E+008
       -3.479322561E+008
       -5.651273146E+008
       -3.910484790E+007
        3.311025856E+007
       -1.406885235E+007
 SCALARS Sigma_ZZ double 1
 LOOKUP_TABLE default
        3.269017284E+009
        1.134888949E+009
       -1.025275152E+009
       -2.653997454E+008
       -9.888020534E+007
        7.989877669E+007
       -1.135725198E+009
       -3.495372483E+008
        3.945371194E+008
        4.109706179E+009
        1.385195213E+009
       -1.320380690E+009
       -4.655564102E+008
       -1.536185859E+008
        1.506362682E+008
       -3.879747888E+008
       -1.543724751E+008
        1.127308861E+008
        3.269017315E+009
        1.134888960E+009
       -1.025275159E+009
       -2.653997496E+008
       -9.888020683E+007
        7.989877781E+007
       -1.135725196E+009
       -3.495372482E+008
        3.945371179E+008
       -3.564051719E+008
       -1.134707752E+009
       -1.886969612E+009
        2.683639180E+007
        9.933708199E+007
        1.595747902E+008
        1.311779032E+008
        3.447698436E+008
        6.005112084E+008
       -4.589894779E+008
       -1.385255629E+009
       -2.330458964E+009
        5.265211947E+007
        1.534249846E+008
        2.618800289E+008
        4.113381629E+007
        1.564300143E+008
        2.382314400E+008
       -3.564051744E+008
       -1.134707761E+009
       -1.886969627E+009
        2.683639218E+007
        9.933708319E+007
        1.595747924E+008
        1.311779027E+008
        3.447698430E+008
        6.005112070E+008
        2.659220305E+008
        4.770830843E+007
       -1.175076481E+008
       -6.167683928E+007
       -1.056376244E+007
        2.722326089E+007
        2.271778541E+008
        3.752623244E+007
       -1.002818247E+008
       -6.285897680E+008
       -1.902679695E+008
        2.140283514E+008
        8.427362471E+007
        2.273321729E+007
       -2.972025497E+007
       -4.556071187E+007
        8.070176651E+006
        2.375702211E+007
        2.659220203E+008
        4.770830521E+007
       -1.175076447E+008
       -6.167683809E+007
       -1.056376210E+007
        2.722326050E+007
        2.271778545E+008
        3.752623300E+007
       -1.002818245E+008
       -4.681861123E+007
       -5.256606076E+007
       -1.113478961E+008
        1.008445127E+007
        1.077894342E+007
        2.481448938E+007
       -3.279895440E+007
       -3.381056209E+007
       -8.674809368E+007
        7.634674472E+007
        1.923666393E+008
        3.424486256E+008
       -1.058582823E+007
       -2.282661411E+007
       -4.416166329E+007
        7.899344824E+006
       -9.670704806E+006
        1.072211329E+007
       -4.681861007E+007
       -5.256605774E+007
       -1.113478908E+008
        1.008445116E+007
        1.077894311E+007
        2.481448877E+007
       -3.279895438E+007
       -3.381056256E+007
       -8.674809415E+007
       -2.681415869E+008
       -4.587473861E+007
        1.224399968E+008
        4.606995285E+007
        5.447653609E+006
       -2.178790423E+007
       -1.004873831E+008
        1.854361185E+006
        5.141115688E+007
        1.909142812E+008
        3.945683699E+007
       -7.528281803E+007
       -2.934043678E+007
       -4.067807628E+006
        1.191716111E+007
        4.391609513E+007
       -6.729077966E+006
       -1.980982947E+007
       -2.681415850E+008
       -4.587473831E+007
        1.224399961E+008
        4.606995233E+007
        5.447653515E+006
       -2.178790409E+007
       -1.004873815E+008
        1.854361339E+006
        5.141115601E+007
        4.462339307E+007
        4.928897384E+007
        1.079900620E+008
       -8.189400047E+006
       -5.708775155E+006
       -1.663949247E+007
        2.032529062E+007
       -3.722783317E+006
        2.512519059E+007
       -2.652879008E+007
       -4.091638980E+007
       -9.207207759E+007
        4.410355090E+006
        4.187419911E+006
        1.326377408E+007
       -8.567157750E+006
        7.465075373E+006
       -1.410624625E+007
        4.462339280E+007
        4.928897363E+007
        1.079900614E+008
       -8.189400002E+006
       -5.708775121E+006
       -1.663949228E+007
        2.032529031E+007
       -3.722783644E+006
        2.512518985E+007
        1.719844311E+008
        1.192755007E+007
       -9.541718063E+007
       -1.891218713E+007
        5.230523772E+005
        6.843631910E+006
       -2.110375098E+007
       -1.550157580E+007
        4.071481240E+007
       -9.277483093E+007
       -5.456536141E+006
        4.519383225E+007
        1.073557848E+007
       -8.523700668E+005
       -3.196324646E+006
        6.877958677E+006
        1.208793231E+007
       -1.985348501E+007
        1.719844288E+008
        1.192754958E+007
       -9.541717989E+007
       -1.891218687E+007
        5.230524344E+005
        6.843631856E+006
       -2.110375058E+007
       -1.550157552E+007
        4.071481196E+007
       -3.071503623E+007
       -1.341876091E+007
       -4.894654018E+007
        5.217722452E+006
       -2.748342690E+005
        7.376291971E+006
       -1.009208598E+007
        1.550824235E+007
       -9.623595968E+006
        1.402935323E+007
        5.986843592E+006
        3.466513502E+007
       -2.639567400E+006
        6.671400790E+005
       -5.283601941E+006
        6.879555700E+006
       -1.135577202E+007
        7.610238926E+006
       -3.071503597E+007
       -1.341876062E+007
       -4.894653925E+007
        5.217722396E+006
       -2.748342470E+005
        7.376291978E+006
       -1.009208580E+007
        1.550824218E+007
       -9.623596095E+006
 SCALARS Sigma_XZ double 1
 LOOKUP_TABLE default
        0.000000000E+000
        0.000000000E+000
        0.000000000E+000
       -4.310536424E+006
       -7.820453388E+006
       -1.463311996E+007
       -1.833288574E+007
       -5.126023744E+007
       -7.923318303E+007
        0.000000000E+000
        0.000000000E+000
        0.000000000E+000
       -2.166539738E-002
       -6.205068510E-002
       -9.479925073E-002
       -9.687065990E-002
       -2.720644223E-001
       -4.126275900E-001
        0.000000000E+000
        0.000000000E+000
        0.000000000E+000
        4.310536454E+006
        7.820453442E+006
        1.463312006E+007
        1.833288587E+007
        5.126023768E+007
        7.923318344E+007
        0.000000000E+000
        0.000000000E+000
        0.000000000E+000
       -1.184022510E+007
       -6.150068919E+006
       -1.517831227E+006
       -6.710787697E+007
       -3.750539063E+007
       -6.206212788E+006
        0.000000000E+000
        0.000000000E+000
        0.000000000E+000
       -8.059137920E-002
       -4.533993907E-002
       -7.458996725E-003
       -3.477476168E-001
       -1.956457218E-001
       -3.202556761E-002
        0.000000000E+000
        0.000000000E+000
        0.000000000E+000
        1.184022518E+007
        6.150068957E+006
        1.517831237E+006
        6.710787728E+007
        3.750539079E+007
        6.206212829E+006
       -1.833288574E+007
       -5.126023744E+007
       -7.923318303E+007
        1.854310666E+006
        5.115260682E+006
        7.979913135E+006
        6.642792943E+006
        1.985109134E+007
        2.972278085E+007
       -9.687065990E-002
       -2.720644223E-001
       -4.126275900E-001
        1.566688513E-002
        4.315906606E-002
        6.560067995E-002
       -1.436687739E-002
       -4.203816782E-002
       -6.508559733E-002
        1.833288587E+007
        5.126023768E+007
        7.923318344E+007
       -1.854310689E+006
       -5.115260721E+006
       -7.979913202E+006
       -6.642792928E+006
       -1.985109130E+007
       -2.972278078E+007
       -6.710787697E+007
       -3.750539063E+007
       -6.206212788E+006
        6.754749488E+006
        3.770244747E+006
        6.290915704E+005
        2.531001975E+007
        1.426934444E+007
        2.228942858E+006
       -3.477476168E-001
       -1.956457218E-001
       -3.202556761E-002
        5.453168450E-002
        3.060743966E-002
        4.776534383E-003
       -5.331608303E-002
       -3.007440451E-002
       -5.053948384E-003
        6.710787728E+007
        3.750539079E+007
        6.206212829E+006
       -6.754749536E+006
       -3.770244772E+006
       -6.290915761E+005
       -2.531001970E+007
       -1.426934442E+007
       -2.228942853E+006
        6.642792943E+006
        1.985109134E+007
        2.972278085E+007
       -6.807442004E+005
       -1.988802220E+006
       -3.023698185E+006
       -2.203734705E+006
       -7.102853592E+006
       -1.019189292E+007
       -1.436687739E-002
       -4.203816782E-002
       -6.508559733E-002
        4.077164930E-002
        1.138832618E-001
        1.725193223E-001
        9.630603338E-002
        2.714546536E-001
        4.133573012E-001
       -6.642792928E+006
       -1.985109130E+007
       -2.972278078E+007
        6.807441449E+005
        1.988802125E+006
        3.023698021E+006
        2.203734579E+006
        7.102853374E+006
        1.019189255E+007
        2.531001975E+007
        1.426934444E+007
        2.228942858E+006
       -2.562470123E+006
       -1.445467521E+006
       -2.194231226E+005
       -8.796654979E+006
       -4.970419026E+006
       -8.079636497E+005
       -5.331608303E-002
       -3.007440451E-002
       -5.053948384E-003
        1.454788962E-001
        8.209988245E-002
        1.411433848E-002
        3.463163054E-001
        1.946108232E-001
        3.192269452E-002
       -2.531001970E+007
       -1.426934442E+007
       -2.228942853E+006
        2.562469997E+006
        1.445467454E+006
        2.194231045E+005
        8.796654704E+006
        4.970418881E+006
        8.079636141E+005
       -2.203734705E+006
       -7.102853592E+006
       -1.019189292E+007
       -5.935885569E+004
       -5.519185051E+005
       -5.859964309E+005
        5.847911474E+006
        1.834329599E+007
        2.662557505E+007
        9.630603338E-002
        2.714546536E-001
        4.133573012E-001
        2.540829853E-002
        7.797864918E-002
        1.217453749E-001
       -4.612363798E-002
       -1.411793759E-001
       -2.290957923E-001
        2.203734579E+006
        7.102853374E+006
        1.019189255E+007
        5.935884469E+004
        5.519184611E+005
        5.859963346E+005
       -5.847911499E+006
       -1.834329600E+007
       -2.662557503E+007
       -8.796654979E+006
       -4.970419026E+006
       -8.079636497E+005
       -6.177555136E+005
       -3.539582287E+005
       -9.119331096E+004
        2.342254025E+007
        1.298302815E+007
        2.644727258E+006
        3.463163054E-001
        1.946108232E-001
        3.192269452E-002
        1.027857672E-001
        5.760520266E-002
        9.720037946E-003
       -1.972103873E-001
       -1.093251985E-001
       -1.706862221E-002
        8.796654704E+006
        4.970418881E+006
        8.079636141E+005
        6.177554428E+005
        3.539581907E+005
        9.119330069E+004
       -2.342254023E+007
       -1.298302815E+007
       -2.644727258E+006
 SCALARS Sigma_YZ double 1
 LOOKUP_TABLE default
       -2.131042022E+008
       -4.698351006E+008
       -6.787052511E+008
        3.006475223E+007
        6.070147476E+007
        8.317730063E+007
       -8.068189823E+007
       -1.465629332E+008
       -1.962977729E+008
        1.228954041E+008
        2.237902121E+008
        3.712950077E+008
       -1.253766372E+007
       -1.076089326E+007
       -1.693260066E+007
        7.135182978E+007
        9.855287664E+007
        1.452741532E+008
       -2.131042001E+008
       -4.698350961E+008
       -6.787052441E+008
        3.006475307E+007
        6.070147717E+007
        8.317730453E+007
       -8.068189652E+007
       -1.465629298E+008
       -1.962977676E+008
       -5.220497363E+008
       -2.974975632E+008
       -5.647108722E+007
        5.956964925E+007
        3.440183055E+007
        6.462832135E+006
       -1.288820217E+008
       -7.382969812E+007
       -1.328874644E+007
        2.860198211E+008
        1.537292096E+008
        3.762969477E+007
       -7.670035912E+006
       -4.095624380E+006
       -3.277565384E+006
        9.476044467E+007
        5.443880411E+007
        2.084787129E+007
       -5.220497308E+008
       -2.974975602E+008
       -5.647108658E+007
        5.956965262E+007
        3.440183241E+007
        6.462832449E+006
       -1.288820176E+008
       -7.382969584E+007
       -1.328874593E+007
        5.896779281E+007
        9.388211391E+007
        1.242710752E+008
       -3.202282697E+006
        9.821453974E+006
        2.129456890E+007
        5.910319747E+007
        8.138076684E+007
        1.022148428E+008
       -3.926052540E+007
       -3.812927420E+007
       -4.700255399E+007
        8.197958265E+006
        1.220581908E+007
        1.591734622E+007
       -1.633015437E+007
       -1.196564572E+007
       -1.355947113E+007
        5.896779349E+007
        9.388211632E+007
        1.242710792E+008
       -3.202281641E+006
        9.821456499E+006
        2.129457291E+007
        5.910319824E+007
        8.138076931E+007
        1.022148469E+008
        7.407167598E+007
        4.222075414E+007
        8.789480489E+006
        2.598772164E+007
        1.399975651E+007
        1.485802795E+006
        5.400649964E+007
        3.274882852E+007
        1.091384889E+007
       -1.837025257E+007
       -1.280437040E+007
       -1.063735938E+007
        9.923800093E+006
        6.126408915E+006
        2.206599947E+006
       -4.759291797E+005
       -8.695476458E+005
       -3.254816373E+006
        7.407167964E+007
        4.222075614E+007
        8.789480789E+006
        2.598772494E+007
        1.399975834E+007
        1.485803145E+006
        5.400650334E+007
        3.274883054E+007
        1.091384921E+007
       -2.435292372E+007
       -8.169054242E+006
        5.484023531E+006
        1.496265101E+007
        2.966127591E+007
        4.303691256E+007
       -7.343249546E+006
        1.058850567E+007
        2.599096595E+007
        1.195484877E+007
        1.334897897E+007
        1.535980915E+007
       -1.727117051E+006
        2.947529855E+006
        5.705068014E+006
        1.568118686E+007
        1.692029358E+007
        1.794830641E+007
       -2.435292236E+007
       -8.169051130E+006
        5.484028379E+006
        1.496265199E+007
        2.966127849E+007
        4.303691672E+007
       -7.343248995E+006
        1.058850685E+007
        2.599096775E+007
        2.812702206E+007
        1.357815750E+007
       -1.725030189E+006
        3.177351816E+007
        1.798415577E+007
        3.702641704E+006
        3.567276439E+007
        1.934959458E+007
        2.326812978E+006
        5.939238768E+006
        4.172067230E+006
        2.540772855E+006
        7.201139192E+006
        3.808626741E+006
       -2.324924395E+005
        6.580255519E+006
        5.530255606E+006
        4.318144520E+006
        2.812702597E+007
        1.357815967E+007
       -1.725029756E+006
        3.177352169E+007
        1.798415772E+007
        3.702642052E+006
        3.567276579E+007
        1.934959537E+007
        2.326813142E+006
        1.526569472E+007
        2.547684274E+007
        3.534976728E+007
        7.495633852E+006
        2.359144515E+007
        3.774439384E+007
        6.123969996E+006
        8.098085517E+006
        1.018478400E+007
       -5.304924395E+006
        2.049344903E+006
        6.654114942E+006
        2.304640521E+006
        5.747824319E+006
        7.882030520E+006
        3.440201418E+006
        1.492030158E+007
        2.277347409E+007
        1.526569518E+007
        2.547684401E+007
        3.534976936E+007
        7.495633665E+006
        2.359144463E+007
        3.774439300E+007
        6.123970062E+006
        8.098085748E+006
        1.018478438E+007
        2.280836549E+007
        1.301722348E+007
        2.730859706E+006
        3.322491680E+007
        1.838482011E+007
        2.974998323E+006
        5.047944749E+006
        3.416892088E+006
        9.897097881E+005
        1.070553084E+007
        5.122644332E+006
       -1.256277819E+006
        6.313860386E+006
        3.774681207E+006
        7.369496358E+005
        2.079732913E+007
        1.159072352E+007
        1.463004188E+006
        2.280836731E+007
        1.301722447E+007
        2.730859877E+006
        3.322491608E+007
        1.838481971E+007
        2.974998256E+006
        5.047945100E+006
        3.416892278E+006
        9.897098171E+005
 SCALARS Sigma_XY double 1
 LOOKUP_TABLE default
        1.283389364E+009
        4.112116317E+008
       -4.285840664E+008
        1.060377870E+008
        3.706953196E+007
       -3.340923593E+007
       -2.905661034E+008
       -1.024687700E+008
        9.144193578E+007
        5.154528277E+000
        1.717560149E+000
       -1.672930579E+000
        1.633537633E+001
        5.476959014E+000
       -5.337091111E+000
        1.200438138E+001
        4.037233087E+000
       -3.902186427E+000
       -1.283389354E+009
       -4.112116287E+008
        4.285840627E+008
       -1.060377542E+008
       -3.706952092E+007
        3.340922529E+007
        2.905661271E+008
        1.024687779E+008
       -9.144194365E+007
       -1.489839850E+008
       -4.113835371E+008
       -7.061854116E+008
       -1.161368677E+007
       -3.709109935E+007
       -6.104861370E+007
        3.178695863E+007
        1.025212325E+008
        1.674023318E+008
       -5.815425590E-001
       -1.723864130E+000
       -2.910376668E+000
       -1.855274529E+000
       -5.567997405E+000
       -9.325456457E+000
       -1.356474232E+000
       -4.098242530E+000
       -6.867072802E+000
        1.489839837E+008
        4.113835336E+008
        7.061854058E+008
        1.161368308E+007
        3.709108819E+007
        6.104859501E+007
       -3.178696136E+007
       -1.025212406E+008
       -1.674023454E+008
        1.929454499E+008
        6.573508115E+007
       -6.289239535E+007
       -1.452126479E+008
       -4.818061302E+007
        4.762300680E+007
        9.220825709E+007
        3.106081496E+007
       -3.075253406E+007
        1.659677253E+001
        5.557814799E+000
       -5.428982174E+000
        1.487617481E+001
        4.998331414E+000
       -4.844491710E+000
        1.638634420E+001
        5.508611596E+000
       -5.323958982E+000
       -1.929454165E+008
       -6.573506991E+007
        6.289238453E+007
        1.452126776E+008
        4.818062302E+007
       -4.762301647E+007
       -9.220822426E+007
       -3.106080390E+007
        3.075252344E+007
       -2.186259458E+007
       -6.576469414E+007
       -1.082078743E+008
        1.655466427E+007
        4.816912521E+007
        8.100261941E+007
       -1.069016660E+007
       -3.104983970E+007
       -5.070761359E+007
       -1.887217808E+000
       -5.649689022E+000
       -9.464721340E+000
       -1.684037594E+000
       -5.072439740E+000
       -8.495951669E+000
       -1.850709551E+000
       -5.569184320E+000
       -9.333131501E+000
        2.186259081E+007
        6.576468279E+007
        1.082078553E+008
       -1.655466763E+007
       -4.816913534E+007
       -8.100263638E+007
        1.069016291E+007
        3.104982854E+007
        5.070759490E+007
       -1.882156096E+008
       -6.178692832E+007
        6.258898972E+007
       -7.515281835E+007
       -2.494975967E+007
        2.434426231E+007
       -1.459751649E+008
       -4.764956929E+007
        4.868417650E+007
        1.677041186E+001
        5.640103320E+000
       -5.444601050E+000
        1.500376063E+001
        5.043056851E+000
       -4.876763421E+000
        6.387965477E+000
        2.136187349E+000
       -2.097979082E+000
        1.882156432E+008
        6.178693964E+007
       -6.258900058E+007
        7.515284838E+007
        2.494976978E+007
       -2.434427205E+007
        1.459751777E+008
        4.764957359E+007
       -4.868418067E+007
        2.175712500E+007
        6.177510116E+007
        1.038184953E+008
        8.462529279E+006
        2.496238098E+007
        4.237673453E+007
        1.692354707E+007
        4.762013843E+007
        8.028944832E+007
       -1.892646886E+000
       -5.702346346E+000
       -9.557187743E+000
       -1.695255856E+000
       -5.102733334E+000
       -8.551335015E+000
       -7.292974905E-001
       -2.184735158E+000
       -3.657313170E+000
       -2.175712877E+007
       -6.177511257E+007
       -1.038185145E+008
       -8.462532666E+006
       -2.496239119E+007
       -4.237675164E+007
       -1.692354852E+007
       -4.762014280E+007
       -8.028945564E+007
       -4.847312846E+007
       -1.666871505E+007
        1.505913434E+007
       -9.135027090E+007
       -2.999990962E+007
        3.006878195E+007
        4.510072389E+007
        1.406718561E+007
       -1.557383932E+007
        6.533924083E+000
        2.190787431E+000
       -2.133783024E+000
       -1.846670613E+000
       -6.119938504E-001
        6.126538729E-001
       -3.104125931E-001
       -1.071935008E-001
        9.711686583E-002
        4.847314150E+007
        1.666871940E+007
       -1.505913863E+007
        9.135026720E+007
        2.999990839E+007
       -3.006878072E+007
       -4.510072455E+007
       -1.406718586E+007
        1.557383948E+007
        5.234841937E+006
        1.667807461E+007
        2.820720277E+007
        1.045248135E+007
        2.999331118E+007
        5.081459042E+007
       -5.413763192E+006
       -1.404785957E+007
       -2.407506423E+007
       -7.417435252E-001
       -2.226419200E+000
       -3.730277812E+000
        2.129701558E-001
        6.280185062E-001
        1.053225837E+000
        3.375967241E-002
        1.060169626E-001
        1.767767450E-001
       -5.234843429E+006
       -1.667807907E+007
       -2.820721023E+007
       -1.045248092E+007
       -2.999330991E+007
       -5.081458829E+007
        5.413763249E+006
        1.404785978E+007
        2.407506458E+007
 SCALARS VonMises double 1
 LOOKUP_TABLE default
        4.906697564E+009
        1.859905839E+009
        1.949809234E+009
        7.806161331E+009
        2.644912897E+009
        2.509400669E+009
        4.926042841E+009
        1.747738451E+009
        1.574264158E+009
        5.483741086E+009
        1.887163304E+009
        1.874291042E+009
        7.257076177E+009
        2.477942954E+009
        2.312721957E+009
        6.327095754E+009
        2.131509658E+009
        2.051496627E+009
        4.906697594E+009
        1.859905846E+009
        1.949809231E+009
        7.806161331E+009
        2.644912900E+009
        2.509400665E+009
        4.926042863E+009
        1.747738459E+009
        1.574264160E+009
        1.053573945E+009
        1.749920625E+009
        2.799234284E+009
        8.768805881E+008
        2.643732529E+009
        4.430823908E+009
        5.870299398E+008
        1.731186425E+009
        2.859361170E+009
        7.873683015E+008
        1.866101480E+009
        3.107962096E+009
        8.040773617E+008
        2.477759636E+009
        4.140295087E+009
        7.271370384E+008
        2.127530851E+009
        3.583270174E+009
        1.053573938E+009
        1.749920631E+009
        2.799234298E+009
        8.768805870E+008
        2.643732527E+009
        4.430823904E+009
        5.870299385E+008
        1.731186431E+009
        2.859361180E+009
        6.774185389E+009
        2.257423100E+009
        2.222119778E+009
        5.005184507E+009
        1.717746352E+009
        1.587610455E+009
        4.542868955E+009
        1.494569190E+009
        1.507457892E+009
        6.006104541E+009
        2.077945670E+009
        1.902973222E+009
        5.158086504E+009
        1.747154612E+009
        1.651701201E+009
        3.900217533E+009
        1.360320904E+009
        1.229070038E+009
        6.774185388E+009
        2.257423102E+009
        2.222119775E+009
        5.005184512E+009
        1.717746354E+009
        1.587610454E+009
        4.542868956E+009
        1.494569192E+009
        1.507457892E+009
        7.848550517E+008
        2.250380868E+009
        3.797423108E+009
        5.538451677E+008
        1.717929531E+009
        2.866367841E+009
        5.308209574E+008
        1.489637154E+009
        2.526735091E+009
        6.622893446E+008
        2.077737627E+009
        3.444455296E+009
        5.742684262E+008
        1.747006748E+009
        2.932491151E+009
        4.270739068E+008
        1.359810551E+009
        2.243458283E+009
        7.848550513E+008
        2.250380866E+009
        3.797423105E+009
        5.538451679E+008
        1.717929531E+009
        2.866367841E+009
        5.308209580E+008
        1.489637154E+009
        2.526735091E+009
        3.892400899E+009
        1.379996321E+009
        1.204265378E+009
        3.122546472E+009
        1.049787414E+009
        1.010410599E+009
        1.846789457E+009
        6.853483725E+008
        5.489512567E+008
        4.215348196E+009
        1.402188274E+009
        1.361102409E+009
        3.043772046E+009
        1.044060709E+009
        9.682593395E+008
        2.157742436E+009
        7.020742351E+008
        7.057665945E+008
        3.892400909E+009
        1.379996324E+009
        1.204265380E+009
        3.122546469E+009
        1.049787414E+009
        1.010410598E+009
        1.846789451E+009
        6.853483698E+008
        5.489512554E+008
        4.239086229E+008
        1.381155262E+009
        2.272618787E+009
        3.544268959E+008
        1.048838082E+009
        1.764439061E+009
        2.010997115E+008
        6.856313673E+008
        1.108782000E+009
        4.730690165E+008
        1.401474486E+009
        2.380466329E+009
        3.368758373E+008
        1.044140822E+009
        1.739046808E+009
        2.448695773E+008
        7.016063678E+008
        1.208135861E+009
        4.239086244E+008
        1.381155264E+009
        2.272618791E+009
        3.544268963E+008
        1.048838081E+009
        1.764439059E+009
        2.010997117E+008
        6.856313647E+008
        1.108781996E+009
        2.194415666E+009
        6.955442782E+008
        7.392489498E+008
        9.910779976E+008
        3.536955800E+008
        3.122962908E+008
        2.536806066E+008
        6.656136464E+007
        1.372335289E+008
        1.975365389E+009
        7.031677800E+008
        6.185376602E+008
        1.045823368E+009
        3.478007981E+008
        3.384876238E+008
        1.810049598E+008
        6.949502456E+007
        8.459570979E+007
        2.194415652E+009
        6.955442741E+008
        7.392489455E+008
        9.910779937E+008
        3.536955784E+008
        3.122962894E+008
        2.536806101E+008
        6.656136498E+007
        1.372335298E+008
        2.601808763E+008
        6.937219990E+008
        1.199785826E+009
        1.214464227E+008
        3.529129221E+008
        5.790178855E+008
        5.761049911E+007
        6.124328048E+007
        1.116786079E+008
        2.152804396E+008
        7.035676698E+008
        1.143093707E+009
        1.176383213E+008
        3.476148047E+008
        5.902860672E+008
        4.049521227E+007
        6.733420877E+007
        9.321602102E+007
        2.601808752E+008
        6.937219950E+008
        1.199785819E+009
        1.214464218E+008
        3.529129207E+008
        5.790178833E+008
        5.761049940E+007
        6.124328064E+007
        1.116786089E+008
 SCALARS Epsilon_XX double 1
 LOOKUP_TABLE default
        0.000000000E+000
        0.000000000E+000
        0.000000000E+000
       -1.035290655E-002
       -3.526237099E-003
        3.304614749E-003
       -7.924467640E-003
       -2.711809544E-003
        2.518116632E-003
        0.000000000E+000
        0.000000000E+000
        0.000000000E+000
       -1.035290656E-002
       -3.526237103E-003
        3.304614746E-003
       -7.924467643E-003
       -2.711809547E-003
        2.518116630E-003
        0.000000000E+000
        0.000000000E+000
        0.000000000E+000
       -1.035290656E-002
       -3.526237106E-003
        3.304614743E-003
       -7.924467646E-003
       -2.711809549E-003
        2.518116628E-003
        0.000000000E+000
        0.000000000E+000
        0.000000000E+000
        3.304614749E-003
        1.014354952E-002
        1.697041429E-002
        2.518116632E-003
        7.802475825E-003
        1.303751684E-002
        0.000000000E+000
        0.000000000E+000
        0.000000000E+000
        3.304614746E-003
        1.014354952E-002
        1.697041429E-002
        2.518116630E-003
        7.802475824E-003
        1.303751684E-002
        0.000000000E+000
        0.000000000E+000
        0.000000000E+000
        3.304614743E-003
        1.014354952E-002
        1.697041429E-002
        2.518116628E-003
        7.802475823E-003
        1.303751684E-002
       -7.924467640E-003
       -2.711809544E-003
        2.518116632E-003
       -7.402413954E-003
       -2.517735836E-003
        2.365188355E-003
       -6.173709914E-003
       -2.095518741E-003
        1.976485032E-003
       -7.924467643E-003
       -2.711809547E-003
        2.518116630E-003
       -7.402413955E-003
       -2.517735837E-003
        2.365188353E-003
       -6.173709915E-003
       -2.095518742E-003
        1.976485031E-003
       -7.924467646E-003
       -2.711809549E-003
        2.518116628E-003
       -7.402413957E-003
       -2.517735838E-003
        2.365188352E-003
       -6.173709916E-003
       -2.095518743E-003
        1.976485030E-003
        2.518116632E-003
        7.802475825E-003
        1.303751684E-002
        2.365188355E-003
        7.242660323E-003
        1.212515989E-002
        1.976485032E-003
        6.027491816E-003
        1.009603767E-002
        2.518116630E-003
        7.802475824E-003
        1.303751684E-002
        2.365188353E-003
        7.242660321E-003
        1.212515989E-002
        1.976485031E-003
        6.027491816E-003
        1.009603767E-002
        2.518116628E-003
        7.802475823E-003
        1.303751684E-002
        2.365188352E-003
        7.242660320E-003
        1.212515989E-002
        1.976485030E-003
        6.027491815E-003
        1.009603767E-002
       -6.173709914E-003
       -2.095518741E-003
        1.976485032E-003
       -4.352572547E-003
       -1.481858937E-003
        1.389480501E-003
       -2.831788432E-003
       -9.656263821E-004
        9.026495922E-004
       -6.173709915E-003
       -2.095518742E-003
        1.976485031E-003
       -4.352572547E-003
       -1.481858937E-003
        1.389480501E-003
       -2.831788431E-003
       -9.656263815E-004
        9.026495922E-004
       -6.173709916E-003
       -2.095518743E-003
        1.976485030E-003
       -4.352572547E-003
       -1.481858937E-003
        1.389480500E-003
       -2.831788430E-003
       -9.656263809E-004
        9.026495922E-004
        1.976485032E-003
        6.027491816E-003
        1.009603767E-002
        1.389480501E-003
        4.262935633E-003
        7.134613341E-003
        9.026495922E-004
        2.778357077E-003
        4.648101640E-003
        1.976485031E-003
        6.027491816E-003
        1.009603767E-002
        1.389480501E-003
        4.262935632E-003
        7.134613340E-003
        9.026495922E-004
        2.778357076E-003
        4.648101638E-003
        1.976485030E-003
        6.027491815E-003
        1.009603767E-002
        1.389480500E-003
        4.262935631E-003
        7.134613339E-003
        9.026495922E-004
        2.778357075E-003
        4.648101636E-003
       -2.831788432E-003
       -9.656263821E-004
        9.026495922E-004
       -1.456019433E-003
       -4.956414327E-004
        4.648774037E-004
       -8.364809748E-004
       -2.796003211E-004
        2.709909020E-004
       -2.831788431E-003
       -9.656263815E-004
        9.026495922E-004
       -1.456019433E-003
       -4.956414325E-004
        4.648774037E-004
       -8.364809753E-004
       -2.796003215E-004
        2.709909019E-004
       -2.831788430E-003
       -9.656263809E-004
        9.026495922E-004
       -1.456019433E-003
       -4.956414323E-004
        4.648774037E-004
       -8.364809757E-004
       -2.796003218E-004
        2.709909018E-004
        9.026495922E-004
        2.778357077E-003
        4.648101640E-003
        4.648774037E-004
        1.425988386E-003
        2.386668117E-003
        2.709909020E-004
        8.022832722E-004
        1.351725116E-003
        9.026495922E-004
        2.778357076E-003
        4.648101638E-003
        4.648774037E-004
        1.425988385E-003
        2.386668116E-003
        2.709909019E-004
        8.022832727E-004
        1.351725117E-003
        9.026495922E-004
        2.778357075E-003
        4.648101636E-003
        4.648774037E-004
        1.425988385E-003
        2.386668116E-003
        2.709909018E-004
        8.022832731E-004
        1.351725118E-003
 SCALARS Epsilon_YY double 1
 LOOKUP_TABLE default
        2.698236488E-002
        9.367337354E-003
       -8.462588556E-003
        3.693659910E-002
        1.248700401E-002
       -1.186558443E-002
        2.141636421E-002
        7.598962986E-003
       -6.583310486E-003
        3.392138434E-002
        1.143335731E-002
       -1.089838030E-002
        3.386964105E-002
        1.157445153E-002
       -1.078833538E-002
        2.975781746E-002
        9.948119054E-003
       -9.602330850E-003
        2.698236514E-002
        9.367337451E-003
       -8.462588617E-003
        3.693659910E-002
        1.248700402E-002
       -1.186558440E-002
        2.141636430E-002
        7.598963023E-003
       -6.583310503E-003
       -8.462588556E-003
       -2.694283248E-002
       -4.480475791E-002
       -1.186558443E-002
       -3.592323545E-002
       -6.025999228E-002
       -6.583310486E-003
       -2.185645717E-002
       -3.607947743E-002
       -1.089838030E-002
       -3.289191447E-002
       -5.533509868E-002
       -1.078833538E-002
       -3.329550021E-002
       -5.560818713E-002
       -9.602330850E-003
       -2.861947623E-002
       -4.838261310E-002
       -8.462588617E-003
       -2.694283269E-002
       -4.480475828E-002
       -1.186558440E-002
       -3.592323541E-002
       -6.025999224E-002
       -6.583310503E-003
       -2.185645723E-002
       -3.607947755E-002
        3.298551594E-002
        1.087781520E-002
       -1.080971174E-002
        2.365230384E-002
        8.138307016E-003
       -7.483928702E-003
        2.201732918E-002
        7.139872452E-003
       -7.303481736E-003
        2.777178906E-002
        9.651838783E-003
       -8.766224787E-003
        2.467617876E-002
        8.346829621E-003
       -7.905762320E-003
        1.835592167E-002
        6.450420295E-003
       -5.762082608E-003
        3.298551593E-002
        1.087781521E-002
       -1.080971172E-002
        2.365230385E-002
        8.138307025E-003
       -7.483928694E-003
        2.201732919E-002
        7.139872465E-003
       -7.303481732E-003
       -1.080971174E-002
       -3.129091700E-002
       -5.298206804E-002
       -7.483928702E-003
       -2.341229200E-002
       -3.902890902E-002
       -7.303481736E-003
       -2.053646790E-002
       -3.501993745E-002
       -8.766224787E-003
       -2.776618650E-002
       -4.590804979E-002
       -7.905762320E-003
       -2.401108192E-002
       -4.033736597E-002
       -5.762082608E-003
       -1.855741451E-002
       -3.046888405E-002
       -1.080971172E-002
       -3.129091697E-002
       -5.298206800E-002
       -7.483928694E-003
       -2.341229199E-002
       -3.902890901E-002
       -7.303481732E-003
       -2.053646792E-002
       -3.501993747E-002
        1.792897823E-002
        6.451483485E-003
       -5.465142892E-003
        1.494743663E-002
        5.000134247E-003
       -4.837300222E-003
        8.513390234E-003
        3.242172772E-003
       -2.466843905E-003
        2.030777876E-002
        6.709484793E-003
       -6.579554304E-003
        1.445028848E-002
        4.967967267E-003
       -4.591639826E-003
        1.039555091E-002
        3.338672424E-003
       -3.410264439E-003
        1.792897826E-002
        6.451483495E-003
       -5.465142895E-003
        1.494743660E-002
        5.000134240E-003
       -4.837300210E-003
        8.513390189E-003
        3.242172754E-003
       -2.466843892E-003
       -5.465142892E-003
       -1.856332824E-002
       -3.039601777E-002
       -4.837300222E-003
       -1.438279474E-002
       -2.424495467E-002
       -2.466843905E-003
       -9.331125743E-003
       -1.493346544E-002
       -6.579554304E-003
       -1.929932119E-002
       -3.290965936E-002
       -4.591639826E-003
       -1.429194767E-002
       -2.376967305E-002
       -3.410264439E-003
       -9.602282972E-003
       -1.668120837E-002
       -5.465142895E-003
       -1.856332825E-002
       -3.039601780E-002
       -4.837300210E-003
       -1.438279471E-002
       -2.424495462E-002
       -2.466843892E-003
       -9.331125692E-003
       -1.493346536E-002
        1.076236394E-002
        3.325316553E-003
       -3.678760341E-003
        4.617111325E-003
        1.655516374E-003
       -1.414467399E-003
        8.803963867E-004
       -2.925659228E-005
       -5.148520343E-004
        9.267308343E-003
        3.349175944E-003
       -2.873726279E-003
        5.004619808E-003
        1.654510174E-003
       -1.619440664E-003
       -1.719133500E-004
        1.323157990E-004
        1.361879764E-004
        1.076236386E-002
        3.325316530E-003
       -3.678760315E-003
        4.617111311E-003
        1.655516368E-003
       -1.414467396E-003
        8.803964079E-004
       -2.925658240E-005
       -5.148520394E-004
       -3.678760341E-003
       -9.561349869E-003
       -1.669224626E-002
       -1.414467399E-003
       -4.763565951E-003
       -7.800145803E-003
       -5.148520343E-004
        8.920711150E-005
       -5.294826083E-004
       -2.873726279E-003
       -9.637382539E-003
       -1.552316644E-002
       -1.619440664E-003
       -4.758748964E-003
       -8.117437601E-003
        1.361879764E-004
       -3.847111088E-004
       -4.044020964E-005
       -3.678760315E-003
       -9.561349803E-003
       -1.669224614E-002
       -1.414467396E-003
       -4.763565936E-003
       -7.800145780E-003
       -5.148520394E-004
        8.920708439E-005
       -5.294826471E-004
 SCALARS Epsilon_ZZ double 1
 LOOKUP_TABLE default
        0.000000000E+000
        0.000000000E+000
        0.000000000E+000
       -1.233184012E-002
       -4.190108994E-003
        3.951622133E-003
       -9.799772699E-003
       -3.330952626E-003
        3.137867448E-003
        0.000000000E+000
        0.000000000E+000
        0.000000000E+000
       -1.172546671E-002
       -3.992647438E-003
        3.740171834E-003
       -1.072957775E-002
       -3.647355007E-003
        3.434867732E-003
        0.000000000E+000
        0.000000000E+000
        0.000000000E+000
       -1.233184013E-002
       -4.190109002E-003
        3.951622129E-003
       -9.799772730E-003
       -3.330952639E-003
        3.137867452E-003
        0.000000000E+000
        0.000000000E+000
        0.000000000E+000
        3.942077489E-003
        1.205930341E-002
        2.017652933E-002
        3.077108709E-003
        9.531555971E-003
        1.598600323E-002
        0.000000000E+000
        0.000000000E+000
        0.000000000E+000
        3.743103406E-003
        1.148353644E-002
        1.922396948E-002
        3.454674675E-003
        1.051342302E-002
        1.757217137E-002
        0.000000000E+000
        0.000000000E+000
        0.000000000E+000
        3.942077485E-003
        1.205930341E-002
        2.017652934E-002
        3.077108714E-003
        9.531555991E-003
        1.598600327E-002
       -9.799772699E-003
       -3.330952626E-003
        3.137867448E-003
       -7.182415097E-003
       -2.446184632E-003
        2.290045834E-003
       -5.986500200E-003
       -2.029120020E-003
        1.928260160E-003
       -1.072957775E-002
       -3.647355007E-003
        3.434867732E-003
       -7.104931279E-003
       -2.417766227E-003
        2.269398825E-003
       -5.382115039E-003
       -1.837838816E-003
        1.706437407E-003
       -9.799772730E-003
       -3.330952639E-003
        3.137867452E-003
       -7.182415096E-003
       -2.446184633E-003
        2.290045830E-003
       -5.986500205E-003
       -2.029120022E-003
        1.928260160E-003
        3.077108709E-003
        9.531555971E-003
        1.598600323E-002
        2.296366502E-003
        7.039530026E-003
        1.178269355E-002
        1.949232320E-003
        5.874072095E-003
        9.798911870E-003
        3.454674675E-003
        1.051342302E-002
        1.757217137E-002
        2.266808986E-003
        6.954179916E-003
        1.164155085E-002
        1.702783684E-003
        5.271556566E-003
        8.840329448E-003
        3.077108714E-003
        9.531555991E-003
        1.598600327E-002
        2.296366499E-003
        7.039530020E-003
        1.178269354E-002
        1.949232319E-003
        5.874072097E-003
        9.798911874E-003
       -5.986500200E-003
       -2.029120020E-003
        1.928260160E-003
       -4.377687493E-003
       -1.488561664E-003
        1.400564165E-003
       -2.790437774E-003
       -9.691030934E-004
        8.522315868E-004
       -5.382115039E-003
       -1.837838816E-003
        1.706437407E-003
       -4.431381842E-003
       -1.508435951E-003
        1.414509941E-003
       -3.086263038E-003
       -1.040823274E-003
        1.004616490E-003
       -5.986500205E-003
       -2.029120022E-003
        1.928260160E-003
       -4.377687483E-003
       -1.488561662E-003
        1.400564160E-003
       -2.790437749E-003
       -9.691030856E-004
        8.522315784E-004
        1.949232320E-003
        5.874072095E-003
        9.798911870E-003
        1.394300663E-003
        4.278989265E-003
        7.163677867E-003
        8.772016940E-004
        2.770445919E-003
        4.663690144E-003
        1.702783684E-003
        5.271556566E-003
        8.840329448E-003
        1.417234322E-003
        4.340759727E-003
        7.264285132E-003
        9.875116070E-004
        3.000505212E-003
        5.013498816E-003
        1.949232319E-003
        5.874072097E-003
        9.798911874E-003
        1.394300658E-003
        4.278989254E-003
        7.163677849E-003
        8.772016856E-004
        2.770445895E-003
        4.663690104E-003
       -2.790437774E-003
       -9.691030934E-004
        8.522315868E-004
       -1.421653922E-003
       -4.952390074E-004
        4.311759069E-004
       -9.347361538E-005
        7.753174236E-005
        2.485371006E-004
       -3.086263038E-003
       -1.040823274E-003
        1.004616490E-003
       -1.482852536E-003
       -4.996732186E-004
        4.835060990E-004
        4.564991905E-004
        1.058819709E-004
       -2.447352485E-004
       -2.790437749E-003
       -9.691030856E-004
        8.522315784E-004
       -1.421653915E-003
       -4.952390048E-004
        4.311759051E-004
       -9.347362266E-005
        7.753173941E-005
        2.485371012E-004
        8.772016940E-004
        2.770445919E-003
        4.663690144E-003
        4.600633381E-004
        1.427593637E-003
        2.395123937E-003
        1.813582912E-006
       -2.242534908E-004
       -4.503205641E-004
        9.875116070E-004
        3.000505212E-003
        5.013498816E-003
        4.679522572E-004
        1.435114863E-003
        2.402277470E-003
       -1.044980131E-004
       -2.945172571E-004
       -4.845365015E-004
        8.772016856E-004
        2.770445895E-003
        4.663690104E-003
        4.600633360E-004
        1.427593631E-003
        2.395123927E-003
        1.813587005E-006
       -2.242534813E-004
       -4.503205494E-004
 SCALARS Epsilon_XZ double 1
 LOOKUP_TABLE default
        0.000000000E+000
        0.000000000E+000
        0.000000000E+000
       -5.336854621E-005
       -9.682466100E-005
       -1.811719615E-004
       -2.269785854E-004
       -6.346505588E-004
       -9.809822661E-004
        0.000000000E+000
        0.000000000E+000
        0.000000000E+000
       -2.682382533E-013
       -7.682465775E-013
       -1.173705009E-012
       -1.199351027E-012
       -3.368416657E-012
       -5.108722542E-012
        0.000000000E+000
        0.000000000E+000
        0.000000000E+000
        5.336854657E-005
        9.682466166E-005
        1.811719626E-004
        2.269785870E-004
        6.346505617E-004
        9.809822711E-004
        0.000000000E+000
        0.000000000E+000
        0.000000000E+000
       -4.217066475E-004
       -2.190435505E-004
       -5.405974234E-005
       -2.390143563E-003
       -1.335808433E-003
       -2.210431952E-004
        0.000000000E+000
        0.000000000E+000
        0.000000000E+000
       -2.870377889E-012
       -1.614847145E-012
       -2.656628971E-013
       -1.238553156E-011
       -6.968203792E-012
       -1.140636655E-012
        0.000000000E+000
        0.000000000E+000
        0.000000000E+000
        4.217066501E-004
        2.190435519E-004
        5.405974268E-005
        2.390143574E-003
        1.335808439E-003
        2.210431966E-004
       -2.269785854E-004
       -6.346505588E-004
       -9.809822661E-004
        2.295813206E-005
        6.333179892E-005
        9.879892453E-005
        8.224410311E-005
        2.457754166E-004
        3.679963344E-004
       -1.199351027E-012
       -3.368416657E-012
       -5.108722542E-012
        1.939709587E-013
        5.343503418E-013
        8.121988946E-013
       -1.778756248E-013
       -5.204725539E-013
       -8.058216812E-013
        2.269785870E-004
        6.346505617E-004
        9.809822711E-004
       -2.295813234E-005
       -6.333179941E-005
       -9.879892536E-005
       -8.224410292E-005
       -2.457754161E-004
       -3.679963335E-004
       -2.390143563E-003
       -1.335808433E-003
       -2.210431952E-004
        2.405801187E-004
        1.342826896E-004
        2.240600114E-005
        9.014527581E-004
        5.082232267E-004
        7.938700591E-005
       -1.238553156E-011
       -6.968203792E-012
       -1.140636655E-012
        1.942224379E-012
        1.090127988E-012
        1.701231424E-013
       -1.898928985E-012
       -1.071143174E-012
       -1.800036411E-013
        2.390143574E-003
        1.335808439E-003
        2.210431966E-004
       -2.405801205E-004
       -1.342826905E-004
       -2.240600134E-005
       -9.014527566E-004
       -5.082232259E-004
       -7.938700572E-005
        8.224410311E-005
        2.457754166E-004
        3.679963344E-004
       -8.428261529E-006
       -2.462326558E-005
       -3.743626324E-005
       -2.728433445E-005
       -8.794009209E-005
       -1.261853410E-004
       -1.778756248E-013
       -5.204725539E-013
       -8.058216812E-013
        5.047918484E-013
        1.409983241E-012
        2.135953514E-012
        1.192360413E-012
        3.360867140E-012
        5.117757062E-012
       -8.224410292E-005
       -2.457754161E-004
       -3.679963335E-004
        8.428260842E-006
        2.462326440E-005
        3.743626121E-005
        2.728433289E-005
        8.794008939E-005
        1.261853363E-004
        9.014527581E-004
        5.082232267E-004
        7.938700591E-005
       -9.126605918E-005
       -5.148240486E-005
       -7.815070120E-006
       -3.133055198E-004
       -1.770286228E-004
       -2.877678752E-005
       -1.898928985E-012
       -1.071143174E-012
       -1.800036411E-013
        5.181440140E-012
        2.924105402E-012
        5.027024665E-013
        1.233455334E-011
        6.931344387E-012
        1.136972682E-012
       -9.014527566E-004
       -5.082232259E-004
       -7.938700572E-005
        9.126605470E-005
        5.148240246E-005
        7.815069477E-006
        3.133055100E-004
        1.770286177E-004
        2.877678626E-005
       -2.728433445E-005
       -8.794009209E-005
       -1.261853410E-004
       -7.349191657E-007
       -6.833276730E-006
       -7.255193906E-006
        7.240271349E-005
        2.271074741E-004
        3.296499768E-004
        1.192360413E-012
        3.360867140E-012
        5.117757062E-012
        3.145789341E-013
        9.654499422E-013
        1.507323689E-012
       -5.710545655E-013
       -1.747935130E-012
       -2.836424095E-012
        2.728433289E-005
        8.794008939E-005
        1.261853363E-004
        7.349190295E-007
        6.833276185E-006
        7.255192714E-006
       -7.240271380E-005
       -2.271074742E-004
       -3.296499766E-004
       -3.133055198E-004
       -1.770286228E-004
       -2.877678752E-005
       -2.200225117E-005
       -1.260673143E-005
       -3.247980938E-006
        8.342274609E-004
        4.624092217E-004
        9.419576534E-005
        1.233455334E-011
        6.931344387E-012
        1.136972682E-012
        3.660862943E-012
        2.051692150E-012
        3.461931323E-013
       -7.023931603E-012
       -3.893774192E-012
       -6.079235309E-013
        3.133055100E-004
        1.770286177E-004
        2.877678626E-005
        2.200224865E-005
        1.260673008E-005
        3.247980572E-006
       -8.342274604E-004
       -4.624092217E-004
       -9.419576537E-005
 SCALARS Epsilon_YZ double 1
 LOOKUP_TABLE default
       -2.638432980E-003
       -5.817006007E-003
       -8.403017395E-003
        3.722302657E-004
        7.515420685E-004
        1.029814198E-003
       -9.989187400E-004
       -1.814588697E-003
       -2.430353379E-003
        1.521562146E-003
        2.770735959E-003
        4.596985809E-003
       -1.552282175E-004
       -1.332301070E-004
       -2.096417224E-004
        8.834036068E-004
        1.220178473E-003
        1.798632373E-003
       -2.638432954E-003
       -5.817005952E-003
       -8.403017308E-003
        3.722302762E-004
        7.515420982E-004
        1.029814247E-003
       -9.989187188E-004
       -1.814588654E-003
       -2.430353313E-003
       -1.859355225E-002
       -1.059580362E-002
       -2.011298997E-003
        2.121658741E-003
        1.225270677E-003
        2.301830623E-004
       -4.590318583E-003
       -2.629550892E-003
       -4.732978183E-004
        1.018700733E-002
        5.475286917E-003
        1.340235704E-003
       -2.731793612E-004
       -1.458715533E-004
       -1.167352055E-004
        3.375029536E-003
        1.938916311E-003
        7.425269227E-004
       -1.859355206E-002
       -1.059580351E-002
       -2.011298974E-003
        2.121658860E-003
        1.225270743E-003
        2.301830735E-004
       -4.590318436E-003
       -2.629550811E-003
       -4.732978003E-004
        7.300774348E-004
        1.162349982E-003
        1.538594264E-003
       -3.964730959E-005
        1.215989540E-004
        2.636470435E-004
        7.317538734E-004
        1.007571399E-003
        1.265517101E-003
       -4.860826954E-004
       -4.720767282E-004
       -5.819363827E-004
        1.014985309E-004
        1.511196648E-004
        1.970719056E-004
       -2.021828636E-004
       -1.481460899E-004
       -1.678791664E-004
        7.300774432E-004
        1.162350012E-003
        1.538594314E-003
       -3.964729650E-005
        1.215989852E-004
        2.636470932E-004
        7.317538829E-004
        1.007571430E-003
        1.265517152E-003
        2.638169281E-003
        1.503752887E-003
        3.130499900E-004
        9.255900857E-004
        4.986214649E-004
        5.291900367E-005
        1.923519165E-003
        1.166396632E-003
        3.887124262E-004
       -6.542829684E-004
       -4.560460689E-004
       -3.788648545E-004
        3.534504143E-004
        2.182008655E-004
        7.859123099E-005
       -1.695090229E-005
       -3.097019012E-005
       -1.159249667E-004
        2.638169412E-003
        1.503752958E-003
        3.130500007E-004
        9.255902035E-004
        4.986215299E-004
        5.291901613E-005
        1.923519297E-003
        1.166396704E-003
        3.887124376E-004
       -3.015123889E-004
       -1.011406716E-004
        6.789743419E-005
        1.852518696E-004
        3.672348446E-004
        5.328379650E-004
       -9.091642295E-005
        1.310957845E-004
        3.217929118E-004
        1.480124134E-004
        1.652730729E-004
        1.901690656E-004
       -2.138335397E-005
        3.649322678E-005
        7.063417541E-005
        1.941480278E-004
        2.094893491E-004
        2.222171270E-004
       -3.015123721E-004
       -1.011406330E-004
        6.789749422E-005
        1.852518818E-004
        3.672348766E-004
        5.328380166E-004
       -9.091641613E-005
        1.310957991E-004
        3.217929340E-004
        1.001784347E-003
        4.836056095E-004
       -6.143943138E-005
        1.131659551E-003
        6.405315755E-004
        1.318749100E-004
        1.270536814E-003
        6.891636427E-004
        8.287279101E-005
        2.115345315E-004
        1.485941753E-004
        9.049327976E-005
        2.564789301E-004
        1.356497195E-004
       -8.280552641E-006
        2.343652650E-004
        1.969680079E-004
        1.537969281E-004
        1.001784487E-003
        4.836056869E-004
       -6.143941598E-005
        1.131659677E-003
        6.405316447E-004
        1.318749224E-004
        1.270536864E-003
        6.891636706E-004
        8.287279684E-005
        1.890038394E-004
        3.154275768E-004
        4.376637854E-004
        9.280308579E-005
        2.920845590E-004
        4.673115428E-004
        7.582058090E-005
        1.002620112E-004
        1.260973257E-004
       -6.568001632E-005
        2.537284166E-005
        8.238428023E-005
        2.853364454E-005
        7.116353919E-005
        9.758704453E-005
        4.259296994E-005
        1.847275434E-004
        2.819572983E-004
        1.890038451E-004
        3.154275925E-004
        4.376638111E-004
        9.280308347E-005
        2.920845525E-004
        4.673115324E-004
        7.582058173E-005
        1.002620140E-004
        1.260973304E-004
        8.123527436E-004
        4.636271376E-004
        9.726349639E-005
        1.183353201E-003
        6.548018120E-004
        1.059588444E-004
        1.797898130E-004
        1.216975264E-004
        3.524993766E-005
        3.812928793E-004
        1.824503461E-004
       -4.474414151E-005
        2.248772192E-004
        1.344407005E-004
        2.624752128E-005
        7.407267908E-004
        4.128202898E-004
        5.210699849E-005
        8.123528082E-004
        4.636271729E-004
        9.726350248E-005
        1.183353175E-003
        6.548017979E-004
        1.059588420E-004
        1.797898255E-004
        1.216975332E-004
        3.524993869E-005
 SCALARS Epsilon_XY double 1
 LOOKUP_TABLE default
        1.588958260E-002
        5.091191630E-003
       -5.306278917E-003
        1.312848791E-003
        4.589561100E-004
       -4.136381591E-004
       -3.597485090E-003
       -1.268660962E-003
        1.132138253E-003
        6.381796914E-011
        2.126503041E-011
       -2.071247384E-011
        2.022475165E-010
        6.780996874E-011
       -6.607827089E-011
        1.486256743E-010
        4.998479060E-011
       -4.831278433E-011
       -1.588958248E-002
       -5.091191593E-003
        5.306278872E-003
       -1.312848385E-003
       -4.589559732E-004
        4.136380274E-004
        3.597485383E-003
        1.268661059E-003
       -1.132138350E-003
       -5.306278917E-003
       -1.465201639E-002
       -2.515180918E-002
       -4.136381591E-004
       -1.321052854E-003
       -2.174334187E-003
        1.132138253E-003
        3.651441157E-003
        5.962274832E-003
       -2.071247470E-011
       -6.139790052E-011
       -1.036572512E-010
       -6.607827089E-011
       -1.983122363E-010
       -3.321395450E-010
       -4.831278086E-011
       -1.459648024E-010
       -2.445806752E-010
        5.306278872E-003
        1.465201627E-002
        2.515180897E-002
        4.136380274E-004
        1.321052456E-003
        2.174333521E-003
       -1.132138350E-003
       -3.651441446E-003
       -5.962275316E-003
        2.388848427E-003
        8.138629094E-004
       -7.786677520E-004
       -1.797870879E-003
       -5.965218755E-004
        5.896181795E-004
        1.141626040E-003
        3.845624710E-004
       -3.807456598E-004
        2.054838504E-010
        6.881104037E-011
       -6.721596977E-011
        1.841812119E-010
        6.188410323E-011
       -5.997942117E-011
        2.028785473E-010
        6.820185786E-011
       -6.591568263E-011
       -2.388848014E-003
       -8.138627704E-004
        7.786676179E-004
        1.797871247E-003
        5.965219993E-004
       -5.896182992E-004
       -1.141625634E-003
       -3.845623340E-004
        3.807455282E-004
       -7.786677520E-004
       -2.342304175E-003
       -3.853979084E-003
        5.896181795E-004
        1.715612679E-003
        2.885024801E-003
       -3.807456598E-004
       -1.105884702E-003
       -1.806024593E-003
       -6.721597671E-011
       -2.012218008E-010
       -3.370996642E-010
       -5.997942117E-011
       -1.806622373E-010
       -3.025955389E-010
       -6.591568263E-011
       -1.983545100E-010
       -3.324129028E-010
        7.786676179E-004
        2.342303770E-003
        3.853978407E-003
       -5.896182992E-004
       -1.715613039E-003
       -2.885025405E-003
        3.807455282E-004
        1.105884304E-003
        1.806023928E-003
       -2.330288500E-003
       -7.649810173E-004
        7.749113013E-004
       -9.304634652E-004
       -3.089017864E-004
        3.014051524E-004
       -1.807311565E-003
       -5.899470483E-004
        6.027564709E-004
        2.076336707E-010
        6.982985062E-011
       -6.740934633E-011
        1.857608459E-010
        6.243784673E-011
       -6.037897569E-011
        7.908909638E-011
        2.644803384E-011
       -2.597497911E-011
        2.330288916E-003
        7.649811574E-004
       -7.749114358E-004
        9.304638371E-004
        3.089019115E-004
       -3.014052730E-004
        1.807311724E-003
        5.899471016E-004
       -6.027565226E-004
        7.749113013E-004
        2.200209082E-003
        3.697645039E-003
        3.014051524E-004
        8.890711033E-004
        1.509308353E-003
        6.027564709E-004
        1.696059725E-003
        2.859624187E-003
       -6.740934113E-011
       -2.030972671E-010
       -3.403929881E-010
       -6.037897569E-011
       -1.817411872E-010
       -3.045680964E-010
       -2.597497911E-011
       -7.781248506E-011
       -1.302604691E-010
       -7.749114358E-004
       -2.200209489E-003
       -3.697645720E-003
       -3.014052730E-004
       -8.890714670E-004
       -1.509308963E-003
       -6.027565226E-004
       -1.696059880E-003
       -2.859624447E-003
       -6.001434953E-004
       -2.063745673E-004
        1.864464251E-004
       -1.131003354E-003
       -3.714274524E-004
        3.722801575E-004
        5.583899149E-004
        1.741651552E-004
       -1.928189630E-004
        8.089620293E-011
        2.712403486E-011
       -2.641826601E-011
       -2.286354092E-011
       -7.577066719E-012
        7.585238427E-012
       -3.843203533E-012
       -1.327157629E-012
        1.202399291E-012
        6.001436566E-004
        2.063746211E-004
       -1.864464783E-004
        1.131003308E-003
        3.714274372E-004
       -3.722801422E-004
       -5.583899230E-004
       -1.741651583E-004
        1.928189650E-004
        1.864464251E-004
        5.940136163E-004
        1.004640099E-003
        3.722801575E-004
        1.068254919E-003
        1.809834727E-003
       -1.928189630E-004
       -5.003347245E-004
       -8.574680410E-004
       -2.641826254E-011
       -7.929712221E-011
       -1.328592097E-010
        7.585238427E-012
        2.236778241E-011
        3.751215311E-011
        1.202399291E-012
        3.775946612E-012
        6.296158039E-012
       -1.864464783E-004
       -5.940137750E-004
       -1.004640364E-003
       -3.722801422E-004
       -1.068254873E-003
       -1.809834651E-003
        1.928189650E-004
        5.003347319E-004
        8.574680535E-004
 SCALARS TEMPERATURE_[C] double 1
 LOOKUP_TABLE default
        0.000000000E+000
        0.000000000E+000
        0.000000000E+000
        0.000000000E+000
        0.000000000E+000
        0.000000000E+000
        0.000000000E+000
        0.000000000E+000
        0.000000000E+000
        0.000000000E+000
        0.000000000E+000
        0.000000000E+000
        0.000000000E+000
        0.000000000E+000
        0.000000000E+000
        0.000000000E+000
        0.000000000E+000
        0.000000000E+000
        0.000000000E+000
        0.000000000E+000
        0.000000000E+000
        0.000000000E+000
        0.000000000E+000
        0.000000000E+000
        0.000000000E+000
        0.000000000E+000
        0.000000000E+000
        0.000000000E+000
        0.000000000E+000
        0.000000000E+000
        0.000000000E+000
        0.000000000E+000
        0.000000000E+000
        0.000000000E+000
        0.000000000E+000
        0.000000000E+000
        0.000000000E+000
        0.000000000E+000
        0.000000000E+000
        0.000000000E+000
        0.000000000E+000
        0.000000000E+000
        0.000000000E+000
        0.000000000E+000
        0.000000000E+000
        0.000000000E+000
        0.000000000E+000
        0.000000000E+000
        0.000000000E+000
        0.000000000E+000
        0.000000000E+000
        0.000000000E+000
        0.000000000E+000
        0.000000000E+000
        0.000000000E+000
        0.000000000E+000
        0.000000000E+000
        0.000000000E+000
        0.000000000E+000
        0.000000000E+000
        0.000000000E+000
        0.000000000E+000
        0.000000000E+000
        0.000000000E+000
        0.000000000E+000
        0.000000000E+000
        0.000000000E+000
        0.000000000E+000
        0.000000000E+000
        0.000000000E+000
        0.000000000E+000
        0.000000000E+000
        0.000000000E+000
        0.000000000E+000
        0.000000000E+000
        0.000000000E+000
        0.000000000E+000
        0.000000000E+000
        0.000000000E+000
        0.000000000E+000
        0.000000000E+000
        0.000000000E+000
        0.000000000E+000
        0.000000000E+000
        0.000000000E+000
        0.000000000E+000
        0.000000000E+000
        0.000000000E+000
        0.000000000E+000
        0.000000000E+000
        0.000000000E+000
        0.000000000E+000
        0.000000000E+000
        0.000000000E+000
        0.000000000E+000
        0.000000000E+000
        0.000000000E+000
        0.000000000E+000
        0.000000000E+000
        0.000000000E+000
        0.000000000E+000
        0.000000000E+000
        0.000000000E+000
        0.000000000E+000
        0.000000000E+000
        0.000000000E+000
        0.000000000E+000
        0.000000000E+000
        0.000000000E+000
        0.000000000E+000
        0.000000000E+000
        0.000000000E+000
        0.000000000E+000
        0.000000000E+000
        0.000000000E+000
        0.000000000E+000
        0.000000000E+000
        0.000000000E+000
        0.000000000E+000
        0.000000000E+000
        0.000000000E+000
        0.000000000E+000
        0.000000000E+000
        0.000000000E+000
        0.000000000E+000
        0.000000000E+000
        0.000000000E+000
        0.000000000E+000
        0.000000000E+000
        0.000000000E+000
        0.000000000E+000
        0.000000000E+000
        0.000000000E+000
        0.000000000E+000
        0.000000000E+000
        0.000000000E+000
        0.000000000E+000
        0.000000000E+000
        0.000000000E+000
        0.000000000E+000
        0.000000000E+000
        0.000000000E+000
        0.000000000E+000
        0.000000000E+000
        0.000000000E+000
        0.000000000E+000
        0.000000000E+000
        0.000000000E+000
        0.000000000E+000
        0.000000000E+000
        0.000000000E+000
        0.000000000E+000
        0.000000000E+000
        0.000000000E+000
        0.000000000E+000
        0.000000000E+000
        0.000000000E+000
        0.000000000E+000
        0.000000000E+000
        0.000000000E+000
        0.000000000E+000
        0.000000000E+000
        0.000000000E+000
        0.000000000E+000
        0.000000000E+000
        0.000000000E+000
        0.000000000E+000
        0.000000000E+000
        0.000000000E+000
        0.000000000E+000
        0.000000000E+000
        0.000000000E+000
        0.000000000E+000
        0.000000000E+000
        0.000000000E+000
        0.000000000E+000
        0.000000000E+000
        0.000000000E+000
        0.000000000E+000
        0.000000000E+000
        0.000000000E+000
        0.000000000E+000
        0.000000000E+000
        0.000000000E+000
        0.000000000E+000
        0.000000000E+000
        0.000000000E+000
        0.000000000E+000
        0.000000000E+000
        0.000000000E+000
        0.000000000E+000
        0.000000000E+000
        0.000000000E+000
        0.000000000E+000
        0.000000000E+000
        0.000000000E+000
        0.000000000E+000
        0.000000000E+000
        0.000000000E+000
        0.000000000E+000
        0.000000000E+000
        0.000000000E+000
        0.000000000E+000
        0.000000000E+000
        0.000000000E+000
        0.000000000E+000
        0.000000000E+000
        0.000000000E+000
        0.000000000E+000
        0.000000000E+000
        0.000000000E+000
        0.000000000E+000
        0.000000000E+000
        0.000000000E+000
        0.000000000E+000
        0.000000000E+000
 SCALARS VOLTAGE[V] double 1
 LOOKUP_TABLE default
        0.000000000E+000
        0.000000000E+000
        0.000000000E+000
        0.000000000E+000
        0.000000000E+000
        0.000000000E+000
        0.000000000E+000
        0.000000000E+000
        0.000000000E+000
        0.000000000E+000
        0.000000000E+000
        0.000000000E+000
        0.000000000E+000
        0.000000000E+000
        0.000000000E+000
        0.000000000E+000
        0.000000000E+000
        0.000000000E+000
        0.000000000E+000
        0.000000000E+000
        0.000000000E+000
        0.000000000E+000
        0.000000000E+000
        0.000000000E+000
        0.000000000E+000
        0.000000000E+000
        0.000000000E+000
        0.000000000E+000
        0.000000000E+000
        0.000000000E+000
        0.000000000E+000
        0.000000000E+000
        0.000000000E+000
        0.000000000E+000
        0.000000000E+000
        0.000000000E+000
        0.000000000E+000
        0.000000000E+000
        0.000000000E+000
        0.000000000E+000
        0.000000000E+000
        0.000000000E+000
        0.000000000E+000
        0.000000000E+000
        0.000000000E+000
        0.000000000E+000
        0.000000000E+000
        0.000000000E+000
        0.000000000E+000
        0.000000000E+000
        0.000000000E+000
        0.000000000E+000
        0.000000000E+000
        0.000000000E+000
        0.000000000E+000
        0.000000000E+000
        0.000000000E+000
        0.000000000E+000
        0.000000000E+000
        0.000000000E+000
        0.000000000E+000
        0.000000000E+000
        0.000000000E+000
        0.000000000E+000
        0.000000000E+000
        0.000000000E+000
        0.000000000E+000
        0.000000000E+000
        0.000000000E+000
        0.000000000E+000
        0.000000000E+000
        0.000000000E+000
        0.000000000E+000
        0.000000000E+000
        0.000000000E+000
        0.000000000E+000
        0.000000000E+000
        0.000000000E+000
        0.000000000E+000
        0.000000000E+000
        0.000000000E+000
        0.000000000E+000
        0.000000000E+000
        0.000000000E+000
        0.000000000E+000
        0.000000000E+000
        0.000000000E+000
        0.000000000E+000
        0.000000000E+000
        0.000000000E+000
        0.000000000E+000
        0.000000000E+000
        0.000000000E+000
        0.000000000E+000
        0.000000000E+000
        0.000000000E+000
        0.000000000E+000
        0.000000000E+000
        0.000000000E+000
        0.000000000E+000
        0.000000000E+000
        0.000000000E+000
        0.000000000E+000
        0.000000000E+000
        0.000000000E+000
        0.000000000E+000
        0.000000000E+000
        0.000000000E+000
        0.000000000E+000
        0.000000000E+000
        0.000000000E+000
        0.000000000E+000
        0.000000000E+000
        0.000000000E+000
        0.000000000E+000
        0.000000000E+000
        0.000000000E+000
        0.000000000E+000
        0.000000000E+000
        0.000000000E+000
        0.000000000E+000
        0.000000000E+000
        0.000000000E+000
        0.000000000E+000
        0.000000000E+000
        0.000000000E+000
        0.000000000E+000
        0.000000000E+000
        0.000000000E+000
        0.000000000E+000
        0.000000000E+000
        0.000000000E+000
        0.000000000E+000
        0.000000000E+000
        0.000000000E+000
        0.000000000E+000
        0.000000000E+000
        0.000000000E+000
        0.000000000E+000
        0.000000000E+000
        0.000000000E+000
        0.000000000E+000
        0.000000000E+000
        0.000000000E+000
        0.000000000E+000
        0.000000000E+000
        0.000000000E+000
        0.000000000E+000
        0.000000000E+000
        0.000000000E+000
        0.000000000E+000
        0.000000000E+000
        0.000000000E+000
        0.000000000E+000
        0.000000000E+000
        0.000000000E+000
        0.000000000E+000
        0.000000000E+000
        0.000000000E+000
        0.000000000E+000
        0.000000000E+000
        0.000000000E+000
        0.000000000E+000
        0.000000000E+000
        0.000000000E+000
        0.000000000E+000
        0.000000000E+000
        0.000000000E+000
        0.000000000E+000
        0.000000000E+000
        0.000000000E+000
        0.000000000E+000
        0.000000000E+000
        0.000000000E+000
        0.000000000E+000
        0.000000000E+000
        0.000000000E+000
        0.000000000E+000
        0.000000000E+000
        0.000000000E+000
        0.000000000E+000
        0.000000000E+000
        0.000000000E+000
        0.000000000E+000
        0.000000000E+000
        0.000000000E+000
        0.000000000E+000
        0.000000000E+000
        0.000000000E+000
        0.000000000E+000
        0.000000000E+000
        0.000000000E+000
        0.000000000E+000
        0.000000000E+000
        0.000000000E+000
        0.000000000E+000
        0.000000000E+000
        0.000000000E+000
        0.000000000E+000
        0.000000000E+000
        0.000000000E+000
        0.000000000E+000
        0.000000000E+000
        0.000000000E+000
        0.000000000E+000
        0.000000000E+000
        0.000000000E+000
        0.000000000E+000
        0.000000000E+000
        0.000000000E+000
        0.000000000E+000
        0.000000000E+000
        0.000000000E+000
        0.000000000E+000
        0.000000000E+000
        0.000000000E+000
 SCALARS EX double 1
 LOOKUP_TABLE default
        0.000000000E+000
        0.000000000E+000
        0.000000000E+000
        0.000000000E+000
        0.000000000E+000
        0.000000000E+000
        0.000000000E+000
        0.000000000E+000
        0.000000000E+000
        0.000000000E+000
        0.000000000E+000
        0.000000000E+000
        0.000000000E+000
        0.000000000E+000
        0.000000000E+000
        0.000000000E+000
        0.000000000E+000
        0.000000000E+000
        0.000000000E+000
        0.000000000E+000
        0.000000000E+000
        0.000000000E+000
        0.000000000E+000
        0.000000000E+000
        0.000000000E+000
        0.000000000E+000
        0.000000000E+000
        0.000000000E+000
        0.000000000E+000
        0.000000000E+000
        0.000000000E+000
        0.000000000E+000
        0.000000000E+000
        0.000000000E+000
        0.000000000E+000
        0.000000000E+000
        0.000000000E+000
        0.000000000E+000
        0.000000000E+000
        0.000000000E+000
        0.000000000E+000
        0.000000000E+000
        0.000000000E+000
        0.000000000E+000
        0.000000000E+000
        0.000000000E+000
        0.000000000E+000
        0.000000000E+000
        0.000000000E+000
        0.000000000E+000
        0.000000000E+000
        0.000000000E+000
        0.000000000E+000
        0.000000000E+000
        0.000000000E+000
        0.000000000E+000
        0.000000000E+000
        0.000000000E+000
        0.000000000E+000
        0.000000000E+000
        0.000000000E+000
        0.000000000E+000
        0.000000000E+000
        0.000000000E+000
        0.000000000E+000
        0.000000000E+000
        0.000000000E+000
        0.000000000E+000
        0.000000000E+000
        0.000000000E+000
        0.000000000E+000
        0.000000000E+000
        0.000000000E+000
        0.000000000E+000
        0.000000000E+000
        0.000000000E+000
        0.000000000E+000
        0.000000000E+000
        0.000000000E+000
        0.000000000E+000
        0.000000000E+000
        0.000000000E+000
        0.000000000E+000
        0.000000000E+000
        0.000000000E+000
        0.000000000E+000
        0.000000000E+000
        0.000000000E+000
        0.000000000E+000
        0.000000000E+000
        0.000000000E+000
        0.000000000E+000
        0.000000000E+000
        0.000000000E+000
        0.000000000E+000
        0.000000000E+000
        0.000000000E+000
        0.000000000E+000
        0.000000000E+000
        0.000000000E+000
        0.000000000E+000
        0.000000000E+000
        0.000000000E+000
        0.000000000E+000
        0.000000000E+000
        0.000000000E+000
        0.000000000E+000
        0.000000000E+000
        0.000000000E+000
        0.000000000E+000
        0.000000000E+000
        0.000000000E+000
        0.000000000E+000
        0.000000000E+000
        0.000000000E+000
        0.000000000E+000
        0.000000000E+000
        0.000000000E+000
        0.000000000E+000
        0.000000000E+000
        0.000000000E+000
        0.000000000E+000
        0.000000000E+000
        0.000000000E+000
        0.000000000E+000
        0.000000000E+000
        0.000000000E+000
        0.000000000E+000
        0.000000000E+000
        0.000000000E+000
        0.000000000E+000
        0.000000000E+000
        0.000000000E+000
        0.000000000E+000
        0.000000000E+000
        0.000000000E+000
        0.000000000E+000
        0.000000000E+000
        0.000000000E+000
        0.000000000E+000
        0.000000000E+000
        0.000000000E+000
        0.000000000E+000
        0.000000000E+000
        0.000000000E+000
        0.000000000E+000
        0.000000000E+000
        0.000000000E+000
        0.000000000E+000
        0.000000000E+000
        0.000000000E+000
        0.000000000E+000
        0.000000000E+000
        0.000000000E+000
        0.000000000E+000
        0.000000000E+000
        0.000000000E+000
        0.000000000E+000
        0.000000000E+000
        0.000000000E+000
        0.000000000E+000
        0.000000000E+000
        0.000000000E+000
        0.000000000E+000
        0.000000000E+000
        0.000000000E+000
        0.000000000E+000
        0.000000000E+000
        0.000000000E+000
        0.000000000E+000
        0.000000000E+000
        0.000000000E+000
        0.000000000E+000
        0.000000000E+000
        0.000000000E+000
        0.000000000E+000
        0.000000000E+000
        0.000000000E+000
        0.000000000E+000
        0.000000000E+000
        0.000000000E+000
        0.000000000E+000
        0.000000000E+000
        0.000000000E+000
        0.000000000E+000
        0.000000000E+000
        0.000000000E+000
        0.000000000E+000
        0.000000000E+000
        0.000000000E+000
        0.000000000E+000
        0.000000000E+000
        0.000000000E+000
        0.000000000E+000
        0.000000000E+000
        0.000000000E+000
        0.000000000E+000
        0.000000000E+000
        0.000000000E+000
        0.000000000E+000
        0.000000000E+000
        0.000000000E+000
        0.000000000E+000
        0.000000000E+000
        0.000000000E+000
        0.000000000E+000
        0.000000000E+000
        0.000000000E+000
        0.000000000E+000
        0.000000000E+000
        0.000000000E+000
        0.000000000E+000
        0.000000000E+000
        0.000000000E+000
        0.000000000E+000
        0.000000000E+000
 SCALARS EY double 1
 LOOKUP_TABLE default
        0.000000000E+000
        0.000000000E+000
        0.000000000E+000
        0.000000000E+000
        0.000000000E+000
        0.000000000E+000
        0.000000000E+000
        0.000000000E+000
        0.000000000E+000
        0.000000000E+000
        0.000000000E+000
        0.000000000E+000
        0.000000000E+000
        0.000000000E+000
        0.000000000E+000
        0.000000000E+000
        0.000000000E+000
        0.000000000E+000
        0.000000000E+000
        0.000000000E+000
        0.000000000E+000
        0.000000000E+000
        0.000000000E+000
        0.000000000E+000
        0.000000000E+000
        0.000000000E+000
        0.000000000E+000
        0.000000000E+000
        0.000000000E+000
        0.000000000E+000
        0.000000000E+000
        0.000000000E+000
        0.000000000E+000
        0.000000000E+000
        0.000000000E+000
        0.000000000E+000
        0.000000000E+000
        0.000000000E+000
        0.000000000E+000
        0.000000000E+000
        0.000000000E+000
        0.000000000E+000
        0.000000000E+000
        0.000000000E+000
        0.000000000E+000
        0.000000000E+000
        0.000000000E+000
        0.000000000E+000
        0.000000000E+000
        0.000000000E+000
        0.000000000E+000
        0.000000000E+000
        0.000000000E+000
        0.000000000E+000
        0.000000000E+000
        0.000000000E+000
        0.000000000E+000
        0.000000000E+000
        0.000000000E+000
        0.000000000E+000
        0.000000000E+000
        0.000000000E+000
        0.000000000E+000
        0.000000000E+000
        0.000000000E+000
        0.000000000E+000
        0.000000000E+000
        0.000000000E+000
        0.000000000E+000
        0.000000000E+000
        0.000000000E+000
        0.000000000E+000
        0.000000000E+000
        0.000000000E+000
        0.000000000E+000
        0.000000000E+000
        0.000000000E+000
        0.000000000E+000
        0.000000000E+000
        0.000000000E+000
        0.000000000E+000
        0.000000000E+000
        0.000000000E+000
        0.000000000E+000
        0.000000000E+000
        0.000000000E+000
        0.000000000E+000
        0.000000000E+000
        0.000000000E+000
        0.000000000E+000
        0.000000000E+000
        0.000000000E+000
        0.000000000E+000
        0.000000000E+000
        0.000000000E+000
        0.000000000E+000
        0.000000000E+000
        0.000000000E+000
        0.000000000E+000
        0.000000000E+000
        0.000000000E+000
        0.000000000E+000
        0.000000000E+000
        0.000000000E+000
        0.000000000E+000
        0.000000000E+000
        0.000000000E+000
        0.000000000E+000
        0.000000000E+000
        0.000000000E+000
        0.000000000E+000
        0.000000000E+000
        0.000000000E+000
        0.000000000E+000
        0.000000000E+000
        0.000000000E+000
        0.000000000E+000
        0.000000000E+000
        0.000000000E+000
        0.000000000E+000
        0.000000000E+000
        0.000000000E+000
        0.000000000E+000
        0.000000000E+000
        0.000000000E+000
        0.000000000E+000
        0.000000000E+000
        0.000000000E+000
        0.000000000E+000
        0.000000000E+000
        0.000000000E+000
        0.000000000E+000
        0.000000000E+000
        0.000000000E+000
        0.000000000E+000
        0.000000000E+000
        0.000000000E+000
        0.000000000E+000
        0.000000000E+000
        0.000000000E+000
        0.000000000E+000
        0.000000000E+000
        0.000000000E+000
        0.000000000E+000
        0.000000000E+000
        0.000000000E+000
        0.000000000E+000
        0.000000000E+000
        0.000000000E+000
        0.000000000E+000
        0.000000000E+000
        0.000000000E+000
        0.000000000E+000
        0.000000000E+000
        0.000000000E+000
        0.000000000E+000
        0.000000000E+000
        0.000000000E+000
        0.000000000E+000
        0.000000000E+000
        0.000000000E+000
        0.000000000E+000
        0.000000000E+000
        0.000000000E+000
        0.000000000E+000
        0.000000000E+000
        0.000000000E+000
        0.000000000E+000
        0.000000000E+000
        0.000000000E+000
        0.000000000E+000
        0.000000000E+000
        0.000000000E+000
        0.000000000E+000
        0.000000000E+000
        0.000000000E+000
        0.000000000E+000
        0.000000000E+000
        0.000000000E+000
        0.000000000E+000
        0.000000000E+000
        0.000000000E+000
        0.000000000E+000
        0.000000000E+000
        0.000000000E+000
        0.000000000E+000
        0.000000000E+000
        0.000000000E+000
        0.000000000E+000
        0.000000000E+000
        0.000000000E+000
        0.000000000E+000
        0.000000000E+000
        0.000000000E+000
        0.000000000E+000
        0.000000000E+000
        0.000000000E+000
        0.000000000E+000
        0.000000000E+000
        0.000000000E+000
        0.000000000E+000
        0.000000000E+000
        0.000000000E+000
        0.000000000E+000
        0.000000000E+000
        0.000000000E+000
        0.000000000E+000
        0.000000000E+000
        0.000000000E+000
        0.000000000E+000
        0.000000000E+000
        0.000000000E+000
        0.000000000E+000
        0.000000000E+000
        0.000000000E+000
        0.000000000E+000
 SCALARS EZ double 1
 LOOKUP_TABLE default
        0.000000000E+000
        0.000000000E+000
        0.000000000E+000
        0.000000000E+000
        0.000000000E+000
        0.000000000E+000
        0.000000000E+000
        0.000000000E+000
        0.000000000E+000
        0.000000000E+000
        0.000000000E+000
        0.000000000E+000
        0.000000000E+000
        0.000000000E+000
        0.000000000E+000
        0.000000000E+000
        0.000000000E+000
        0.000000000E+000
        0.000000000E+000
        0.000000000E+000
        0.000000000E+000
        0.000000000E+000
        0.000000000E+000
        0.000000000E+000
        0.000000000E+000
        0.000000000E+000
        0.000000000E+000
        0.000000000E+000
        0.000000000E+000
        0.000000000E+000
        0.000000000E+000
        0.000000000E+000
        0.000000000E+000
        0.000000000E+000
        0.000000000E+000
        0.000000000E+000
        0.000000000E+000
        0.000000000E+000
        0.000000000E+000
        0.000000000E+000
        0.000000000E+000
        0.000000000E+000
        0.000000000E+000
        0.000000000E+000
        0.000000000E+000
        0.000000000E+000
        0.000000000E+000
        0.000000000E+000
        0.000000000E+000
        0.000000000E+000
        0.000000000E+000
        0.000000000E+000
        0.000000000E+000
        0.000000000E+000
        0.000000000E+000
        0.000000000E+000
        0.000000000E+000
        0.000000000E+000
        0.000000000E+000
        0.000000000E+000
        0.000000000E+000
        0.000000000E+000
        0.000000000E+000
        0.000000000E+000
        0.000000000E+000
        0.000000000E+000
        0.000000000E+000
        0.000000000E+000
        0.000000000E+000
        0.000000000E+000
        0.000000000E+000
        0.000000000E+000
        0.000000000E+000
        0.000000000E+000
        0.000000000E+000
        0.000000000E+000
        0.000000000E+000
        0.000000000E+000
        0.000000000E+000
        0.000000000E+000
        0.000000000E+000
        0.000000000E+000
        0.000000000E+000
        0.000000000E+000
        0.000000000E+000
        0.000000000E+000
        0.000000000E+000
        0.000000000E+000
        0.000000000E+000
        0.000000000E+000
        0.000000000E+000
        0.000000000E+000
        0.000000000E+000
        0.000000000E+000
        0.000000000E+000
        0.000000000E+000
        0.000000000E+000
        0.000000000E+000
        0.000000000E+000
        0.000000000E+000
        0.000000000E+000
        0.000000000E+000
        0.000000000E+000
        0.000000000E+000
        0.000000000E+000
        0.000000000E+000
        0.000000000E+000
        0.000000000E+000
        0.000000000E+000
        0.000000000E+000
        0.000000000E+000
        0.000000000E+000
        0.000000000E+000
        0.000000000E+000
        0.000000000E+000
        0.000000000E+000
        0.000000000E+000
        0.000000000E+000
        0.000000000E+000
        0.000000000E+000
        0.000000000E+000
        0.000000000E+000
        0.000000000E+000
        0.000000000E+000
        0.000000000E+000
        0.000000000E+000
        0.000000000E+000
        0.000000000E+000
        0.000000000E+000
        0.000000000E+000
        0.000000000E+000
        0.000000000E+000
        0.000000000E+000
        0.000000000E+000
        0.000000000E+000
        0.000000000E+000
        0.000000000E+000
        0.000000000E+000
        0.000000000E+000
        0.000000000E+000
        0.000000000E+000
        0.000000000E+000
        0.000000000E+000
        0.000000000E+000
        0.000000000E+000
        0.000000000E+000
        0.000000000E+000
        0.000000000E+000
        0.000000000E+000
        0.000000000E+000
        0.000000000E+000
        0.000000000E+000
        0.000000000E+000
        0.000000000E+000
        0.000000000E+000
        0.000000000E+000
        0.000000000E+000
        0.000000000E+000
        0.000000000E+000
        0.000000000E+000
        0.000000000E+000
        0.000000000E+000
        0.000000000E+000
        0.000000000E+000
        0.000000000E+000
        0.000000000E+000
        0.000000000E+000
        0.000000000E+000
        0.000000000E+000
        0.000000000E+000
        0.000000000E+000
        0.000000000E+000
        0.000000000E+000
        0.000000000E+000
        0.000000000E+000
        0.000000000E+000
        0.000000000E+000
        0.000000000E+000
        0.000000000E+000
        0.000000000E+000
        0.000000000E+000
        0.000000000E+000
        0.000000000E+000
        0.000000000E+000
        0.000000000E+000
        0.000000000E+000
        0.000000000E+000
        0.000000000E+000
        0.000000000E+000
        0.000000000E+000
        0.000000000E+000
        0.000000000E+000
        0.000000000E+000
        0.000000000E+000
        0.000000000E+000
        0.000000000E+000
        0.000000000E+000
        0.000000000E+000
        0.000000000E+000
        0.000000000E+000
        0.000000000E+000
        0.000000000E+000
        0.000000000E+000
        0.000000000E+000
        0.000000000E+000
        0.000000000E+000
        0.000000000E+000
        0.000000000E+000
        0.000000000E+000
        0.000000000E+000
        0.000000000E+000
        0.000000000E+000
        0.000000000E+000
        0.000000000E+000
        0.000000000E+000
        0.000000000E+000
 SCALARS Elem.Dimension double 1
 LOOKUP_TABLE default
        1.000000000E+000
        1.000000000E+000
        1.000000000E+000
        1.000000000E+000
        1.000000000E+000
        1.000000000E+000
        1.000000000E+000
        1.000000000E+000
        1.000000000E+000
        1.000000000E+000
        1.000000000E+000
        1.000000000E+000
        1.000000000E+000
        1.000000000E+000
        1.000000000E+000
        1.000000000E+000
        1.000000000E+000
        1.000000000E+000
        1.000000000E+000
        1.000000000E+000
        1.000000000E+000
        1.000000000E+000
        1.000000000E+000
        1.000000000E+000
        1.000000000E+000
        1.000000000E+000
        1.000000000E+000
        1.000000000E+000
        1.000000000E+000
        1.000000000E+000
        1.000000000E+000
        1.000000000E+000
        1.000000000E+000
        1.000000000E+000
        1.000000000E+000
        1.000000000E+000
        1.000000000E+000
        1.000000000E+000
        1.000000000E+000
        1.000000000E+000
        1.000000000E+000
        1.000000000E+000
        1.000000000E+000
        1.000000000E+000
        1.000000000E+000
        1.000000000E+000
        1.000000000E+000
        1.000000000E+000
        1.000000000E+000
        1.000000000E+000
        1.000000000E+000
        1.000000000E+000
        1.000000000E+000
        1.000000000E+000
        1.000000000E+000
        1.000000000E+000
        1.000000000E+000
        1.000000000E+000
        1.000000000E+000
        1.000000000E+000
        1.000000000E+000
        1.000000000E+000
        1.000000000E+000
        1.000000000E+000
        1.000000000E+000
        1.000000000E+000
        1.000000000E+000
        1.000000000E+000
        1.000000000E+000
        1.000000000E+000
        1.000000000E+000
        1.000000000E+000
        1.000000000E+000
        1.000000000E+000
        1.000000000E+000
        1.000000000E+000
        1.000000000E+000
        1.000000000E+000
        1.000000000E+000
        1.000000000E+000
        1.000000000E+000
        1.000000000E+000
        1.000000000E+000
        1.000000000E+000
        1.000000000E+000
        1.000000000E+000
        1.000000000E+000
        1.000000000E+000
        1.000000000E+000
        1.000000000E+000
        1.000000000E+000
        1.000000000E+000
        1.000000000E+000
        1.000000000E+000
        1.000000000E+000
        1.000000000E+000
        1.000000000E+000
        1.000000000E+000
        1.000000000E+000
        1.000000000E+000
        1.000000000E+000
        1.000000000E+000
        1.000000000E+000
        1.000000000E+000
        1.000000000E+000
        1.000000000E+000
        1.000000000E+000
        1.000000000E+000
        1.000000000E+000
        1.000000000E+000
        1.000000000E+000
        1.000000000E+000
        1.000000000E+000
        1.000000000E+000
        1.000000000E+000
        1.000000000E+000
        1.000000000E+000
        1.000000000E+000
        1.000000000E+000
        1.000000000E+000
        1.000000000E+000
        1.000000000E+000
        1.000000000E+000
        1.000000000E+000
        1.000000000E+000
        1.000000000E+000
        1.000000000E+000
        1.000000000E+000
        1.000000000E+000
        1.000000000E+000
        1.000000000E+000
        1.000000000E+000
        1.000000000E+000
        1.000000000E+000
        1.000000000E+000
        1.000000000E+000
        1.000000000E+000
        1.000000000E+000
        1.000000000E+000
        1.000000000E+000
        1.000000000E+000
        1.000000000E+000
        1.000000000E+000
        1.000000000E+000
        1.000000000E+000
        1.000000000E+000
        1.000000000E+000
        1.000000000E+000
        1.000000000E+000
        1.000000000E+000
        1.000000000E+000
        1.000000000E+000
        1.000000000E+000
        1.000000000E+000
        1.000000000E+000
        1.000000000E+000
        1.000000000E+000
        1.000000000E+000
        1.000000000E+000
        1.000000000E+000
        1.000000000E+000
        1.000000000E+000
        1.000000000E+000
        1.000000000E+000
        1.000000000E+000
        1.000000000E+000
        1.000000000E+000
        1.000000000E+000
        1.000000000E+000
        1.000000000E+000
        1.000000000E+000
        1.000000000E+000
        1.000000000E+000
        1.000000000E+000
        1.000000000E+000
        1.000000000E+000
        1.000000000E+000
        1.000000000E+000
        1.000000000E+000
        1.000000000E+000
        1.000000000E+000
        1.000000000E+000
        1.000000000E+000
        1.000000000E+000
        1.000000000E+000
        1.000000000E+000
        1.000000000E+000
        1.000000000E+000
        1.000000000E+000
        1.000000000E+000
        1.000000000E+000
        1.000000000E+000
        1.000000000E+000
        1.000000000E+000
        1.000000000E+000
        1.000000000E+000
        1.000000000E+000
        1.000000000E+000
        1.000000000E+000
        1.000000000E+000
        1.000000000E+000
        1.000000000E+000
        1.000000000E+000
        1.000000000E+000
        1.000000000E+000
        1.000000000E+000
        1.000000000E+000
        1.000000000E+000
        1.000000000E+000
        1.000000000E+000
        1.000000000E+000
        1.000000000E+000
        1.000000000E+000
        1.000000000E+000
        1.000000000E+000
        1.000000000E+000
 SCALARS ID_LAM double 1
 LOOKUP_TABLE default
        2.000000000E+000
        2.000000000E+000
        2.000000000E+000
        2.000000000E+000
        2.000000000E+000
        2.000000000E+000
        2.000000000E+000
        2.000000000E+000
        2.000000000E+000
        2.000000000E+000
        2.000000000E+000
        2.000000000E+000
        2.000000000E+000
        2.000000000E+000
        2.000000000E+000
        2.000000000E+000
        2.000000000E+000
        2.000000000E+000
        2.000000000E+000
        2.000000000E+000
        2.000000000E+000
        2.000000000E+000
        2.000000000E+000
        2.000000000E+000
        2.000000000E+000
        2.000000000E+000
        2.000000000E+000
        1.000000000E+000
        1.000000000E+000
        1.000000000E+000
        1.000000000E+000
        1.000000000E+000
        1.000000000E+000
        1.000000000E+000
        1.000000000E+000
        1.000000000E+000
        1.000000000E+000
        1.000000000E+000
        1.000000000E+000
        1.000000000E+000
        1.000000000E+000
        1.000000000E+000
        1.000000000E+000
        1.000000000E+000
        1.000000000E+000
        1.000000000E+000
        1.000000000E+000
        1.000000000E+000
        1.000000000E+000
        1.000000000E+000
        1.000000000E+000
        1.000000000E+000
        1.000000000E+000
        1.000000000E+000
        2.000000000E+000
        2.000000000E+000
        2.000000000E+000
        2.000000000E+000
        2.000000000E+000
        2.000000000E+000
        2.000000000E+000
        2.000000000E+000
        2.000000000E+000
        2.000000000E+000
        2.000000000E+000
        2.000000000E+000
        2.000000000E+000
        2.000000000E+000
        2.000000000E+000
        2.000000000E+000
        2.000000000E+000
        2.000000000E+000
        2.000000000E+000
        2.000000000E+000
        2.000000000E+000
        2.000000000E+000
        2.000000000E+000
        2.000000000E+000
        2.000000000E+000
        2.000000000E+000
        2.000000000E+000
        1.000000000E+000
        1.000000000E+000
        1.000000000E+000
        1.000000000E+000
        1.000000000E+000
        1.000000000E+000
        1.000000000E+000
        1.000000000E+000
        1.000000000E+000
        1.000000000E+000
        1.000000000E+000
        1.000000000E+000
        1.000000000E+000
        1.000000000E+000
        1.000000000E+000
        1.000000000E+000
        1.000000000E+000
        1.000000000E+000
        1.000000000E+000
        1.000000000E+000
        1.000000000E+000
        1.000000000E+000
        1.000000000E+000
        1.000000000E+000
        1.000000000E+000
        1.000000000E+000
        1.000000000E+000
        2.000000000E+000
        2.000000000E+000
        2.000000000E+000
        2.000000000E+000
        2.000000000E+000
        2.000000000E+000
        2.000000000E+000
        2.000000000E+000
        2.000000000E+000
        2.000000000E+000
        2.000000000E+000
        2.000000000E+000
        2.000000000E+000
        2.000000000E+000
        2.000000000E+000
        2.000000000E+000
        2.000000000E+000
        2.000000000E+000
        2.000000000E+000
        2.000000000E+000
        2.000000000E+000
        2.000000000E+000
        2.000000000E+000
        2.000000000E+000
        2.000000000E+000
        2.000000000E+000
        2.000000000E+000
        1.000000000E+000
        1.000000000E+000
        1.000000000E+000
        1.000000000E+000
        1.000000000E+000
        1.000000000E+000
        1.000000000E+000
        1.000000000E+000
        1.000000000E+000
        1.000000000E+000
        1.000000000E+000
        1.000000000E+000
        1.000000000E+000
        1.000000000E+000
        1.000000000E+000
        1.000000000E+000
        1.000000000E+000
        1.000000000E+000
        1.000000000E+000
        1.000000000E+000
        1.000000000E+000
        1.000000000E+000
        1.000000000E+000
        1.000000000E+000
        1.000000000E+000
        1.000000000E+000
        1.000000000E+000
        2.000000000E+000
        2.000000000E+000
        2.000000000E+000
        2.000000000E+000
        2.000000000E+000
        2.000000000E+000
        2.000000000E+000
        2.000000000E+000
        2.000000000E+000
        2.000000000E+000
        2.000000000E+000
        2.000000000E+000
        2.000000000E+000
        2.000000000E+000
        2.000000000E+000
        2.000000000E+000
        2.000000000E+000
        2.000000000E+000
        2.000000000E+000
        2.000000000E+000
        2.000000000E+000
        2.000000000E+000
        2.000000000E+000
        2.000000000E+000
        2.000000000E+000
        2.000000000E+000
        2.000000000E+000
        1.000000000E+000
        1.000000000E+000
        1.000000000E+000
        1.000000000E+000
        1.000000000E+000
        1.000000000E+000
        1.000000000E+000
        1.000000000E+000
        1.000000000E+000
        1.000000000E+000
        1.000000000E+000
        1.000000000E+000
        1.000000000E+000
        1.000000000E+000
        1.000000000E+000
        1.000000000E+000
        1.000000000E+000
        1.000000000E+000
        1.000000000E+000
        1.000000000E+000
        1.000000000E+000
        1.000000000E+000
        1.000000000E+000
        1.000000000E+000
        1.000000000E+000
        1.000000000E+000
        1.000000000E+000
 SCALARS ID_MAT double 1
 LOOKUP_TABLE default
        2.000000000E+000
        2.000000000E+000
        2.000000000E+000
        2.000000000E+000
        2.000000000E+000
        2.000000000E+000
        2.000000000E+000
        2.000000000E+000
        2.000000000E+000
        2.000000000E+000
        2.000000000E+000
        2.000000000E+000
        2.000000000E+000
        2.000000000E+000
        2.000000000E+000
        2.000000000E+000
        2.000000000E+000
        2.000000000E+000
        2.000000000E+000
        2.000000000E+000
        2.000000000E+000
        2.000000000E+000
        2.000000000E+000
        2.000000000E+000
        2.000000000E+000
        2.000000000E+000
        2.000000000E+000
        1.000000000E+000
        1.000000000E+000
        1.000000000E+000
        1.000000000E+000
        1.000000000E+000
        1.000000000E+000
        1.000000000E+000
        1.000000000E+000
        1.000000000E+000
        1.000000000E+000
        1.000000000E+000
        1.000000000E+000
        1.000000000E+000
        1.000000000E+000
        1.000000000E+000
        1.000000000E+000
        1.000000000E+000
        1.000000000E+000
        1.000000000E+000
        1.000000000E+000
        1.000000000E+000
        1.000000000E+000
        1.000000000E+000
        1.000000000E+000
        1.000000000E+000
        1.000000000E+000
        1.000000000E+000
        2.000000000E+000
        2.000000000E+000
        2.000000000E+000
        2.000000000E+000
        2.000000000E+000
        2.000000000E+000
        2.000000000E+000
        2.000000000E+000
        2.000000000E+000
        2.000000000E+000
        2.000000000E+000
        2.000000000E+000
        2.000000000E+000
        2.000000000E+000
        2.000000000E+000
        2.000000000E+000
        2.000000000E+000
        2.000000000E+000
        2.000000000E+000
        2.000000000E+000
        2.000000000E+000
        2.000000000E+000
        2.000000000E+000
        2.000000000E+000
        2.000000000E+000
        2.000000000E+000
        2.000000000E+000
        1.000000000E+000
        1.000000000E+000
        1.000000000E+000
        1.000000000E+000
        1.000000000E+000
        1.000000000E+000
        1.000000000E+000
        1.000000000E+000
        1.000000000E+000
        1.000000000E+000
        1.000000000E+000
        1.000000000E+000
        1.000000000E+000
        1.000000000E+000
        1.000000000E+000
        1.000000000E+000
        1.000000000E+000
        1.000000000E+000
        1.000000000E+000
        1.000000000E+000
        1.000000000E+000
        1.000000000E+000
        1.000000000E+000
        1.000000000E+000
        1.000000000E+000
        1.000000000E+000
        1.000000000E+000
        2.000000000E+000
        2.000000000E+000
        2.000000000E+000
        2.000000000E+000
        2.000000000E+000
        2.000000000E+000
        2.000000000E+000
        2.000000000E+000
        2.000000000E+000
        2.000000000E+000
        2.000000000E+000
        2.000000000E+000
        2.000000000E+000
        2.000000000E+000
        2.000000000E+000
        2.000000000E+000
        2.000000000E+000
        2.000000000E+000
        2.000000000E+000
        2.000000000E+000
        2.000000000E+000
        2.000000000E+000
        2.000000000E+000
        2.000000000E+000
        2.000000000E+000
        2.000000000E+000
        2.000000000E+000
        1.000000000E+000
        1.000000000E+000
        1.000000000E+000
        1.000000000E+000
        1.000000000E+000
        1.000000000E+000
        1.000000000E+000
        1.000000000E+000
        1.000000000E+000
        1.000000000E+000
        1.000000000E+000
        1.000000000E+000
        1.000000000E+000
        1.000000000E+000
        1.000000000E+000
        1.000000000E+000
        1.000000000E+000
        1.000000000E+000
        1.000000000E+000
        1.000000000E+000
        1.000000000E+000
        1.000000000E+000
        1.000000000E+000
        1.000000000E+000
        1.000000000E+000
        1.000000000E+000
        1.000000000E+000
        2.000000000E+000
        2.000000000E+000
        2.000000000E+000
        2.000000000E+000
        2.000000000E+000
        2.000000000E+000
        2.000000000E+000
        2.000000000E+000
        2.000000000E+000
        2.000000000E+000
        2.000000000E+000
        2.000000000E+000
        2.000000000E+000
        2.000000000E+000
        2.000000000E+000
        2.000000000E+000
        2.000000000E+000
        2.000000000E+000
        2.000000000E+000
        2.000000000E+000
        2.000000000E+000
        2.000000000E+000
        2.000000000E+000
        2.000000000E+000
        2.000000000E+000
        2.000000000E+000
        2.000000000E+000
        1.000000000E+000
        1.000000000E+000
        1.000000000E+000
        1.000000000E+000
        1.000000000E+000
        1.000000000E+000
        1.000000000E+000
        1.000000000E+000
        1.000000000E+000
        1.000000000E+000
        1.000000000E+000
        1.000000000E+000
        1.000000000E+000
        1.000000000E+000
        1.000000000E+000
        1.000000000E+000
        1.000000000E+000
        1.000000000E+000
        1.000000000E+000
        1.000000000E+000
        1.000000000E+000
        1.000000000E+000
        1.000000000E+000
        1.000000000E+000
        1.000000000E+000
        1.000000000E+000
        1.000000000E+000
 SCALARS DOF_SET double 1
 LOOKUP_TABLE default
        0.000000000E+000
        0.000000000E+000
        0.000000000E+000
        0.000000000E+000
        0.000000000E+000
        0.000000000E+000
        0.000000000E+000
        0.000000000E+000
        0.000000000E+000
        0.000000000E+000
        0.000000000E+000
        0.000000000E+000
        0.000000000E+000
        0.000000000E+000
        0.000000000E+000
        0.000000000E+000
        0.000000000E+000
        0.000000000E+000
        0.000000000E+000
        0.000000000E+000
        0.000000000E+000
        0.000000000E+000
        0.000000000E+000
        0.000000000E+000
        0.000000000E+000
        0.000000000E+000
        0.000000000E+000
        0.000000000E+000
        0.000000000E+000
        0.000000000E+000
        0.000000000E+000
        0.000000000E+000
        0.000000000E+000
        0.000000000E+000
        0.000000000E+000
        0.000000000E+000
        0.000000000E+000
        0.000000000E+000
        0.000000000E+000
        0.000000000E+000
        0.000000000E+000
        0.000000000E+000
        0.000000000E+000
        0.000000000E+000
        0.000000000E+000
        0.000000000E+000
        0.000000000E+000
        0.000000000E+000
        0.000000000E+000
        0.000000000E+000
        0.000000000E+000
        0.000000000E+000
        0.000000000E+000
        0.000000000E+000
        0.000000000E+000
        0.000000000E+000
        0.000000000E+000
        0.000000000E+000
        0.000000000E+000
        0.000000000E+000
        0.000000000E+000
        0.000000000E+000
        0.000000000E+000
        0.000000000E+000
        0.000000000E+000
        0.000000000E+000
        0.000000000E+000
        0.000000000E+000
        0.000000000E+000
        0.000000000E+000
        0.000000000E+000
        0.000000000E+000
        0.000000000E+000
        0.000000000E+000
        0.000000000E+000
        0.000000000E+000
        0.000000000E+000
        0.000000000E+000
        0.000000000E+000
        0.000000000E+000
        0.000000000E+000
        0.000000000E+000
        0.000000000E+000
        0.000000000E+000
        0.000000000E+000
        0.000000000E+000
        0.000000000E+000
        0.000000000E+000
        0.000000000E+000
        0.000000000E+000
        0.000000000E+000
        0.000000000E+000
        0.000000000E+000
        0.000000000E+000
        0.000000000E+000
        0.000000000E+000
        0.000000000E+000
        0.000000000E+000
        0.000000000E+000
        0.000000000E+000
        0.000000000E+000
        0.000000000E+000
        0.000000000E+000
        0.000000000E+000
        0.000000000E+000
        0.000000000E+000
        0.000000000E+000
        0.000000000E+000
        0.000000000E+000
        0.000000000E+000
        0.000000000E+000
        0.000000000E+000
        0.000000000E+000
        0.000000000E+000
        0.000000000E+000
        0.000000000E+000
        0.000000000E+000
        0.000000000E+000
        0.000000000E+000
        0.000000000E+000
        0.000000000E+000
        0.000000000E+000
        0.000000000E+000
        0.000000000E+000
        0.000000000E+000
        0.000000000E+000
        0.000000000E+000
        0.000000000E+000
        0.000000000E+000
        0.000000000E+000
        0.000000000E+000
        0.000000000E+000
        0.000000000E+000
        0.000000000E+000
        0.000000000E+000
        0.000000000E+000
        0.000000000E+000
        0.000000000E+000
        0.000000000E+000
        0.000000000E+000
        0.000000000E+000
        0.000000000E+000
        0.000000000E+000
        0.000000000E+000
        0.000000000E+000
        0.000000000E+000
        0.000000000E+000
        0.000000000E+000
        0.000000000E+000
        0.000000000E+000
        0.000000000E+000
        0.000000000E+000
        0.000000000E+000
        0.000000000E+000
        0.000000000E+000
        0.000000000E+000
        0.000000000E+000
        0.000000000E+000
        0.000000000E+000
        0.000000000E+000
        0.000000000E+000
        0.000000000E+000
        0.000000000E+000
        0.000000000E+000
        0.000000000E+000
        0.000000000E+000
        0.000000000E+000
        0.000000000E+000
        0.000000000E+000
        0.000000000E+000
        0.000000000E+000
        0.000000000E+000
        0.000000000E+000
        0.000000000E+000
        0.000000000E+000
        0.000000000E+000
        0.000000000E+000
        0.000000000E+000
        0.000000000E+000
        0.000000000E+000
        0.000000000E+000
        0.000000000E+000
        0.000000000E+000
        0.000000000E+000
        0.000000000E+000
        0.000000000E+000
        0.000000000E+000
        0.000000000E+000
        0.000000000E+000
        0.000000000E+000
        0.000000000E+000
        0.000000000E+000
        0.000000000E+000
        0.000000000E+000
        0.000000000E+000
        0.000000000E+000
        0.000000000E+000
        0.000000000E+000
        0.000000000E+000
        0.000000000E+000
        0.000000000E+000
        0.000000000E+000
        0.000000000E+000
        0.000000000E+000
        0.000000000E+000
        0.000000000E+000
        0.000000000E+000
        0.000000000E+000
        0.000000000E+000
        0.000000000E+000
        0.000000000E+000
        0.000000000E+000
        0.000000000E+000
        0.000000000E+000
        0.000000000E+000
        0.000000000E+000
 SCALARS HYGRO double 1
 LOOKUP_TABLE default
        0.000000000E+000
        0.000000000E+000
        0.000000000E+000
        0.000000000E+000
        0.000000000E+000
        0.000000000E+000
        0.000000000E+000
        0.000000000E+000
        0.000000000E+000
        0.000000000E+000
        0.000000000E+000
        0.000000000E+000
        0.000000000E+000
        0.000000000E+000
        0.000000000E+000
        0.000000000E+000
        0.000000000E+000
        0.000000000E+000
        0.000000000E+000
        0.000000000E+000
        0.000000000E+000
        0.000000000E+000
        0.000000000E+000
        0.000000000E+000
        0.000000000E+000
        0.000000000E+000
        0.000000000E+000
        0.000000000E+000
        0.000000000E+000
        0.000000000E+000
        0.000000000E+000
        0.000000000E+000
        0.000000000E+000
        0.000000000E+000
        0.000000000E+000
        0.000000000E+000
        0.000000000E+000
        0.000000000E+000
        0.000000000E+000
        0.000000000E+000
        0.000000000E+000
        0.000000000E+000
        0.000000000E+000
        0.000000000E+000
        0.000000000E+000
        0.000000000E+000
        0.000000000E+000
        0.000000000E+000
        0.000000000E+000
        0.000000000E+000
        0.000000000E+000
        0.000000000E+000
        0.000000000E+000
        0.000000000E+000
        0.000000000E+000
        0.000000000E+000
        0.000000000E+000
        0.000000000E+000
        0.000000000E+000
        0.000000000E+000
        0.000000000E+000
        0.000000000E+000
        0.000000000E+000
        0.000000000E+000
        0.000000000E+000
        0.000000000E+000
        0.000000000E+000
        0.000000000E+000
        0.000000000E+000
        0.000000000E+000
        0.000000000E+000
        0.000000000E+000
        0.000000000E+000
        0.000000000E+000
        0.000000000E+000
        0.000000000E+000
        0.000000000E+000
        0.000000000E+000
        0.000000000E+000
        0.000000000E+000
        0.000000000E+000
        0.000000000E+000
        0.000000000E+000
        0.000000000E+000
        0.000000000E+000
        0.000000000E+000
        0.000000000E+000
        0.000000000E+000
        0.000000000E+000
        0.000000000E+000
        0.000000000E+000
        0.000000000E+000
        0.000000000E+000
        0.000000000E+000
        0.000000000E+000
        0.000000000E+000
        0.000000000E+000
        0.000000000E+000
        0.000000000E+000
        0.000000000E+000
        0.000000000E+000
        0.000000000E+000
        0.000000000E+000
        0.000000000E+000
        0.000000000E+000
        0.000000000E+000
        0.000000000E+000
        0.000000000E+000
        0.000000000E+000
        0.000000000E+000
        0.000000000E+000
        0.000000000E+000
        0.000000000E+000
        0.000000000E+000
        0.000000000E+000
        0.000000000E+000
        0.000000000E+000
        0.000000000E+000
        0.000000000E+000
        0.000000000E+000
        0.000000000E+000
        0.000000000E+000
        0.000000000E+000
        0.000000000E+000
        0.000000000E+000
        0.000000000E+000
        0.000000000E+000
        0.000000000E+000
        0.000000000E+000
        0.000000000E+000
        0.000000000E+000
        0.000000000E+000
        0.000000000E+000
        0.000000000E+000
        0.000000000E+000
        0.000000000E+000
        0.000000000E+000
        0.000000000E+000
        0.000000000E+000
        0.000000000E+000
        0.000000000E+000
        0.000000000E+000
        0.000000000E+000
        0.000000000E+000
        0.000000000E+000
        0.000000000E+000
        0.000000000E+000
        0.000000000E+000
        0.000000000E+000
        0.000000000E+000
        0.000000000E+000
        0.000000000E+000
        0.000000000E+000
        0.000000000E+000
        0.000000000E+000
        0.000000000E+000
        0.000000000E+000
        0.000000000E+000
        0.000000000E+000
        0.000000000E+000
        0.000000000E+000
        0.000000000E+000
        0.000000000E+000
        0.000000000E+000
        0.000000000E+000
        0.000000000E+000
        0.000000000E+000
        0.000000000E+000
        0.000000000E+000
        0.000000000E+000
        0.000000000E+000
        0.000000000E+000
        0.000000000E+000
        0.000000000E+000
        0.000000000E+000
        0.000000000E+000
        0.000000000E+000
        0.000000000E+000
        0.000000000E+000
        0.000000000E+000
        0.000000000E+000
        0.000000000E+000
        0.000000000E+000
        0.000000000E+000
        0.000000000E+000
        0.000000000E+000
        0.000000000E+000
        0.000000000E+000
        0.000000000E+000
        0.000000000E+000
        0.000000000E+000
        0.000000000E+000
        0.000000000E+000
        0.000000000E+000
        0.000000000E+000
        0.000000000E+000
        0.000000000E+000
        0.000000000E+000
        0.000000000E+000
        0.000000000E+000
        0.000000000E+000
        0.000000000E+000
        0.000000000E+000
        0.000000000E+000
        0.000000000E+000
        0.000000000E+000
        0.000000000E+000
        0.000000000E+000
        0.000000000E+000
        0.000000000E+000
        0.000000000E+000
        0.000000000E+000
        0.000000000E+000
        0.000000000E+000
        0.000000000E+000
        0.000000000E+000
